sales_id,order_id,date_id,customer_id,product_id,location_id,ship_mode,sales,quantity,discount,profit
1,CA-2016-152156,20161108,CG-12520,FUR-BO-10001798,LOC00001,Second Class,261.96,2,0.0,41.9136
2,CA-2016-152156,20161108,CG-12520,FUR-CH-10000454,LOC00001,Second Class,731.94,3,0.0,219.582
3,CA-2016-138688,20160612,DV-13045,OFF-LA-10000240,LOC00002,Second Class,14.62,2,0.0,6.8714
4,US-2015-108966,20151011,SO-20335,FUR-TA-10000577,LOC00003,Standard Class,957.5775,5,0.45,-383.031
5,US-2015-108966,20151011,SO-20335,OFF-ST-10000760,LOC00003,Standard Class,22.368,2,0.2,2.5164
6,CA-2014-115812,20140609,BH-11710,FUR-FU-10001487,LOC00004,Standard Class,48.86,7,0.0,14.1694
7,CA-2014-115812,20140609,BH-11710,OFF-AR-10002833,LOC00004,Standard Class,7.28,4,0.0,1.9656
8,CA-2014-115812,20140609,BH-11710,TEC-PH-10002275,LOC00004,Standard Class,907.152,6,0.2,90.7152
9,CA-2014-115812,20140609,BH-11710,OFF-BI-10003910,LOC00004,Standard Class,18.504,3,0.2,5.7825
10,CA-2014-115812,20140609,BH-11710,OFF-AP-10002892,LOC00004,Standard Class,114.9,5,0.0,34.47
11,CA-2014-115812,20140609,BH-11710,FUR-TA-10001539,LOC00004,Standard Class,1706.184,9,0.2,85.3092
12,CA-2014-115812,20140609,BH-11710,TEC-PH-10002033,LOC00004,Standard Class,911.424,4,0.2,68.3568
13,CA-2017-114412,20170415,AA-10480,OFF-PA-10002365,LOC00005,Standard Class,15.552,3,0.2,5.4432
14,CA-2016-161389,20161205,IM-15070,OFF-BI-10003656,LOC00006,Standard Class,407.976,3,0.2,132.5922
15,US-2015-118983,20151122,HP-14815,OFF-AP-10002311,LOC00007,Standard Class,68.81,5,0.8,-123.858
16,US-2015-118983,20151122,HP-14815,OFF-BI-10000756,LOC00007,Standard Class,2.544,3,0.8,-3.816
17,CA-2014-105893,20141111,PK-19075,OFF-ST-10004186,LOC00008,Standard Class,665.88,6,0.0,13.3176
18,CA-2014-167164,20140513,AG-10270,OFF-ST-10000107,LOC00009,Second Class,55.5,2,0.0,9.99
19,CA-2014-143336,20140827,ZD-21925,OFF-AR-10003056,LOC00010,Second Class,8.56,2,0.0,2.4824
20,CA-2014-143336,20140827,ZD-21925,TEC-PH-10001949,LOC00010,Second Class,213.48,3,0.2,16.011
21,CA-2014-143336,20140827,ZD-21925,OFF-BI-10002215,LOC00010,Second Class,22.72,4,0.2,7.384
22,CA-2016-137330,20161209,KB-16585,OFF-AR-10000246,LOC00011,Standard Class,19.46,7,0.0,5.0596
23,CA-2016-137330,20161209,KB-16585,OFF-AP-10001492,LOC00011,Standard Class,60.34,7,0.0,15.6884
24,US-2017-156909,20170716,SF-20065,FUR-CH-10002774,LOC00012,Second Class,71.372,2,0.3,-1.0196
25,CA-2015-106320,20150925,EB-13870,FUR-TA-10000577,LOC00013,Standard Class,1044.63,3,0.0,240.2649
26,CA-2016-121755,20160116,EH-13945,OFF-BI-10001634,LOC00014,Second Class,11.648,2,0.2,4.2224
27,CA-2016-121755,20160116,EH-13945,TEC-AC-10003027,LOC00014,Second Class,90.57,3,0.0,11.7741
28,US-2015-150630,20150917,TB-21520,FUR-BO-10004834,LOC00012,Standard Class,3083.43,7,0.5,-1665.0522
29,US-2015-150630,20150917,TB-21520,OFF-BI-10000474,LOC00012,Standard Class,9.618,2,0.7,-7.0532
30,US-2015-150630,20150917,TB-21520,FUR-FU-10004848,LOC00012,Standard Class,124.2,3,0.2,15.525
31,US-2015-150630,20150917,TB-21520,OFF-EN-10001509,LOC00012,Standard Class,3.264,2,0.2,1.1016
32,US-2015-150630,20150917,TB-21520,OFF-AR-10004042,LOC00012,Standard Class,86.304,6,0.2,9.7092
33,US-2015-150630,20150917,TB-21520,OFF-BI-10001525,LOC00012,Standard Class,6.858,6,0.7,-5.715
34,US-2015-150630,20150917,TB-21520,OFF-AR-10001683,LOC00012,Standard Class,15.76,2,0.2,3.546
35,CA-2017-107727,20171019,MA-17560,OFF-PA-10000249,LOC00015,Second Class,29.472,3,0.2,9.9468
36,CA-2016-117590,20161208,GH-14485,TEC-PH-10004977,LOC00016,First Class,1097.544,7,0.2,123.4737
37,CA-2016-117590,20161208,GH-14485,FUR-FU-10003664,LOC00016,First Class,190.92,5,0.6,-147.963
38,CA-2015-117415,20151227,SN-20710,OFF-EN-10002986,LOC00017,Standard Class,113.328,9,0.2,35.415
39,CA-2015-117415,20151227,SN-20710,FUR-BO-10002545,LOC00017,Standard Class,532.3992,3,0.32,-46.9764
40,CA-2015-117415,20151227,SN-20710,FUR-CH-10004218,LOC00017,Standard Class,212.058,3,0.3,-15.147
41,CA-2015-117415,20151227,SN-20710,TEC-PH-10000486,LOC00017,Standard Class,371.168,4,0.2,41.7564
42,CA-2017-120999,20170910,LC-16930,TEC-PH-10004093,LOC00018,Standard Class,147.168,4,0.2,16.5564
43,CA-2016-101343,20160717,RA-19885,OFF-ST-10003479,LOC00014,Standard Class,77.88,2,0.0,3.894
44,CA-2017-139619,20170919,ES-14080,OFF-ST-10003282,LOC00019,Standard Class,95.616,2,0.2,9.5616
45,CA-2016-118255,20160311,ON-18715,TEC-AC-10000171,LOC00020,First Class,45.98,2,0.0,19.7714
46,CA-2016-118255,20160311,ON-18715,OFF-BI-10003291,LOC00020,First Class,17.46,2,0.0,8.2062
47,CA-2014-146703,20141020,PO-18865,OFF-ST-10001713,LOC00021,Second Class,211.96,4,0.0,8.4784
48,CA-2016-169194,20160620,LH-16900,TEC-AC-10002167,LOC00022,Standard Class,45.0,3,0.0,4.95
49,CA-2016-169194,20160620,LH-16900,TEC-PH-10003988,LOC00022,Standard Class,21.8,2,0.0,6.104
50,CA-2015-115742,20150418,DP-13000,OFF-BI-10004410,LOC00023,Standard Class,38.22,6,0.0,17.9634
51,CA-2015-115742,20150418,DP-13000,OFF-LA-10002762,LOC00023,Standard Class,75.18,6,0.0,35.3346
52,CA-2015-115742,20150418,DP-13000,FUR-FU-10001706,LOC00023,Standard Class,6.16,2,0.0,2.9568
53,CA-2015-115742,20150418,DP-13000,FUR-CH-10003061,LOC00023,Standard Class,89.99,1,0.0,17.0981
54,CA-2016-105816,20161211,JM-15265,OFF-FA-10000304,LOC00024,Standard Class,15.26,7,0.0,6.2566
55,CA-2016-105816,20161211,JM-15265,TEC-PH-10002447,LOC00024,Standard Class,1029.95,5,0.0,298.6855
56,CA-2016-111682,20160617,TB-21055,OFF-ST-10000604,LOC00025,First Class,208.56,6,0.0,52.14
57,CA-2016-111682,20160617,TB-21055,OFF-PA-10001569,LOC00025,First Class,32.4,5,0.0,15.552
58,CA-2016-111682,20160617,TB-21055,FUR-CH-10003968,LOC00025,First Class,319.41,5,0.1,7.098
59,CA-2016-111682,20160617,TB-21055,OFF-PA-10000587,LOC00025,First Class,14.56,2,0.0,6.9888
60,CA-2016-111682,20160617,TB-21055,TEC-AC-10002167,LOC00025,First Class,30.0,2,0.0,3.3
61,CA-2016-111682,20160617,TB-21055,OFF-BI-10001460,LOC00025,First Class,48.48,4,0.2,16.362
62,CA-2016-111682,20160617,TB-21055,OFF-AR-10001868,LOC00025,First Class,1.68,1,0.0,0.84
63,CA-2015-135545,20151124,KM-16720,TEC-AC-10004633,LOC00026,Standard Class,13.98,2,0.0,6.1512
64,CA-2015-135545,20151124,KM-16720,OFF-BI-10001078,LOC00026,Standard Class,25.824,6,0.2,9.3612
65,CA-2015-135545,20151124,KM-16720,OFF-PA-10003892,LOC00026,Standard Class,146.73,3,0.0,68.9631
66,CA-2015-135545,20151124,KM-16720,FUR-FU-10000397,LOC00026,Standard Class,79.76,4,0.0,22.3328
67,US-2015-164175,20150430,PS-18970,FUR-CH-10001146,LOC00027,Standard Class,213.115,5,0.3,-15.2225
68,CA-2014-106376,20141205,BS-11590,OFF-AR-10002671,LOC00028,Standard Class,1113.024,8,0.2,111.3024
69,CA-2014-106376,20141205,BS-11590,TEC-PH-10002726,LOC00028,Standard Class,167.968,4,0.2,62.988
70,CA-2016-119823,20160604,KD-16270,OFF-PA-10000482,LOC00029,First Class,75.88,2,0.0,35.6636
71,CA-2016-106075,20160918,HM-14980,OFF-BI-10004654,LOC00030,Standard Class,4.616,1,0.2,1.731
72,CA-2017-114440,20170914,TB-21520,OFF-PA-10004675,LOC00031,Second Class,19.05,3,0.0,8.763
73,US-2015-134026,20150426,JE-15745,FUR-CH-10000513,LOC00032,Standard Class,831.936,8,0.2,-114.3912
74,US-2015-134026,20150426,JE-15745,FUR-FU-10003708,LOC00032,Standard Class,97.04,2,0.2,1.213
75,US-2015-134026,20150426,JE-15745,OFF-ST-10004123,LOC00032,Standard Class,72.784,1,0.2,-18.196
76,US-2017-118038,20171209,KB-16600,OFF-BI-10004182,LOC00017,First Class,1.248,3,0.8,-1.9344
77,US-2017-118038,20171209,KB-16600,FUR-FU-10000260,LOC00017,First Class,9.708,3,0.6,-5.8248
78,US-2017-118038,20171209,KB-16600,OFF-ST-10000615,LOC00017,First Class,27.24,3,0.2,2.724
79,US-2014-147606,20141126,JE-15745,FUR-FU-10003194,LOC00033,Second Class,19.3,5,0.6,-14.475
80,CA-2016-127208,20160612,SC-20770,OFF-AP-10002118,LOC00034,First Class,208.16,1,0.0,56.2032
81,CA-2016-127208,20160612,SC-20770,OFF-BI-10002309,LOC00034,First Class,16.74,3,0.0,8.0352
82,CA-2014-139451,20141012,DN-13690,OFF-AR-10002053,LOC00035,Standard Class,14.9,5,0.0,4.172
83,CA-2014-139451,20141012,DN-13690,OFF-ST-10002370,LOC00035,Standard Class,21.39,1,0.0,6.2031
84,CA-2015-149734,20150903,JC-16105,OFF-EN-10000927,LOC00036,Standard Class,200.984,7,0.2,62.8075
85,US-2017-119662,20171113,CS-12400,OFF-ST-10003656,LOC00037,First Class,230.376,3,0.2,-48.9549
86,CA-2017-140088,20170528,PO-18865,FUR-CH-10000863,LOC00038,Second Class,301.96,2,0.0,33.2156
87,CA-2017-155558,20171026,PG-18895,TEC-AC-10001998,LOC00039,Standard Class,19.99,1,0.0,6.7966
88,CA-2017-155558,20171026,PG-18895,OFF-LA-10000134,LOC00039,Standard Class,6.16,2,0.0,2.9568
89,CA-2016-159695,20160405,GM-14455,OFF-ST-10003442,LOC00015,Second Class,158.368,7,0.2,13.8572
90,CA-2016-109806,20160917,JS-15685,OFF-AR-10004930,LOC00002,Standard Class,20.1,3,0.0,6.633
91,CA-2016-109806,20160917,JS-15685,TEC-PH-10004093,LOC00002,Standard Class,73.584,2,0.2,8.2782
92,CA-2016-109806,20160917,JS-15685,OFF-PA-10000304,LOC00002,Standard Class,6.48,1,0.0,3.1104
93,CA-2015-149587,20150131,KB-16315,OFF-PA-10003177,LOC00040,Second Class,12.96,2,0.0,6.2208
94,CA-2015-149587,20150131,KB-16315,FUR-FU-10003799,LOC00040,Second Class,53.34,3,0.0,16.5354
95,CA-2015-149587,20150131,KB-16315,OFF-BI-10002852,LOC00040,Second Class,32.96,2,0.0,16.1504
96,US-2017-109484,20171106,RB-19705,OFF-BI-10004738,LOC00041,Standard Class,5.682,1,0.7,-3.788
97,CA-2017-161018,20171109,PN-18775,FUR-FU-10000629,LOC00030,Second Class,96.53,7,0.0,40.5426
98,CA-2017-157833,20170617,KD-16345,OFF-BI-10001721,LOC00035,First Class,51.312,3,0.2,17.9592
99,CA-2016-149223,20160906,ER-13855,OFF-AP-10000358,LOC00042,Standard Class,77.88,6,0.0,22.5852
100,CA-2016-158568,20160829,RB-19465,OFF-PA-10003256,LOC00027,Standard Class,64.624,7,0.2,22.6184
101,CA-2016-158568,20160829,RB-19465,TEC-AC-10001767,LOC00027,Standard Class,95.976,3,0.2,-10.7973
102,CA-2016-158568,20160829,RB-19465,OFF-BI-10002609,LOC00027,Standard Class,1.788,3,0.8,-3.0396
103,CA-2016-129903,20161201,GZ-14470,OFF-PA-10004040,LOC00039,Second Class,23.92,4,0.0,11.7208
104,US-2015-156867,20151113,LC-16870,TEC-AC-10001552,LOC00043,Standard Class,238.896,6,0.2,-26.8758
105,US-2015-156867,20151113,LC-16870,FUR-FU-10004006,LOC00043,Standard Class,102.36,3,0.2,-3.8385
106,US-2015-156867,20151113,LC-16870,OFF-BI-10002794,LOC00043,Standard Class,36.882,3,0.7,-25.8174
107,CA-2017-119004,20171123,JM-15250,TEC-AC-10003499,LOC00044,Standard Class,74.112,8,0.2,17.6016
108,CA-2017-119004,20171123,JM-15250,TEC-PH-10002844,LOC00044,Standard Class,27.992,1,0.2,2.0994
109,CA-2017-119004,20171123,JM-15250,OFF-AR-10000390,LOC00044,Standard Class,3.304,1,0.2,1.0738
110,CA-2015-129476,20151015,PA-19060,TEC-AC-10000844,LOC00045,Standard Class,339.96,5,0.2,67.992
111,CA-2017-146780,20171225,CV-12805,FUR-FU-10001934,LOC00046,Standard Class,41.96,2,0.0,10.9096
112,CA-2016-128867,20161103,CL-12565,OFF-AR-10000380,LOC00047,Standard Class,75.96,2,0.0,22.788
113,CA-2016-128867,20161103,CL-12565,OFF-BI-10003981,LOC00047,Standard Class,27.24,6,0.0,13.3476
114,CA-2014-115259,20140825,RC-19960,OFF-FA-10000621,LOC00048,Second Class,40.096,14,0.2,14.5348
115,CA-2014-115259,20140825,RC-19960,OFF-EN-10002600,LOC00048,Second Class,4.72,2,0.2,1.652
116,CA-2014-115259,20140825,RC-19960,OFF-PA-10004965,LOC00048,Second Class,23.976,3,0.2,7.4925
117,CA-2014-115259,20140825,RC-19960,OFF-EN-10002504,LOC00048,Second Class,130.464,6,0.2,44.0316
118,CA-2015-110457,20150302,DK-13090,FUR-TA-10001768,LOC00006,Standard Class,787.53,3,0.0,165.3813
119,US-2015-136476,20150405,GG-14650,OFF-BI-10003650,LOC00049,Standard Class,157.794,1,0.7,-115.7156
120,CA-2016-103730,20160612,SC-20725,FUR-FU-10002157,LOC00050,First Class,47.04,3,0.0,18.3456
121,CA-2016-103730,20160612,SC-20725,OFF-BI-10003910,LOC00050,First Class,30.84,4,0.0,13.878
122,CA-2016-103730,20160612,SC-20725,OFF-ST-10000777,LOC00050,First Class,226.56,6,0.0,63.4368
123,CA-2016-103730,20160612,SC-20725,OFF-EN-10002500,LOC00050,First Class,115.02,9,0.0,51.759
124,CA-2016-103730,20160612,SC-20725,TEC-PH-10003875,LOC00050,First Class,68.04,7,0.0,19.7316
125,US-2014-152030,20141226,AD-10180,FUR-CH-10004063,LOC00017,Second Class,600.558,3,0.3,-8.5794
126,US-2014-134614,20140920,PF-19165,FUR-TA-10004534,LOC00051,Standard Class,617.7,6,0.5,-407.682
127,US-2017-107272,20171105,TS-21610,OFF-BI-10003274,LOC00052,Standard Class,2.388,2,0.7,-1.8308
128,US-2017-107272,20171105,TS-21610,OFF-ST-10002974,LOC00052,Standard Class,243.992,7,0.2,30.499
129,US-2016-125969,20161106,LS-16975,FUR-CH-10001146,LOC00026,Second Class,81.424,2,0.2,-9.1602
130,US-2016-125969,20161106,LS-16975,FUR-FU-10003773,LOC00026,Second Class,238.56,3,0.0,26.2416
131,US-2017-164147,20170202,DW-13585,TEC-PH-10002293,LOC00048,First Class,59.97,5,0.4,-11.994
132,US-2017-164147,20170202,DW-13585,OFF-PA-10002377,LOC00048,First Class,78.304,2,0.2,29.364
133,US-2017-164147,20170202,DW-13585,OFF-FA-10002780,LOC00048,First Class,21.456,9,0.2,6.9732
134,CA-2016-145583,20161013,LC-16885,OFF-PA-10001804,LOC00053,Standard Class,20.04,3,0.0,9.6192
135,CA-2016-145583,20161013,LC-16885,OFF-PA-10001736,LOC00053,Standard Class,35.44,1,0.0,16.6568
136,CA-2016-145583,20161013,LC-16885,OFF-AR-10001149,LOC00053,Standard Class,11.52,4,0.0,3.456
137,CA-2016-145583,20161013,LC-16885,OFF-FA-10002988,LOC00053,Standard Class,4.02,2,0.0,1.9698
138,CA-2016-145583,20161013,LC-16885,OFF-BI-10004781,LOC00053,Standard Class,76.176,3,0.2,26.6616
139,CA-2016-145583,20161013,LC-16885,OFF-SU-10001218,LOC00053,Standard Class,65.88,6,0.0,18.4464
140,CA-2016-145583,20161013,LC-16885,FUR-FU-10001706,LOC00053,Standard Class,43.12,14,0.0,20.6976
141,CA-2016-110366,20160905,JD-15895,FUR-FU-10004848,LOC00012,Second Class,82.8,2,0.2,10.35
142,CA-2017-106180,20170918,SH-19975,OFF-AR-10000940,LOC00035,Standard Class,8.82,3,0.0,2.3814
143,CA-2017-106180,20170918,SH-19975,OFF-EN-10004030,LOC00035,Standard Class,10.86,3,0.0,5.1042
144,CA-2017-106180,20170918,SH-19975,OFF-PA-10004327,LOC00035,Standard Class,143.7,3,0.0,68.976
145,CA-2017-155376,20171222,SG-20080,OFF-AP-10001058,LOC00054,Standard Class,839.43,3,0.0,218.2518
146,CA-2015-110744,20150907,HA-14920,OFF-ST-10003656,LOC00055,Standard Class,671.93,7,0.0,20.1579
147,CA-2014-110072,20141022,MG-17680,FUR-FU-10000521,LOC00056,Standard Class,93.888,4,0.2,12.9096
148,CA-2016-114489,20161205,JE-16165,TEC-PH-10000215,LOC00057,Standard Class,384.45,11,0.0,103.8015
149,CA-2016-114489,20161205,JE-16165,TEC-PH-10001448,LOC00057,Standard Class,149.97,3,0.0,5.9988
150,CA-2016-114489,20161205,JE-16165,FUR-CH-10000454,LOC00057,Standard Class,1951.84,8,0.0,585.552
151,CA-2016-114489,20161205,JE-16165,OFF-BI-10002735,LOC00057,Standard Class,171.55,5,0.0,80.6285
152,CA-2016-158834,20160313,TW-21025,OFF-AP-10000326,LOC00058,First Class,157.92,5,0.2,17.766
153,CA-2016-158834,20160313,TW-21025,TEC-PH-10001254,LOC00058,First Class,203.184,2,0.2,15.2388
154,CA-2015-124919,20150531,SP-20650,OFF-PA-10001950,LOC00059,First Class,58.38,7,0.0,26.271
155,CA-2015-124919,20150531,SP-20650,OFF-PA-10002254,LOC00059,First Class,105.52,4,0.0,48.5392
156,CA-2015-124919,20150531,SP-20650,OFF-ST-10001590,LOC00059,First Class,80.88,6,0.0,21.0288
157,CA-2015-118948,20150528,NK-18490,OFF-AR-10001547,LOC00060,Standard Class,6.63,3,0.0,1.7901
158,CA-2014-104269,20140301,DB-13060,FUR-CH-10004063,LOC00061,Second Class,457.568,2,0.2,51.4764
159,CA-2016-114104,20161120,NP-18670,OFF-LA-10002475,LOC00062,Standard Class,14.62,2,0.0,6.8714
160,CA-2016-114104,20161120,NP-18670,TEC-PH-10004536,LOC00062,Standard Class,944.93,7,0.0,236.2325
161,CA-2016-162733,20160511,TT-21070,OFF-PA-10002751,LOC00063,First Class,5.98,1,0.0,2.691
162,CA-2015-119697,20151228,EM-13960,TEC-AC-10003657,LOC00064,Second Class,54.384,2,0.2,1.3596
163,CA-2016-154508,20161116,RD-19900,OFF-EN-10001990,LOC00065,Standard Class,28.4,5,0.0,13.348
164,CA-2016-113817,20161107,MJ-17740,OFF-BI-10004002,LOC00061,Standard Class,27.68,2,0.2,9.688
165,CA-2014-139892,20140908,BM-11140,OFF-AR-10004441,LOC00066,Standard Class,9.936,3,0.2,2.7324
166,CA-2014-139892,20140908,BM-11140,TEC-MA-10000822,LOC00066,Standard Class,8159.952,8,0.4,-1359.992
167,CA-2014-139892,20140908,BM-11140,OFF-ST-10000991,LOC00066,Standard Class,275.928,3,0.2,-58.6347
168,CA-2014-139892,20140908,BM-11140,FUR-CH-10004287,LOC00066,Standard Class,1740.06,9,0.3,-24.858
169,CA-2014-139892,20140908,BM-11140,OFF-AR-10002656,LOC00066,Standard Class,32.064,6,0.2,6.8136
170,CA-2014-139892,20140908,BM-11140,OFF-AP-10002518,LOC00066,Standard Class,177.98,5,0.8,-453.849
171,CA-2014-139892,20140908,BM-11140,TEC-PH-10003931,LOC00066,Standard Class,143.976,3,0.2,8.9985
172,CA-2014-118962,20140805,CS-12130,OFF-PA-10000659,LOC00026,Standard Class,20.94,3,0.0,9.8418
173,CA-2014-118962,20140805,CS-12130,OFF-PA-10001144,LOC00026,Standard Class,110.96,2,0.0,53.2608
174,CA-2014-118962,20140805,CS-12130,FUR-CH-10003817,LOC00026,Standard Class,340.144,7,0.2,21.259
175,US-2014-100853,20140914,JB-15400,OFF-AP-10000891,LOC00037,Standard Class,52.448,2,0.8,-131.12
176,US-2014-100853,20140914,JB-15400,OFF-LA-10003148,LOC00037,Standard Class,20.16,4,0.2,6.552
177,US-2017-152366,20170421,SJ-20500,OFF-AP-10002684,LOC00067,Second Class,97.264,4,0.8,-243.16
178,US-2015-101511,20151121,JE-15745,FUR-CH-10004698,LOC00056,Second Class,396.802,7,0.3,-11.3372
179,US-2015-101511,20151121,JE-15745,OFF-SU-10002189,LOC00056,Second Class,15.88,5,0.2,-3.7715
180,CA-2015-137225,20151215,JK-15640,OFF-AR-10001940,LOC00030,Standard Class,3.28,1,0.0,1.4104
181,CA-2014-166191,20141205,DK-13150,OFF-ST-10003455,LOC00068,Second Class,24.816,2,0.2,1.8612
182,CA-2014-166191,20141205,DK-13150,TEC-AC-10004659,LOC00068,Second Class,408.744,7,0.2,76.6395
183,CA-2014-158274,20141119,RM-19675,TEC-PH-10003273,LOC00069,Second Class,503.96,4,0.0,131.0296
184,CA-2014-158274,20141119,RM-19675,TEC-PH-10004896,LOC00069,Second Class,149.95,5,0.0,41.986
185,CA-2014-158274,20141119,RM-19675,TEC-AC-10002345,LOC00069,Second Class,29.0,2,0.0,7.25
186,CA-2016-105018,20161128,SK-19990,OFF-BI-10001890,LOC00070,Standard Class,7.16,2,0.0,3.4368
187,CA-2014-123260,20140826,FM-14290,TEC-AC-10002323,LOC00004,Standard Class,176.8,8,0.0,22.984
188,CA-2016-157000,20160716,AM-10360,OFF-ST-10001328,LOC00071,Standard Class,37.224,3,0.2,3.7224
189,CA-2016-157000,20160716,AM-10360,OFF-PA-10001950,LOC00071,Standard Class,20.016,3,0.2,6.255
190,CA-2015-102281,20151012,MP-17470,FUR-BO-10002613,LOC00046,First Class,899.136,4,0.2,112.392
191,CA-2015-102281,20151012,MP-17470,TEC-PH-10001552,LOC00046,First Class,71.76,6,0.0,20.0928
192,CA-2015-102281,20151012,MP-17470,OFF-PA-10000061,LOC00046,First Class,51.84,8,0.0,24.8832
193,CA-2015-102281,20151012,MP-17470,FUR-BO-10002545,LOC00046,First Class,626.352,3,0.2,46.9764
194,CA-2015-102281,20151012,MP-17470,OFF-AR-10003514,LOC00046,First Class,19.9,5,0.0,6.567
195,CA-2015-131457,20151031,MZ-17515,OFF-EN-10001509,LOC00072,Standard Class,14.28,7,0.0,6.7116
196,CA-2014-140004,20140321,CB-12025,OFF-AR-10004685,LOC00073,Standard Class,7.408,2,0.2,1.2038
197,CA-2014-140004,20140321,CB-12025,OFF-AR-10004027,LOC00073,Standard Class,6.048,3,0.2,1.5876
198,CA-2017-107720,20171106,VM-21685,OFF-ST-10001414,LOC00074,Standard Class,46.26,3,0.0,12.0276
199,US-2017-124303,20170706,FH-14365,OFF-BI-10000343,LOC00075,Standard Class,2.946,2,0.7,-2.2586
200,US-2017-124303,20170706,FH-14365,OFF-PA-10002749,LOC00075,Standard Class,16.056,3,0.2,5.8203
201,CA-2017-105074,20170624,MB-17305,OFF-PA-10002666,LOC00076,Standard Class,21.744,3,0.2,6.795
202,CA-2014-133690,20140803,BS-11755,FUR-TA-10004289,LOC00077,First Class,218.75,2,0.5,-161.875
203,CA-2014-133690,20140803,BS-11755,OFF-AP-10003622,LOC00077,First Class,2.6,1,0.2,0.2925
204,US-2017-116701,20171217,LC-17140,OFF-AP-10003217,LOC00078,Second Class,66.284,2,0.8,-178.9668
205,CA-2017-126382,20170603,HK-14890,FUR-FU-10002960,LOC00079,Standard Class,35.168,7,0.2,9.6712
206,CA-2017-108329,20171209,LE-16810,TEC-PH-10001918,LOC00080,Standard Class,444.768,4,0.2,44.4768
207,CA-2017-135860,20171201,JH-15985,OFF-ST-10000642,LOC00081,Standard Class,83.92,4,0.0,5.8744
208,CA-2017-135860,20171201,JH-15985,TEC-PH-10001700,LOC00081,Standard Class,131.98,2,0.0,35.6346
209,CA-2017-135860,20171201,JH-15985,OFF-BI-10003274,LOC00081,Standard Class,15.92,4,0.0,7.4824
210,CA-2017-135860,20171201,JH-15985,OFF-FA-10000134,LOC00081,Standard Class,52.29,9,0.0,16.2099
211,CA-2017-135860,20171201,JH-15985,OFF-ST-10001522,LOC00081,Standard Class,91.99,1,0.0,3.6796
212,CA-2015-101007,20150209,MS-17980,TEC-AC-10001266,LOC00078,Second Class,20.8,2,0.2,6.5
213,CA-2015-146262,20150102,VW-21775,OFF-LA-10004544,LOC00082,Standard Class,23.68,2,0.2,8.88
214,CA-2015-146262,20150102,VW-21775,FUR-BO-10004695,LOC00082,Standard Class,452.45,5,0.5,-244.323
215,CA-2015-146262,20150102,VW-21775,TEC-PH-10002844,LOC00082,Standard Class,62.982,3,0.4,-14.6958
216,CA-2015-146262,20150102,VW-21775,TEC-MA-10000864,LOC00082,Standard Class,1188.0,9,0.7,-950.4
217,CA-2015-146262,20150102,VW-21775,TEC-AC-10000109,LOC00082,Standard Class,89.584,2,0.2,4.4792
218,CA-2016-130162,20161028,JH-15910,OFF-ST-10001328,LOC00004,Standard Class,93.06,6,0.0,26.0568
219,CA-2016-130162,20161028,JH-15910,TEC-PH-10002563,LOC00004,Standard Class,302.376,3,0.2,22.6782
220,CA-2015-169397,20151224,JB-15925,OFF-FA-10000585,LOC00083,First Class,5.584,2,0.2,1.8148
221,CA-2015-169397,20151224,JB-15925,OFF-PA-10004000,LOC00083,First Class,22.704,6,0.2,8.2302
222,CA-2015-169397,20151224,JB-15925,OFF-BI-10002852,LOC00083,First Class,19.776,4,0.7,-13.8432
223,CA-2015-169397,20151224,JB-15925,FUR-FU-10000087,LOC00083,First Class,72.704,4,0.2,19.0848
224,CA-2015-169397,20151224,JB-15925,TEC-MA-10001148,LOC00083,First Class,479.988,4,0.7,-383.9904
225,CA-2015-169397,20151224,JB-15925,OFF-AR-10001958,LOC00083,First Class,27.168,2,0.2,2.7168
226,CA-2015-163055,20150809,DS-13180,OFF-AR-10001026,LOC00084,Standard Class,2.2,1,0.0,0.968
227,CA-2015-163055,20150809,DS-13180,FUR-TA-10003748,LOC00084,Standard Class,622.45,5,0.0,136.939
228,CA-2015-163055,20150809,DS-13180,OFF-ST-10002485,LOC00084,Standard Class,21.98,1,0.0,0.2198
229,US-2015-145436,20150228,VD-21670,FUR-CH-10004860,LOC00085,Standard Class,161.568,2,0.2,-28.2744
230,US-2015-145436,20150228,VD-21670,FUR-CH-10004477,LOC00085,Standard Class,389.696,8,0.2,43.8408
231,US-2014-156216,20140913,EA-14035,OFF-BI-10001679,LOC00044,Standard Class,18.648,7,0.7,-12.432
232,US-2017-100930,20170407,CS-12400,FUR-TA-10001705,LOC00086,Standard Class,233.86,2,0.45,-102.048
233,US-2017-100930,20170407,CS-12400,FUR-TA-10003473,LOC00086,Standard Class,620.6145,3,0.45,-248.2458
234,US-2017-100930,20170407,CS-12400,OFF-BI-10001679,LOC00086,Standard Class,5.328,2,0.7,-3.552
235,US-2017-100930,20170407,CS-12400,FUR-FU-10004017,LOC00086,Standard Class,258.072,3,0.2,0.0
236,US-2017-100930,20170407,CS-12400,TEC-AC-10003832,LOC00086,Standard Class,617.976,3,0.2,-7.7247
237,CA-2017-160514,20171112,DB-13120,OFF-PA-10002479,LOC00087,Standard Class,10.56,2,0.0,4.752
238,CA-2016-157749,20160604,KL-16645,OFF-PA-10003349,LOC00027,Second Class,25.92,5,0.2,9.396
239,CA-2016-157749,20160604,KL-16645,FUR-FU-10000576,LOC00027,Second Class,419.68,5,0.6,-356.728
240,CA-2016-157749,20160604,KL-16645,FUR-FU-10004351,LOC00027,Second Class,11.688,3,0.6,-4.6752
241,CA-2016-157749,20160604,KL-16645,TEC-PH-10000011,LOC00027,Second Class,31.984,2,0.2,11.1944
242,CA-2016-157749,20160604,KL-16645,FUR-TA-10002607,LOC00027,Second Class,177.225,5,0.5,-120.513
243,CA-2016-157749,20160604,KL-16645,FUR-FU-10002505,LOC00027,Second Class,4.044,3,0.6,-2.8308
244,CA-2016-157749,20160604,KL-16645,OFF-AR-10004685,LOC00027,Second Class,7.408,2,0.2,1.2038
245,CA-2014-131926,20140601,DW-13480,FUR-CH-10004063,LOC00088,Second Class,2001.86,7,0.0,580.5394
246,CA-2014-131926,20140601,DW-13480,OFF-ST-10002276,LOC00088,Second Class,166.72,2,0.0,41.68
247,CA-2014-131926,20140601,DW-13480,OFF-PA-10004082,LOC00088,Second Class,47.88,6,0.0,23.94
248,CA-2014-131926,20140601,DW-13480,OFF-AP-10002945,LOC00088,Second Class,1503.25,5,0.0,496.0725
249,CA-2014-131926,20140601,DW-13480,OFF-PA-10000061,LOC00088,Second Class,25.92,4,0.0,12.4416
250,CA-2016-154739,20161210,LH-17155,FUR-CH-10002965,LOC00010,Second Class,321.568,2,0.2,28.1372
251,CA-2016-145625,20160911,KC-16540,OFF-PA-10004569,LOC00089,Standard Class,7.61,1,0.0,3.5767
252,CA-2016-145625,20160911,KC-16540,TEC-AC-10003832,LOC00089,Standard Class,3347.37,13,0.0,636.0003
253,CA-2016-146941,20161210,DL-13315,OFF-ST-10001228,LOC00024,First Class,80.58,6,0.0,22.5624
254,CA-2016-146941,20161210,DL-13315,OFF-EN-10003296,LOC00024,First Class,361.92,4,0.0,162.864
255,US-2015-159982,20151128,DR-12880,FUR-FU-10002505,LOC00037,Standard Class,12.132,9,0.6,-8.4924
256,US-2015-159982,20151128,DR-12880,OFF-ST-10004804,LOC00037,Standard Class,82.368,2,0.2,-19.5624
257,US-2015-159982,20151128,DR-12880,OFF-ST-10001590,LOC00037,Standard Class,53.92,5,0.2,4.044
258,US-2015-159982,20151128,DR-12880,TEC-PH-10001580,LOC00037,Standard Class,647.904,6,0.2,56.6916
259,CA-2017-163139,20171201,CC-12670,TEC-AC-10000290,LOC00030,Second Class,20.37,3,0.0,6.9258
260,CA-2017-163139,20171201,CC-12670,OFF-ST-10002790,LOC00030,Second Class,221.55,3,0.0,6.6465
261,CA-2017-163139,20171201,CC-12670,OFF-BI-10003460,LOC00030,Second Class,17.52,5,0.2,6.132
262,US-2017-155299,20170608,Dl-13600,OFF-AP-10002203,LOC00090,Standard Class,1.624,2,0.8,-4.466
263,US-2014-106992,20140919,SB-20290,TEC-MA-10000822,LOC00067,Second Class,3059.982,3,0.4,-509.997
264,US-2014-106992,20140919,SB-20290,TEC-MA-10003353,LOC00067,Second Class,2519.958,7,0.4,-251.9958
265,CA-2016-125318,20160606,RC-19825,TEC-PH-10001433,LOC00027,Standard Class,328.224,4,0.2,28.7196
266,CA-2015-155040,20151110,AH-10210,TEC-AC-10004469,LOC00091,Standard Class,79.9,2,0.0,35.156
267,CA-2017-136826,20170616,CB-12535,OFF-AR-10003602,LOC00092,Standard Class,14.016,3,0.2,4.7304
268,CA-2016-111010,20160122,PG-18895,OFF-FA-10003472,LOC00093,Standard Class,7.56,6,0.0,0.3024
269,US-2017-145366,20171209,CA-12310,OFF-ST-10004180,LOC00094,Standard Class,37.208,1,0.2,-7.4416
270,US-2017-145366,20171209,CA-12310,OFF-EN-10004386,LOC00094,Standard Class,57.576,3,0.2,21.591
271,CA-2017-163979,20171228,KH-16690,OFF-ST-10003208,LOC00095,Second Class,725.84,4,0.0,210.4936
272,CA-2015-155334,20150730,HA-14920,TEC-AC-10003628,LOC00010,First Class,209.93,7,0.0,92.3692
273,CA-2015-155334,20150730,HA-14920,FUR-FU-10003274,LOC00010,First Class,5.28,3,0.0,2.3232
274,CA-2015-155334,20150730,HA-14920,OFF-BI-10002557,LOC00010,First Class,10.92,3,0.2,4.095
275,CA-2017-118136,20170916,BB-10990,OFF-PA-10002615,LOC00096,First Class,8.82,2,0.0,4.0572
276,CA-2017-118136,20170916,BB-10990,OFF-AR-10001427,LOC00096,First Class,5.98,1,0.0,1.5548
277,CA-2017-132976,20171013,AG-10495,OFF-PA-10000673,LOC00012,Standard Class,11.648,2,0.2,4.0768
278,CA-2017-132976,20171013,AG-10495,OFF-PA-10004470,LOC00012,Standard Class,18.176,4,0.2,5.9072
279,CA-2017-132976,20171013,AG-10495,OFF-ST-10000876,LOC00012,Standard Class,59.712,6,0.2,5.9712
280,CA-2017-132976,20171013,AG-10495,OFF-LA-10002043,LOC00012,Standard Class,24.84,3,0.2,8.694
281,US-2015-161991,20150926,SC-20725,OFF-BI-10004967,LOC00033,Second Class,2.08,5,0.8,-3.432
282,US-2015-161991,20150926,SC-20725,TEC-PH-10001760,LOC00033,Second Class,1114.4,7,0.2,376.11
283,CA-2015-130890,20151102,JO-15280,FUR-TA-10002903,LOC00026,Standard Class,1038.84,5,0.2,51.942
284,CA-2015-130883,20150926,TB-21520,OFF-PA-10000474,LOC00041,Standard Class,141.76,5,0.2,47.844
285,CA-2015-130883,20150926,TB-21520,TEC-AC-10001956,LOC00041,Standard Class,239.8,5,0.2,47.96
286,CA-2015-130883,20150926,TB-21520,OFF-PA-10004100,LOC00041,Standard Class,31.104,6,0.2,10.8864
287,CA-2016-112697,20161218,AH-10195,OFF-BI-10000778,LOC00097,Second Class,254.058,7,0.7,-169.372
288,CA-2016-112697,20161218,AH-10195,OFF-AP-10002684,LOC00097,Second Class,194.528,2,0.2,24.316
289,CA-2016-112697,20161218,AH-10195,OFF-SU-10000646,LOC00097,Second Class,961.48,5,0.2,-204.3145
290,CA-2016-110772,20161120,NZ-18565,OFF-FA-10002983,LOC00048,Second Class,19.096,7,0.2,6.6836
291,CA-2016-110772,20161120,NZ-18565,OFF-LA-10004689,LOC00048,Second Class,18.496,8,0.2,6.2424
292,CA-2016-110772,20161120,NZ-18565,TEC-AC-10002001,LOC00048,Second Class,255.984,2,0.2,54.3966
293,CA-2016-110772,20161120,NZ-18565,FUR-BO-10004709,LOC00048,Second Class,86.97,3,0.5,-48.7032
294,CA-2014-111451,20141226,KL-16555,FUR-FU-10004091,LOC00098,First Class,300.416,8,0.2,78.8592
295,CA-2014-111451,20141226,KL-16555,FUR-CH-10001891,LOC00098,First Class,230.352,3,0.2,20.1558
296,CA-2014-111451,20141226,KL-16555,FUR-FU-10002918,LOC00098,First Class,218.352,3,0.2,-24.5646
297,CA-2014-111451,20141226,KL-16555,OFF-BI-10004593,LOC00098,First Class,78.6,5,0.7,-62.88
298,CA-2014-111451,20141226,KL-16555,OFF-FA-10004854,LOC00098,First Class,27.552,3,0.2,9.2988
299,CA-2016-142545,20161028,JD-15895,OFF-PA-10002105,LOC00099,Standard Class,32.4,5,0.0,15.552
300,CA-2016-142545,20161028,JD-15895,OFF-ST-10002756,LOC00099,Standard Class,1082.48,8,0.0,10.8248
301,CA-2016-142545,20161028,JD-15895,OFF-PA-10004243,LOC00099,Standard Class,56.91,3,0.0,27.3168
302,CA-2016-142545,20161028,JD-15895,FUR-FU-10001861,LOC00099,Standard Class,77.6,4,0.0,38.024
303,CA-2016-142545,20161028,JD-15895,OFF-BI-10002706,LOC00099,Standard Class,14.28,1,0.0,6.5688
304,US-2017-152380,20171119,JH-15910,FUR-TA-10002533,LOC00037,Standard Class,219.075,3,0.5,-131.445
305,CA-2015-144253,20150504,AS-10225,FUR-FU-10002671,LOC00024,Second Class,26.8,2,0.0,12.864
306,CA-2014-130960,20141230,KB-16600,OFF-AR-10003651,LOC00100,Standard Class,9.84,3,0.0,2.8536
307,CA-2014-111003,20140601,CR-12625,OFF-BI-10001072,LOC00101,Standard Class,45.48,3,0.0,20.9208
308,CA-2014-111003,20140601,CR-12625,OFF-AR-10002135,LOC00101,Standard Class,289.2,6,0.0,83.868
309,CA-2017-126774,20170415,SH-20395,OFF-AR-10002804,LOC00102,First Class,4.89,1,0.0,2.0049
310,CA-2016-142902,20160912,BP-11185,FUR-FU-10001918,LOC00103,Second Class,15.136,4,0.2,3.5948
311,CA-2016-142902,20160912,BP-11185,FUR-CH-10004086,LOC00103,Second Class,466.768,2,0.2,52.5114
312,CA-2016-142902,20160912,BP-11185,FUR-FU-10001756,LOC00103,Second Class,15.232,1,0.2,1.7136
313,CA-2016-142902,20160912,BP-11185,OFF-LA-10000634,LOC00103,Second Class,6.264,3,0.2,2.0358
314,CA-2014-120887,20140927,TS-21205,FUR-FU-10001588,LOC00104,Standard Class,87.54,3,0.0,37.6422
315,CA-2014-167850,20140809,AG-10525,TEC-PH-10002398,LOC00105,Standard Class,178.384,2,0.2,22.298
316,CA-2014-167850,20140809,AG-10525,OFF-PA-10001937,LOC00105,Standard Class,15.552,3,0.2,5.4432
317,CA-2014-164259,20141228,SP-20860,OFF-AR-10003373,LOC00106,First Class,99.136,4,0.2,8.6744
318,CA-2014-164973,20141104,NM-18445,FUR-CH-10002602,LOC00024,Standard Class,135.882,1,0.1,24.1568
319,CA-2014-164973,20141104,NM-18445,TEC-MA-10002927,LOC00024,Standard Class,3991.98,2,0.0,1995.99
320,CA-2014-164973,20141104,NM-18445,TEC-PH-10004093,LOC00024,Standard Class,275.94,6,0.0,80.0226
321,CA-2014-164973,20141104,NM-18445,TEC-AC-10000892,LOC00024,Standard Class,360.0,4,0.0,129.6
322,CA-2014-164973,20141104,NM-18445,OFF-ST-10002974,LOC00024,Standard Class,43.57,1,0.0,13.071
323,CA-2014-156601,20140919,FA-14230,OFF-FA-10000624,LOC00107,Standard Class,7.16,2,0.0,3.58
324,CA-2016-162138,20160423,GK-14620,OFF-BI-10004593,LOC00108,Standard Class,251.52,6,0.2,81.744
325,CA-2016-162138,20160423,GK-14620,TEC-AC-10001908,LOC00108,Standard Class,99.99,1,0.0,34.9965
326,CA-2017-153339,20171103,DJ-13510,FUR-FU-10001967,LOC00109,Second Class,15.992,1,0.2,0.9995
327,US-2016-141544,20160830,PO-18850,TEC-PH-10003645,LOC00106,First Class,290.898,3,0.4,-67.8762
328,US-2016-141544,20160830,PO-18850,OFF-ST-10000675,LOC00106,First Class,54.224,2,0.2,3.389
329,US-2016-141544,20160830,PO-18850,FUR-CH-10003312,LOC00106,First Class,786.744,4,0.3,-258.5016
330,US-2016-141544,20160830,PO-18850,OFF-LA-10001074,LOC00106,First Class,100.24,10,0.2,33.831
331,US-2016-141544,20160830,PO-18850,OFF-BI-10001524,LOC00106,First Class,37.764,6,0.7,-27.6936
332,US-2016-150147,20160425,JL-15850,TEC-PH-10004614,LOC00064,Second Class,82.8,2,0.4,-20.7
333,US-2016-150147,20160425,JL-15850,OFF-BI-10001153,LOC00064,Second Class,20.724,2,0.7,-13.816
334,US-2016-150147,20160425,JL-15850,OFF-BI-10001982,LOC00064,Second Class,4.896,3,0.7,-3.4272
335,CA-2015-137946,20150901,DB-13615,OFF-BI-10001922,LOC00063,Second Class,4.752,1,0.2,1.6038
336,CA-2015-137946,20150901,DB-13615,TEC-CO-10001449,LOC00063,Second Class,959.984,2,0.2,335.9944
337,CA-2015-137946,20150901,DB-13615,OFF-BI-10004140,LOC00063,Second Class,14.368,4,0.2,4.49
338,CA-2014-129924,20140712,AC-10420,OFF-BI-10003314,LOC00035,Standard Class,7.712,2,0.2,2.7956
339,CA-2014-129924,20140712,AC-10420,FUR-TA-10004575,LOC00035,Standard Class,698.352,3,0.2,-17.4588
340,CA-2015-128167,20150622,KL-16645,OFF-FA-10000490,LOC00110,Second Class,4.96,4,0.0,2.3312
341,CA-2014-122336,20140413,JD-15895,OFF-AR-10000122,LOC00012,Second Class,17.856,4,0.2,1.116
342,CA-2014-122336,20140413,JD-15895,OFF-BI-10003656,LOC00012,Second Class,509.97,10,0.7,-407.976
343,CA-2014-122336,20140413,JD-15895,OFF-FA-10002780,LOC00012,Second Class,30.992,13,0.2,10.0724
344,CA-2014-122336,20140413,JD-15895,TEC-PH-10000702,LOC00012,Second Class,71.928,12,0.4,8.3916
345,US-2015-120712,20151220,CS-12130,OFF-ST-10000107,LOC00111,Standard Class,88.8,4,0.2,-2.22
346,CA-2017-169901,20170615,CC-12550,TEC-PH-10002293,LOC00035,Standard Class,47.976,3,0.2,4.7976
347,CA-2017-134306,20170708,TD-20995,OFF-AR-10004027,LOC00112,Standard Class,7.56,3,0.0,3.0996
348,CA-2017-134306,20170708,TD-20995,OFF-PA-10000249,LOC00112,Standard Class,24.56,2,0.0,11.5432
349,CA-2017-134306,20170708,TD-20995,OFF-AR-10001374,LOC00112,Standard Class,12.96,2,0.0,4.1472
350,CA-2016-129714,20160901,AB-10060,TEC-AC-10000290,LOC00030,First Class,6.79,1,0.0,2.3086
351,CA-2016-129714,20160901,AB-10060,OFF-PA-10001970,LOC00030,First Class,24.56,2,0.0,11.5432
352,CA-2016-129714,20160901,AB-10060,OFF-BI-10002160,LOC00030,First Class,3.048,1,0.2,1.0668
353,CA-2016-129714,20160901,AB-10060,OFF-PA-10001970,LOC00030,First Class,49.12,4,0.0,23.0864
354,CA-2016-129714,20160901,AB-10060,OFF-BI-10004995,LOC00030,First Class,4355.168,4,0.2,1415.4296
355,CA-2016-138520,20160408,JL-15505,FUR-BO-10002268,LOC00046,Standard Class,388.704,6,0.2,-4.8588
356,CA-2016-138520,20160408,JL-15505,OFF-EN-10001137,LOC00046,Standard Class,8.26,2,0.0,3.7996
357,CA-2016-138520,20160408,JL-15505,OFF-AR-10002399,LOC00046,Standard Class,17.04,4,0.0,6.9864
358,CA-2016-138520,20160408,JL-15505,OFF-PA-10002713,LOC00046,Standard Class,34.4,5,0.0,15.824
359,CA-2016-130001,20160423,HK-14890,OFF-PA-10002666,LOC00044,Standard Class,36.24,5,0.2,11.325
360,CA-2017-155698,20170308,VB-21745,OFF-AP-10001124,LOC00113,First Class,647.84,8,0.0,168.4384
361,CA-2017-155698,20170308,VB-21745,OFF-LA-10001158,LOC00113,First Class,20.7,2,0.0,9.936
362,CA-2017-144904,20170925,KW-16435,OFF-LA-10001158,LOC00030,Standard Class,20.7,2,0.0,9.936
363,CA-2017-144904,20170925,KW-16435,FUR-CH-10000785,LOC00030,Standard Class,488.646,3,0.1,86.8704
364,CA-2017-144904,20170925,KW-16435,OFF-AR-10003732,LOC00030,Standard Class,5.56,2,0.0,1.4456
365,CA-2017-144904,20170925,KW-16435,FUR-FU-10000023,LOC00030,Standard Class,47.12,8,0.0,20.7328
366,CA-2014-123344,20140924,JD-16060,OFF-ST-10001713,LOC00010,Standard Class,211.96,4,0.0,8.4784
367,CA-2016-155516,20161021,MK-17905,OFF-BI-10002412,LOC00114,Same Day,23.2,4,0.0,10.44
368,CA-2016-155516,20161021,MK-17905,OFF-SU-10001225,LOC00114,Same Day,7.36,2,0.0,0.1472
369,CA-2016-155516,20161021,MK-17905,OFF-ST-10002406,LOC00114,Same Day,104.79,7,0.0,29.3412
370,CA-2016-155516,20161021,MK-17905,FUR-BO-10002545,LOC00114,Same Day,1043.92,4,0.0,271.4192
371,CA-2017-104745,20170529,GT-14755,OFF-PA-10002036,LOC00115,Standard Class,25.92,5,0.2,9.396
372,CA-2017-104745,20170529,GT-14755,OFF-ST-10002205,LOC00115,Standard Class,53.424,3,0.2,4.6746
373,US-2014-119137,20140723,AG-10900,OFF-BI-10001982,LOC00116,Standard Class,8.16,5,0.7,-5.712
374,US-2014-119137,20140723,AG-10900,TEC-AC-10003911,LOC00116,Standard Class,1023.936,8,0.2,179.1888
375,US-2014-119137,20140723,AG-10900,OFF-AR-10000658,LOC00116,Standard Class,9.24,1,0.2,0.924
376,US-2014-119137,20140723,AG-10900,TEC-AC-10002076,LOC00116,Standard Class,479.04,10,0.2,-29.94
377,US-2016-134656,20160928,MM-18280,OFF-PA-10003039,LOC00117,First Class,99.136,4,0.2,30.98
378,US-2017-134481,20170827,AR-10405,FUR-TA-10004915,LOC00118,Standard Class,1488.424,7,0.3,-297.6848
379,CA-2015-130792,20150428,RA-19915,OFF-AP-10000696,LOC00015,Standard Class,8.652,3,0.8,-20.3322
380,CA-2015-130792,20150428,RA-19915,OFF-ST-10003327,LOC00015,Standard Class,23.832,3,0.2,2.6811
381,CA-2015-130792,20150428,RA-19915,OFF-BI-10000309,LOC00015,Standard Class,12.176,4,0.8,-18.8728
382,CA-2016-134775,20161028,AS-10285,OFF-PA-10004734,LOC00010,First Class,50.96,7,0.0,25.48
383,CA-2016-134775,20161028,AS-10285,OFF-BI-10002225,LOC00010,First Class,49.536,3,0.2,17.3376
384,CA-2015-125395,20150626,LA-16780,TEC-AC-10004708,LOC00100,Second Class,41.9,2,0.0,8.799
385,US-2015-168935,20151127,DO-13435,FUR-TA-10000617,LOC00119,Standard Class,375.4575,3,0.45,-157.0095
386,US-2015-168935,20151127,DO-13435,TEC-AC-10002335,LOC00119,Standard Class,83.976,3,0.2,-1.0497
387,CA-2015-122756,20151203,DK-13225,TEC-MA-10001681,LOC00012,Standard Class,482.34,4,0.7,-337.638
388,CA-2015-122756,20151203,DK-13225,FUR-FU-10001935,LOC00012,Standard Class,2.96,1,0.2,0.777
389,CA-2014-115973,20141124,NG-18430,OFF-AR-10004757,LOC00094,First Class,2.624,1,0.2,0.4264
390,CA-2017-101798,20171211,MV-18190,OFF-BI-10000050,LOC00030,Standard Class,23.36,4,0.2,7.884
391,CA-2017-101798,20171211,MV-18190,TEC-AC-10001998,LOC00030,Standard Class,39.98,2,0.0,13.5932
392,US-2014-135972,20140921,JG-15115,TEC-PH-10003012,LOC00120,Second Class,246.384,2,0.2,27.7182
393,US-2014-135972,20140921,JG-15115,TEC-CO-10002313,LOC00120,Second Class,1799.97,3,0.0,701.9883
394,US-2014-134971,20140607,BP-11095,OFF-BI-10003982,LOC00121,Second Class,12.462,3,0.8,-20.5623
395,CA-2017-102946,20170630,VP-21730,OFF-BI-10004492,LOC00122,Standard Class,75.792,3,0.2,25.5798
396,CA-2017-165603,20171017,SS-20140,OFF-ST-10000798,LOC00123,Second Class,49.96,2,0.0,9.4924
397,CA-2017-165603,20171017,SS-20140,OFF-PA-10002552,LOC00123,Second Class,12.96,2,0.0,6.2208
398,CA-2015-122259,20151031,HP-14815,OFF-SU-10002573,LOC00031,Standard Class,70.12,4,0.0,21.036
399,CA-2016-108987,20160908,AG-10675,OFF-ST-10001580,LOC00067,Second Class,35.952,3,0.2,3.5952
400,CA-2016-108987,20160908,AG-10675,FUR-BO-10004834,LOC00067,Second Class,2396.2656,4,0.32,-317.1528
401,CA-2016-108987,20160908,AG-10675,OFF-ST-10000934,LOC00067,Second Class,131.136,4,0.2,-32.784
402,CA-2016-108987,20160908,AG-10675,TEC-AC-10000158,LOC00067,Second Class,57.584,2,0.2,0.7198
403,CA-2014-113166,20141224,LF-17185,OFF-PA-10001947,LOC00124,First Class,9.568,2,0.2,3.4684
404,CA-2014-155208,20140416,SP-20650,OFF-AR-10003478,LOC00125,Standard Class,39.072,6,0.2,9.768
405,CA-2017-117933,20171224,RF-19840,OFF-AP-10004249,LOC00024,Standard Class,35.91,3,0.0,9.6957
406,CA-2017-117457,20171208,KH-16510,TEC-AC-10000158,LOC00095,Standard Class,179.95,5,0.0,37.7895
407,CA-2017-117457,20171208,KH-16510,TEC-CO-10004115,LOC00095,Standard Class,1199.976,3,0.2,434.9913
408,CA-2017-117457,20171208,KH-16510,OFF-PA-10003724,LOC00095,Standard Class,27.15,5,0.0,13.3035
409,CA-2017-117457,20171208,KH-16510,FUR-TA-10002041,LOC00095,Standard Class,1004.024,7,0.2,-112.9527
410,CA-2017-117457,20171208,KH-16510,OFF-PA-10002893,LOC00095,Standard Class,9.68,1,0.0,4.6464
411,CA-2017-117457,20171208,KH-16510,OFF-LA-10003766,LOC00095,Standard Class,28.35,9,0.0,13.608
412,CA-2017-117457,20171208,KH-16510,OFF-PA-10001970,LOC00095,Standard Class,55.98,1,0.0,27.4302
413,CA-2017-117457,20171208,KH-16510,FUR-BO-10001972,LOC00095,Standard Class,1336.829,13,0.15,31.4548
414,CA-2017-117457,20171208,KH-16510,FUR-CH-10003956,LOC00095,Standard Class,113.568,2,0.2,-18.4548
415,CA-2017-142636,20171103,KC-16675,OFF-PA-10000157,LOC00060,Standard Class,139.86,7,0.0,65.7342
416,CA-2017-142636,20171103,KC-16675,FUR-CH-10001891,LOC00060,Standard Class,307.136,4,0.2,26.8744
417,CA-2017-122105,20170624,CJ-12010,OFF-AR-10004344,LOC00126,Standard Class,95.92,8,0.0,25.8984
418,CA-2016-148796,20160414,PB-19150,FUR-CH-10004886,LOC00026,Standard Class,383.8,5,0.2,38.38
419,CA-2017-154816,20171106,VB-21745,OFF-PA-10003845,LOC00127,Standard Class,5.78,1,0.0,2.8322
420,CA-2017-110478,20170304,SP-20860,OFF-AR-10001573,LOC00063,Standard Class,9.32,4,0.0,2.7028
421,CA-2017-110478,20170304,SP-20860,OFF-EN-10000483,LOC00063,Standard Class,15.25,1,0.0,7.015
422,CA-2014-142048,20140622,JE-15745,TEC-AC-10004114,LOC00128,First Class,196.752,6,0.2,56.5662
423,CA-2017-125388,20171019,MP-17965,FUR-FU-10004712,LOC00129,Standard Class,56.56,4,0.0,14.7056
424,CA-2017-125388,20171019,MP-17965,OFF-ST-10000918,LOC00129,Standard Class,32.7,3,0.0,8.502
425,CA-2017-155705,20170821,NF-18385,FUR-CH-10000015,LOC00130,Second Class,866.4,4,0.0,225.264
426,CA-2017-149160,20171123,JM-15265,FUR-FU-10003347,LOC00131,Second Class,28.4,2,0.0,11.076
427,CA-2017-149160,20171123,JM-15265,OFF-BI-10001543,LOC00131,Second Class,287.92,8,0.0,138.2016
428,CA-2014-101476,20140912,SD-20485,TEC-MA-10000029,LOC00132,First Class,69.99,1,0.0,30.0957
429,CA-2017-152275,20171001,KH-16630,OFF-AR-10000369,LOC00066,Standard Class,6.672,6,0.2,0.5004
430,US-2016-123750,20160415,RB-19795,OFF-BI-10004584,LOC00133,Standard Class,189.588,2,0.7,-145.3508
431,US-2016-123750,20160415,RB-19795,TEC-AC-10004659,LOC00133,Standard Class,408.744,7,0.2,76.6395
432,US-2016-123750,20160415,RB-19795,TEC-AC-10004659,LOC00133,Standard Class,291.96,5,0.2,54.7425
433,US-2016-123750,20160415,RB-19795,OFF-ST-10000617,LOC00133,Standard Class,4.768,2,0.2,-0.7748
434,CA-2016-127369,20160606,DB-13060,OFF-ST-10003306,LOC00112,First Class,714.3,5,0.0,207.147
435,US-2014-150574,20141219,MK-18160,OFF-BI-10000773,LOC00134,Standard Class,4.812,2,0.7,-3.6892
436,US-2014-150574,20141219,MK-18160,TEC-AC-10002600,LOC00134,Standard Class,247.8,5,0.2,-18.585
437,CA-2016-147375,20160612,PO-19180,TEC-MA-10002937,LOC00037,Second Class,1007.979,3,0.3,43.1991
438,CA-2016-147375,20160612,PO-19180,OFF-PA-10001970,LOC00037,Second Class,313.488,7,0.2,113.6394
439,CA-2017-130043,20170915,BB-11545,OFF-PA-10002230,LOC00033,Standard Class,31.872,8,0.2,11.5536
440,CA-2017-157252,20170120,CV-12805,FUR-CH-10003396,LOC00024,Second Class,207.846,3,0.1,2.3094
441,CA-2016-115756,20160905,PK-19075,FUR-FU-10000246,LOC00084,Second Class,12.22,1,0.0,3.666
442,CA-2016-115756,20160905,PK-19075,OFF-ST-10000060,LOC00084,Second Class,194.94,3,0.0,23.3928
443,CA-2016-115756,20160905,PK-19075,OFF-ST-10003058,LOC00084,Second Class,70.95,3,0.0,20.5755
444,CA-2016-115756,20160905,PK-19075,OFF-PA-10002222,LOC00084,Second Class,91.36,4,0.0,42.0256
445,CA-2016-115756,20160905,PK-19075,FUR-CH-10002372,LOC00084,Second Class,242.94,3,0.0,29.1528
446,CA-2016-115756,20160905,PK-19075,OFF-LA-10001317,LOC00084,Second Class,22.05,7,0.0,10.584
447,CA-2017-154214,20170320,TB-21595,FUR-FU-10000206,LOC00135,Second Class,2.91,1,0.0,1.3677
448,CA-2016-166674,20160401,RB-19360,OFF-AR-10000588,LOC00136,Second Class,59.52,3,0.0,15.4752
449,CA-2016-166674,20160401,RB-19360,OFF-ST-10001469,LOC00136,Second Class,161.94,3,0.0,9.7164
450,CA-2016-166674,20160401,RB-19360,OFF-AR-10001953,LOC00136,Second Class,263.88,6,0.0,71.2476
451,CA-2016-166674,20160401,RB-19360,OFF-AR-10003156,LOC00136,Second Class,30.48,3,0.0,7.9248
452,CA-2016-166674,20160401,RB-19360,OFF-AR-10004974,LOC00136,Second Class,9.84,3,0.0,2.8536
453,CA-2016-166674,20160401,RB-19360,TEC-PH-10002365,LOC00136,Second Class,35.12,4,0.0,9.1312
454,CA-2017-147277,20171020,EB-13705,FUR-TA-10001539,LOC00076,Standard Class,284.364,2,0.4,-75.8304
455,CA-2017-147277,20171020,EB-13705,OFF-ST-10000142,LOC00076,Standard Class,665.408,2,0.2,66.5408
456,CA-2016-100153,20161213,KH-16630,TEC-AC-10001772,LOC00137,Standard Class,63.88,4,0.0,24.9132
457,US-2014-110674,20140212,SC-20095,FUR-CH-10000225,LOC00138,Standard Class,129.568,2,0.2,-24.294
458,US-2016-157945,20160926,NF-18385,FUR-CH-10002331,LOC00068,Standard Class,747.558,3,0.3,-96.1146
459,US-2016-157945,20160926,NF-18385,OFF-EN-10001415,LOC00068,Standard Class,8.928,2,0.2,3.348
460,CA-2015-109638,20151215,JH-15985,OFF-AP-10002472,LOC00061,Standard Class,103.92,4,0.0,36.372
461,CA-2015-109638,20151215,JH-15985,TEC-AC-10004571,LOC00061,Standard Class,899.91,9,0.0,377.9622
462,CA-2015-109638,20151215,JH-15985,OFF-BI-10001098,LOC00061,Standard Class,51.312,3,0.2,18.6006
463,CA-2016-109869,20160422,TN-21040,FUR-FU-10000023,LOC00052,Standard Class,23.56,5,0.2,7.068
464,CA-2016-109869,20160422,TN-21040,FUR-TA-10001889,LOC00052,Standard Class,1272.63,6,0.5,-814.4832
465,CA-2016-109869,20160422,TN-21040,OFF-BI-10000315,LOC00052,Standard Class,28.485,5,0.7,-20.889
466,CA-2016-109869,20160422,TN-21040,OFF-SU-10003505,LOC00052,Standard Class,185.376,2,0.2,-34.758
467,CA-2016-109869,20160422,TN-21040,OFF-AP-10002578,LOC00052,Standard Class,78.272,2,0.2,5.8704
468,US-2015-101399,20150117,JS-15940,FUR-FU-10002918,LOC00139,Standard Class,254.744,7,0.6,-312.0614
469,CA-2017-154907,20170331,DS-13180,FUR-BO-10002824,LOC00140,Standard Class,205.3328,2,0.32,-36.2352
470,US-2016-100419,20161216,CC-12670,OFF-BI-10002194,LOC00027,Second Class,4.788,3,0.8,-7.9002
471,CA-2015-154144,20151220,MH-17785,OFF-PA-10004071,LOC00141,Standard Class,55.48,1,0.0,26.6304
472,CA-2014-144666,20141109,JP-15520,OFF-ST-10002743,LOC00095,Second Class,340.92,3,0.0,3.4092
473,CA-2014-144666,20141109,JP-15520,FUR-BO-10001601,LOC00095,Second Class,222.666,2,0.15,10.4784
474,CA-2014-144666,20141109,JP-15520,TEC-PH-10002680,LOC00095,Second Class,703.968,4,0.2,87.996
475,CA-2014-144666,20141109,JP-15520,OFF-ST-10001321,LOC00095,Second Class,92.52,6,0.0,24.9804
476,CA-2014-144666,20141109,JP-15520,OFF-PA-10001509,LOC00095,Second Class,62.65,7,0.0,28.819
477,CA-2014-144666,20141109,JP-15520,OFF-PA-10003465,LOC00095,Second Class,94.85,5,0.0,45.528
478,CA-2016-103891,20160712,KH-16690,TEC-PH-10000149,LOC00142,Standard Class,95.76,6,0.2,7.182
479,CA-2016-152632,20161027,JE-15475,FUR-FU-10002671,LOC00025,Standard Class,40.2,3,0.0,19.296
480,CA-2016-100790,20160626,JG-15805,OFF-AR-10003045,LOC00024,Standard Class,14.7,5,0.0,6.615
481,CA-2016-100790,20160626,JG-15805,OFF-ST-10000689,LOC00024,Standard Class,704.25,5,0.0,84.51
482,CA-2014-134677,20141006,XP-21865,TEC-AC-10001445,LOC00143,Standard Class,9.09,3,0.0,1.9089
483,CA-2014-127691,20140722,EM-14065,OFF-AR-10002053,LOC00024,Standard Class,5.96,2,0.0,1.6688
484,CA-2014-127691,20140722,EM-14065,TEC-AC-10002567,LOC00024,Standard Class,159.98,2,0.0,57.5928
485,CA-2017-140963,20170610,MT-18070,OFF-LA-10003923,LOC00063,First Class,29.6,2,0.0,14.8
486,CA-2017-140963,20170610,MT-18070,FUR-BO-10001337,LOC00063,First Class,514.165,5,0.15,-30.245
487,CA-2017-140963,20170610,MT-18070,TEC-PH-10001924,LOC00063,First Class,279.96,5,0.2,17.4975
488,CA-2014-154627,20141029,SA-20830,TEC-PH-10001363,LOC00027,First Class,2735.952,6,0.2,341.994
489,CA-2014-133753,20140609,CW-11905,TEC-PH-10000376,LOC00144,Second Class,7.992,1,0.2,0.5994
490,CA-2014-133753,20140609,CW-11905,TEC-AC-10000303,LOC00144,Second Class,63.984,2,0.2,10.3974
491,CA-2014-133753,20140609,CW-11905,OFF-AR-10001953,LOC00144,Second Class,70.368,2,0.2,6.1572
492,CA-2014-113362,20140914,AJ-10960,OFF-ST-10001809,LOC00145,Standard Class,449.15,5,0.0,8.983
493,CA-2014-113362,20140914,AJ-10960,OFF-EN-10003845,LOC00145,Standard Class,11.07,3,0.0,5.0922
494,CA-2016-169166,20160509,SS-20590,TEC-AC-10000991,LOC00061,Standard Class,93.98,2,0.0,13.1572
495,US-2016-120929,20160318,RO-19780,FUR-TA-10001857,LOC00032,Second Class,189.882,3,0.4,-94.941
496,CA-2015-134782,20151227,MD-17350,OFF-EN-10001434,LOC00146,Standard Class,105.42,2,0.0,51.6558
497,CA-2016-126158,20160725,SC-20095,OFF-BI-10002498,LOC00147,Standard Class,119.616,8,0.2,40.3704
498,CA-2016-126158,20160725,SC-20095,FUR-FU-10004864,LOC00147,Standard Class,255.76,4,0.0,81.8432
499,CA-2016-126158,20160725,SC-20095,FUR-CH-10002602,LOC00147,Standard Class,241.568,2,0.2,18.1176
500,CA-2016-126158,20160725,SC-20095,FUR-FU-10000073,LOC00147,Standard Class,69.3,9,0.0,22.869
501,US-2016-105578,20160530,MY-17380,OFF-BI-10001670,LOC00148,Standard Class,22.62,2,0.7,-15.08
502,US-2016-105578,20160530,MY-17380,OFF-BI-10001658,LOC00148,Standard Class,14.952,2,0.7,-11.9616
503,US-2016-105578,20160530,MY-17380,FUR-CH-10001215,LOC00148,Standard Class,801.568,2,0.2,50.098
504,US-2016-105578,20160530,MY-17380,OFF-BI-10000831,LOC00148,Standard Class,2.376,3,0.7,-1.9008
505,US-2016-105578,20160530,MY-17380,OFF-PA-10000357,LOC00148,Standard Class,32.792,1,0.2,11.8871
506,CA-2017-134978,20171112,EB-13705,OFF-BI-10003274,LOC00024,Second Class,15.92,5,0.2,5.373
507,CA-2015-145352,20150316,CM-12385,OFF-AR-10001662,LOC00149,Standard Class,2.74,1,0.0,0.7398
508,CA-2015-145352,20150316,CM-12385,OFF-AR-10003856,LOC00149,Standard Class,8.34,3,0.0,2.1684
509,CA-2015-145352,20150316,CM-12385,OFF-ST-10001228,LOC00149,Standard Class,46.74,3,0.0,11.685
510,CA-2015-145352,20150316,CM-12385,OFF-BI-10003527,LOC00149,Standard Class,6354.95,5,0.0,3177.475
511,CA-2017-135307,20171126,LS-17245,FUR-FU-10001290,LOC00150,First Class,126.3,3,0.0,40.416
512,CA-2017-135307,20171126,LS-17245,TEC-AC-10002399,LOC00150,First Class,38.04,2,0.0,12.1728
513,CA-2016-106341,20161020,LF-17185,OFF-AR-10002053,LOC00056,First Class,7.152,3,0.2,0.7152
514,CA-2017-163405,20171221,BN-11515,OFF-AR-10003811,LOC00014,Standard Class,6.63,3,0.0,1.7901
515,CA-2017-163405,20171221,BN-11515,OFF-AR-10001246,LOC00014,Standard Class,5.88,2,0.0,1.7052
516,CA-2017-127432,20170122,AD-10180,TEC-CO-10003236,LOC00151,Standard Class,2999.95,5,0.0,1379.977
517,CA-2017-127432,20170122,AD-10180,OFF-ST-10004507,LOC00151,Standard Class,51.45,3,0.0,13.8915
518,CA-2017-127432,20170122,AD-10180,OFF-PA-10001667,LOC00151,Standard Class,11.96,2,0.0,5.382
519,CA-2017-127432,20170122,AD-10180,OFF-ST-10004459,LOC00151,Standard Class,1126.02,3,0.0,56.301
520,CA-2015-157812,20150322,DB-13210,TEC-AC-10000171,LOC00017,Standard Class,18.392,1,0.2,5.2877
521,CA-2015-157812,20150322,DB-13210,OFF-ST-10000736,LOC00017,Standard Class,129.568,2,0.2,-25.9136
522,CA-2015-157812,20150322,DB-13210,OFF-BI-10000285,LOC00017,Standard Class,14.112,9,0.8,-21.168
523,CA-2017-145142,20170123,MC-17605,FUR-TA-10001857,LOC00152,First Class,210.98,2,0.0,21.098
524,US-2016-139486,20160521,LH-17155,TEC-PH-10003555,LOC00004,First Class,55.176,3,0.2,-12.4146
525,US-2016-139486,20160521,LH-17155,TEC-AC-10003832,LOC00004,First Class,66.26,2,0.0,27.1666
526,CA-2015-158792,20151226,BD-11605,OFF-FA-10002815,LOC00129,Standard Class,22.2,5,0.0,10.434
527,CA-2017-113558,20171021,PH-18790,FUR-CH-10003379,LOC00153,Standard Class,683.952,3,0.2,42.747
528,CA-2017-113558,20171021,PH-18790,FUR-FU-10001756,LOC00153,Standard Class,45.696,3,0.2,5.1408
529,US-2015-138303,20150903,MG-18145,OFF-ST-10004963,LOC00064,Standard Class,36.336,3,0.2,-7.2672
530,US-2015-138303,20150903,MG-18145,OFF-SU-10002881,LOC00064,Standard Class,666.248,1,0.2,-149.9058
531,US-2015-138303,20150903,MG-18145,OFF-EN-10001335,LOC00064,Standard Class,52.512,6,0.2,19.692
532,CA-2015-102848,20151107,KB-16240,FUR-CH-10000595,LOC00002,Second Class,190.72,1,0.2,11.92
533,US-2017-129441,20170907,JC-15340,FUR-FU-10000448,LOC00004,Standard Class,47.94,3,0.0,2.397
534,CA-2016-168753,20160529,RL-19615,TEC-PH-10000984,LOC00154,Second Class,979.95,5,0.0,274.386
535,CA-2016-168753,20160529,RL-19615,OFF-BI-10002557,LOC00154,Second Class,22.75,5,0.0,11.375
536,CA-2016-126613,20160710,AA-10375,OFF-ST-10001325,LOC00155,Standard Class,16.768,2,0.2,1.4672
537,US-2017-122637,20170903,EP-13915,OFF-BI-10002429,LOC00156,Second Class,42.616,7,0.8,-68.1856
538,CA-2015-147851,20151203,MP-17470,OFF-BI-10004528,LOC00030,Standard Class,10.752,4,0.2,3.36
539,CA-2015-134894,20151207,DK-12985,OFF-AP-10001271,LOC00001,Standard Class,152.94,3,0.0,41.2938
540,CA-2015-134894,20151207,DK-12985,FUR-CH-10002647,LOC00001,Standard Class,283.92,4,0.0,70.98
541,CA-2014-140795,20140201,BD-11500,TEC-AC-10001432,LOC00157,First Class,468.9,6,0.0,206.316
542,CA-2016-136924,20160714,ES-14080,TEC-PH-10002262,LOC00116,First Class,380.864,8,0.2,38.0864
543,US-2015-120161,20151218,LM-17065,OFF-ST-10001809,LOC00158,Standard Class,646.776,9,0.2,-145.5246
544,CA-2014-103849,20140511,PG-18895,TEC-AC-10001465,LOC00007,Standard Class,58.112,2,0.2,7.264
545,CA-2014-103849,20140511,PG-18895,TEC-PH-10002597,LOC00007,Standard Class,100.792,1,0.2,6.2995
546,CA-2014-103849,20140511,PG-18895,FUR-FU-10000723,LOC00007,Standard Class,66.112,4,0.6,-84.2928
547,CA-2017-162929,20171119,AS-10135,OFF-BI-10000404,LOC00046,First Class,41.28,6,0.2,13.932
548,CA-2017-162929,20171119,AS-10135,OFF-PA-10002986,LOC00046,First Class,13.36,2,0.0,6.4128
549,CA-2015-113173,20151115,DK-13225,OFF-ST-10000604,LOC00156,Second Class,250.272,9,0.2,15.642
550,CA-2015-113173,20151115,DK-13225,OFF-BI-10004738,LOC00156,Second Class,11.364,3,0.8,-17.046
551,CA-2015-113173,20151115,DK-13225,OFF-SU-10001935,LOC00156,Second Class,8.72,5,0.2,-1.744
552,CA-2016-136406,20160415,BD-11320,FUR-CH-10002024,LOC00095,Second Class,1121.568,2,0.2,0.0
553,CA-2017-112774,20170911,RC-19960,FUR-FU-10003039,LOC00134,First Class,34.504,1,0.2,6.0382
554,CA-2017-101945,20171124,GT-14710,OFF-FA-10004248,LOC00033,Standard Class,10.824,3,0.2,2.5707
555,CA-2017-100650,20170629,DK-13225,OFF-ST-10001780,LOC00159,Second Class,1295.78,2,0.0,310.9872
556,CA-2014-155852,20140303,AJ-10945,OFF-AR-10003560,LOC00125,Second Class,19.456,4,0.2,3.4048
557,CA-2016-113243,20160610,OT-18730,OFF-LA-10001297,LOC00063,Standard Class,20.7,2,0.0,9.936
558,CA-2016-113243,20160610,OT-18730,FUR-TA-10004256,LOC00063,Standard Class,1335.68,4,0.2,-217.048
559,CA-2016-113243,20160610,OT-18730,OFF-PA-10003441,LOC00063,Standard Class,32.4,5,0.0,15.552
560,CA-2017-118731,20171120,LP-17080,FUR-FU-10003347,LOC00095,Second Class,42.6,3,0.0,16.614
561,CA-2017-118731,20171120,LP-17080,OFF-BI-10000069,LOC00095,Second Class,84.056,7,0.2,27.3182
562,CA-2014-145576,20140914,CA-12775,OFF-AP-10003914,LOC00086,Second Class,13.0,5,0.2,1.3
563,CA-2014-145576,20140914,CA-12775,FUR-FU-10004020,LOC00086,Second Class,13.128,3,0.2,3.7743
564,CA-2015-130736,20151207,JF-15490,OFF-FA-10003467,LOC00060,First Class,3.96,2,0.0,0.0
565,CA-2015-130736,20151207,JF-15490,OFF-LA-10000634,LOC00060,First Class,2.61,1,0.0,1.2006
566,CA-2017-137099,20171207,FP-14320,TEC-PH-10002496,LOC00142,First Class,374.376,3,0.2,46.797
567,CA-2017-156951,20171001,EB-13840,OFF-PA-10004530,LOC00060,Standard Class,91.84,8,0.0,45.0016
568,CA-2017-156951,20171001,EB-13840,OFF-BI-10001107,LOC00060,Standard Class,81.088,7,0.2,27.3672
569,CA-2017-156951,20171001,EB-13840,OFF-PA-10004451,LOC00060,Standard Class,19.44,3,0.0,9.3312
570,CA-2017-156951,20171001,EB-13840,FUR-CH-10004997,LOC00060,Standard Class,451.152,3,0.2,0.0
571,CA-2017-164826,20171228,JF-15415,OFF-LA-10001297,LOC00024,Standard Class,72.45,7,0.0,34.776
572,CA-2017-164826,20171228,JF-15415,OFF-FA-10000585,LOC00024,Standard Class,13.96,4,0.0,6.4216
573,CA-2017-164826,20171228,JF-15415,OFF-BI-10001922,LOC00024,Standard Class,33.264,7,0.2,11.2266
574,CA-2017-164826,20171228,JF-15415,TEC-PH-10000347,LOC00024,Standard Class,14.85,3,0.0,4.0095
575,CA-2016-127250,20161103,SF-20200,OFF-AR-10003394,LOC00160,Standard Class,8.82,3,0.0,2.3814
576,CA-2015-149713,20150918,TG-21640,OFF-PA-10004530,LOC00107,Second Class,160.72,14,0.0,78.7528
577,CA-2015-149713,20150918,TG-21640,OFF-PA-10001450,LOC00107,Second Class,19.92,4,0.0,9.7608
578,CA-2015-149713,20150918,TG-21640,OFF-SU-10001574,LOC00107,Second Class,7.3,2,0.0,2.19
579,CA-2017-118640,20170720,CS-11950,OFF-ST-10002974,LOC00027,Standard Class,69.712,2,0.2,8.714
580,CA-2017-118640,20170720,CS-11950,FUR-FU-10001475,LOC00027,Standard Class,8.792,1,0.6,-5.7148
581,CA-2015-132906,20150910,CC-12145,OFF-SU-10004498,LOC00026,Standard Class,51.52,4,0.0,1.5456
582,CA-2017-145233,20171201,DV-13465,TEC-PH-10004977,LOC00077,Standard Class,470.376,3,0.2,52.9173
583,CA-2017-145233,20171201,DV-13465,TEC-PH-10000586,LOC00077,Standard Class,105.584,2,0.2,9.2386
584,CA-2017-145233,20171201,DV-13465,OFF-AP-10000358,LOC00077,Standard Class,31.152,3,0.2,3.5046
585,CA-2017-145233,20171201,DV-13465,OFF-BI-10002764,LOC00077,Standard Class,6.783,7,0.7,-4.7481
586,CA-2017-145233,20171201,DV-13465,TEC-PH-10001254,LOC00077,Standard Class,406.368,4,0.2,30.4776
587,CA-2015-128139,20150703,BD-11725,FUR-CH-10003956,LOC00127,Standard Class,70.98,1,0.0,4.9686
588,CA-2015-128139,20150703,BD-11725,OFF-LA-10003930,LOC00127,Standard Class,294.93,3,0.0,144.5157
589,US-2016-156986,20160320,ZC-21910,TEC-PH-10003800,LOC00161,Standard Class,84.784,2,0.2,-20.1362
590,US-2016-156986,20160320,ZC-21910,OFF-PA-10002005,LOC00161,Standard Class,20.736,4,0.2,7.2576
591,US-2016-156986,20160320,ZC-21910,OFF-BI-10002498,LOC00161,Standard Class,16.821,3,0.7,-12.8961
592,US-2016-156986,20160320,ZC-21910,OFF-PA-10004101,LOC00161,Standard Class,10.368,2,0.2,3.6288
593,CA-2014-135405,20140109,MS-17830,OFF-AR-10004078,LOC00162,Standard Class,9.344,2,0.2,1.168
594,CA-2014-135405,20140109,MS-17830,TEC-AC-10001266,LOC00162,Standard Class,31.2,3,0.2,9.75
595,CA-2014-131450,20140808,LR-16915,OFF-AP-10004708,LOC00143,Standard Class,76.12,2,0.0,22.0748
596,CA-2014-131450,20140808,LR-16915,TEC-CO-10004115,LOC00143,Standard Class,1199.976,3,0.2,434.9913
597,CA-2014-131450,20140808,LR-16915,TEC-PH-10002398,LOC00143,Standard Class,445.96,5,0.2,55.745
598,CA-2014-131450,20140808,LR-16915,FUR-FU-10001979,LOC00143,Standard Class,327.76,8,0.0,91.7728
599,CA-2016-120180,20160714,TP-21130,OFF-SU-10004115,LOC00064,First Class,11.632,2,0.2,1.0178
600,US-2016-100720,20160716,CK-12205,TEC-PH-10001425,LOC00075,Standard Class,143.982,3,0.4,-28.7964
601,US-2016-100720,20160716,CK-12205,TEC-PH-10003963,LOC00075,Standard Class,494.376,4,0.4,-115.3544
602,US-2016-100720,20160716,CK-12205,OFF-SU-10001574,LOC00075,Standard Class,5.84,2,0.2,0.73
603,CA-2014-149958,20140315,AS-10240,OFF-ST-10001490,LOC00086,Standard Class,142.776,1,0.2,17.847
604,CA-2014-149958,20140315,AS-10240,FUR-FU-10001756,LOC00086,Standard Class,45.696,3,0.2,5.1408
605,CA-2014-149958,20140315,AS-10240,OFF-BI-10000773,LOC00086,Standard Class,7.218,3,0.7,-5.5338
606,CA-2014-149958,20140315,AS-10240,OFF-BI-10001543,LOC00086,Standard Class,43.188,4,0.7,-31.6712
607,CA-2014-149958,20140315,AS-10240,OFF-PA-10002120,LOC00086,Standard Class,131.904,3,0.2,47.8152
608,US-2014-105767,20140523,AR-10510,OFF-BI-10000848,LOC00064,Standard Class,3.282,2,0.7,-2.6256
609,US-2014-105767,20140523,AR-10510,OFF-AR-10001246,LOC00064,Standard Class,21.168,9,0.2,2.3814
610,US-2014-105767,20140523,AR-10510,TEC-PH-10003092,LOC00064,Standard Class,55.188,2,0.4,-10.1178
611,CA-2016-161816,20160428,NB-18655,TEC-PH-10003012,LOC00163,First Class,369.576,3,0.2,41.5773
612,CA-2016-161816,20160428,NB-18655,OFF-LA-10004345,LOC00163,First Class,15.712,4,0.2,5.6956
613,CA-2016-121223,20160911,GD-14590,OFF-PA-10001204,LOC00106,Second Class,8.448,2,0.2,2.64
614,CA-2016-121223,20160911,GD-14590,TEC-PH-10004667,LOC00106,Second Class,728.946,9,0.4,-157.9383
615,CA-2017-138611,20171114,CK-12595,TEC-PH-10000011,LOC00164,Second Class,119.94,10,0.4,15.992
616,CA-2017-138611,20171114,CK-12595,OFF-BI-10002949,LOC00164,Second Class,3.648,2,0.7,-2.7968
617,CA-2017-117947,20170818,NG-18355,FUR-FU-10003849,LOC00165,Second Class,40.48,2,0.0,15.7872
618,CA-2017-117947,20170818,NG-18355,FUR-FU-10000010,LOC00165,Second Class,9.94,2,0.0,3.0814
619,CA-2017-117947,20170818,NG-18355,OFF-BI-10002824,LOC00165,Second Class,107.424,9,0.2,33.57
620,CA-2017-117947,20170818,NG-18355,TEC-PH-10002538,LOC00165,Second Class,37.91,1,0.0,10.9939
621,CA-2017-117947,20170818,NG-18355,FUR-FU-10000521,LOC00165,Second Class,88.02,3,0.0,27.2862
622,US-2014-111171,20141226,CA-12265,OFF-BI-10002103,LOC00027,Standard Class,8.69,5,0.8,-14.773
623,CA-2015-138009,20151129,SF-20965,FUR-CH-10004853,LOC00166,Standard Class,301.96,2,0.0,87.5684
624,CA-2015-138009,20151129,SF-20965,OFF-AP-10000179,LOC00166,Standard Class,555.21,5,0.1,178.901
625,CA-2015-138009,20151129,SF-20965,OFF-ST-10001272,LOC00166,Standard Class,523.48,4,0.0,130.87
626,CA-2015-138009,20151129,SF-20965,OFF-AR-10004042,LOC00166,Standard Class,161.82,9,0.0,46.9278
627,CA-2017-163020,20170915,MO-17800,FUR-FU-10000221,LOC00030,Standard Class,35.56,7,0.0,12.0904
628,CA-2017-153787,20170519,AT-10735,OFF-AP-10001563,LOC00061,Standard Class,97.16,2,0.0,28.1764
629,CA-2017-133431,20171217,LC-17140,OFF-BI-10000605,LOC00035,Standard Class,15.24,5,0.2,5.1435
630,CA-2017-133431,20171217,LC-17140,OFF-PA-10002615,LOC00035,Standard Class,13.23,3,0.0,6.0858
631,US-2016-135720,20161211,FM-14380,OFF-ST-10001963,LOC00043,Second Class,243.384,3,0.2,-51.7191
632,US-2016-135720,20161211,FM-14380,TEC-AC-10001267,LOC00043,Second Class,119.8,5,0.2,29.95
633,US-2016-135720,20161211,FM-14380,TEC-PH-10002103,LOC00043,Second Class,300.768,4,0.2,30.0768
634,CA-2017-144694,20170924,BD-11605,TEC-AC-10002857,LOC00124,Second Class,17.88,3,0.2,2.4585
635,CA-2017-144694,20170924,BD-11605,OFF-LA-10003930,LOC00124,Second Class,235.944,3,0.2,85.5297
636,CA-2015-168004,20151004,DJ-13420,FUR-CH-10001482,LOC00167,Second Class,392.94,3,0.0,43.2234
637,US-2016-123470,20160815,ME-17725,OFF-BI-10001989,LOC00043,Standard Class,18.882,3,0.7,-13.8468
638,US-2016-123470,20160815,ME-17725,OFF-AP-10003287,LOC00043,Standard Class,122.328,3,0.2,12.2328
639,CA-2016-115917,20160520,RB-19465,FUR-FU-10000576,LOC00168,Standard Class,1049.2,5,0.0,272.792
640,CA-2016-115917,20160520,RB-19465,OFF-BI-10004728,LOC00168,Standard Class,15.424,4,0.2,5.0128
641,CA-2016-147067,20161218,JD-16150,FUR-FU-10000732,LOC00040,Standard Class,18.84,3,0.0,6.0288
642,CA-2017-167913,20170730,JL-15835,OFF-ST-10000585,LOC00169,Second Class,330.4,2,0.0,85.904
643,CA-2017-167913,20170730,JL-15835,OFF-LA-10002787,LOC00169,Second Class,26.25,7,0.0,12.6
644,CA-2017-106103,20170610,SC-20305,TEC-AC-10003832,LOC00170,Standard Class,132.52,4,0.0,54.3332
645,US-2017-127719,20170721,TW-21025,OFF-PA-10001934,LOC00171,Standard Class,6.48,1,0.0,3.1752
646,CA-2017-126221,20171230,CC-12430,OFF-AP-10002457,LOC00135,Standard Class,209.3,2,0.0,56.511
647,CA-2016-103947,20160401,BB-10990,OFF-FA-10003112,LOC00172,Standard Class,31.56,5,0.2,9.8625
648,CA-2016-103947,20160401,BB-10990,OFF-AP-10002350,LOC00172,Standard Class,30.144,2,0.2,3.0144
649,CA-2016-160745,20161211,AR-10825,FUR-FU-10001935,LOC00173,Second Class,14.8,4,0.0,6.068
650,CA-2016-160745,20161211,AR-10825,TEC-PH-10003273,LOC00173,Second Class,302.376,3,0.2,22.6782
651,CA-2016-160745,20161211,AR-10825,TEC-AC-10001142,LOC00173,Second Class,316.0,4,0.0,31.6
652,CA-2016-132661,20161023,SR-20740,OFF-PA-10000482,LOC00024,Standard Class,379.4,10,0.0,178.318
653,CA-2017-140844,20170619,AR-10405,OFF-PA-10003892,LOC00046,Standard Class,97.82,2,0.0,45.9754
654,CA-2017-140844,20170619,AR-10405,TEC-AC-10001101,LOC00046,Standard Class,103.12,8,0.0,10.312
655,CA-2016-137239,20160822,CR-12730,OFF-AP-10002439,LOC00048,Standard Class,113.552,2,0.2,8.5164
656,CA-2016-137239,20160822,CR-12730,OFF-BI-10002827,LOC00048,Standard Class,3.318,2,0.7,-2.6544
657,CA-2016-137239,20160822,CR-12730,OFF-EN-10002230,LOC00048,Standard Class,134.288,2,0.2,45.3222
658,US-2016-156097,20160919,EH-14125,FUR-CH-10001215,LOC00174,Same Day,701.372,2,0.3,-50.098
659,US-2016-156097,20160919,EH-14125,OFF-BI-10004654,LOC00174,Same Day,2.308,2,0.8,-3.462
660,CA-2015-146563,20150824,CB-12025,OFF-ST-10001490,LOC00175,Standard Class,999.432,7,0.2,124.929
661,CA-2015-146563,20150824,CB-12025,OFF-ST-10001511,LOC00175,Standard Class,724.08,14,0.2,-135.765
662,CA-2015-146563,20150824,CB-12025,FUR-TA-10001768,LOC00175,Standard Class,918.785,5,0.3,-118.1295
663,CA-2015-146563,20150824,CB-12025,OFF-BI-10003981,LOC00175,Standard Class,2.724,3,0.8,-4.2222
664,CA-2016-123666,20160326,SP-20545,OFF-ST-10001522,LOC00165,Standard Class,459.95,5,0.0,18.398
665,CA-2016-143308,20161104,RC-19825,OFF-FA-10000621,LOC00176,Same Day,10.74,3,0.0,5.2626
666,CA-2017-132682,20170608,TH-21235,OFF-SU-10004231,LOC00177,Second Class,23.76,3,0.2,2.079
667,CA-2017-132682,20170608,TH-21235,OFF-PA-10000474,LOC00177,Second Class,85.056,3,0.2,28.7064
668,CA-2017-132682,20170608,TH-21235,TEC-PH-10004042,LOC00177,Second Class,381.576,3,0.2,28.6182
669,CA-2014-156314,20141224,RP-19390,FUR-FU-10003096,LOC00178,First Class,30.36,5,0.2,8.7285
670,US-2017-106663,20170609,MO-17800,FUR-FU-10002759,LOC00156,Standard Class,23.976,3,0.6,-14.3856
671,US-2017-106663,20170609,MO-17800,FUR-TA-10000688,LOC00156,Standard Class,108.925,1,0.5,-71.8905
672,US-2017-106663,20170609,MO-17800,OFF-PA-10002377,LOC00156,Standard Class,36.352,8,0.2,11.36
673,CA-2017-111178,20170615,TD-20995,OFF-AR-10001954,LOC00117,Standard Class,19.56,5,0.2,1.7115
674,CA-2017-130351,20171205,RB-19570,OFF-AP-10004532,LOC00135,First Class,61.44,3,0.0,16.5888
675,CA-2017-130351,20171205,RB-19570,OFF-PA-10002137,LOC00135,First Class,38.9,5,0.0,17.505
676,CA-2017-130351,20171205,RB-19570,TEC-AC-10003832,LOC00135,First Class,99.39,3,0.0,40.7499
677,US-2017-119438,20170318,CD-11980,OFF-AP-10000804,LOC00179,Standard Class,2.688,3,0.8,-7.392
678,US-2017-119438,20170318,CD-11980,TEC-AC-10003614,LOC00179,Standard Class,27.816,3,0.2,4.5201
679,US-2017-119438,20170318,CD-11980,FUR-FU-10003553,LOC00179,Standard Class,82.524,3,0.6,-41.262
680,US-2017-119438,20170318,CD-11980,OFF-BI-10004632,LOC00179,Standard Class,182.994,3,0.8,-320.2395
681,CA-2016-164511,20161119,DJ-13630,OFF-BI-10003305,LOC00024,Standard Class,14.352,3,0.2,4.6644
682,CA-2016-164511,20161119,DJ-13630,OFF-ST-10002583,LOC00024,Standard Class,64.96,2,0.0,2.5984
683,CA-2016-164511,20161119,DJ-13630,OFF-ST-10004507,LOC00024,Standard Class,68.6,4,0.0,18.522
684,US-2017-168116,20171104,GT-14635,TEC-MA-10004125,LOC00180,Same Day,7999.98,4,0.5,-3839.9904
685,US-2017-168116,20171104,GT-14635,OFF-AP-10002457,LOC00180,Same Day,167.44,2,0.2,14.651
686,CA-2014-157784,20140705,MC-17845,TEC-AC-10003911,LOC00130,First Class,479.97,3,0.0,163.1898
687,CA-2014-157784,20140705,MC-17845,OFF-LA-10001934,LOC00130,First Class,14.62,2,0.0,6.8714
688,CA-2014-157784,20140705,MC-17845,OFF-PA-10000304,LOC00130,First Class,19.44,3,0.0,9.3312
689,CA-2017-161480,20171225,RA-19285,FUR-BO-10004015,LOC00046,Standard Class,191.984,2,0.2,4.7996
690,US-2014-117135,20140621,NP-18325,FUR-FU-10004071,LOC00181,Second Class,104.01,1,0.0,14.5614
691,US-2014-117135,20140621,NP-18325,TEC-PH-10002033,LOC00181,Second Class,284.82,1,0.0,74.0532
692,US-2014-117135,20140621,NP-18325,OFF-ST-10002444,LOC00181,Second Class,36.84,3,0.0,10.3152
693,CA-2015-131534,20150328,AB-10165,TEC-AC-10002253,LOC00002,Standard Class,166.24,1,0.0,24.936
694,CA-2015-131534,20150328,AB-10165,OFF-PA-10000743,LOC00002,Standard Class,33.4,5,0.0,16.032
695,CA-2015-119291,20150514,JO-15550,OFF-AR-10003373,LOC00182,First Class,198.272,8,0.2,17.3488
696,CA-2015-119291,20150514,JO-15550,OFF-LA-10002312,LOC00182,First Class,47.36,4,0.2,17.76
697,CA-2015-119291,20150514,JO-15550,OFF-EN-10000927,LOC00182,First Class,200.984,7,0.2,62.8075
698,CA-2015-119291,20150514,JO-15550,OFF-LA-10003510,LOC00182,First Class,97.696,4,0.2,31.7512
699,CA-2015-119291,20150514,JO-15550,OFF-AR-10001118,LOC00182,First Class,2.696,1,0.2,0.8088
700,CA-2015-119291,20150514,JO-15550,OFF-BI-10001575,LOC00182,First Class,18.588,2,0.7,-13.6312
701,CA-2015-119291,20150514,JO-15550,OFF-BI-10001982,LOC00182,First Class,4.896,3,0.7,-3.4272
702,CA-2017-114552,20170902,Dl-13600,FUR-FU-10002960,LOC00178,Standard Class,15.072,3,0.2,4.1448
703,CA-2016-163755,20161104,AS-10285,FUR-FU-10003394,LOC00006,Second Class,209.88,3,0.0,35.6796
704,CA-2015-142027,20150409,JK-15370,FUR-TA-10002774,LOC00107,Standard Class,369.912,3,0.2,-13.8717
705,CA-2014-138527,20140912,BN-11470,OFF-PA-10001800,LOC00183,Standard Class,10.368,2,0.2,3.6288
706,CA-2014-138527,20140912,BN-11470,OFF-AP-10001469,LOC00183,Standard Class,166.84,5,0.2,18.7695
707,CA-2014-138527,20140912,BN-11470,TEC-AC-10002399,LOC00183,Standard Class,15.216,1,0.2,2.2824
708,CA-2014-112158,20141202,DP-13165,TEC-AC-10003628,LOC00046,First Class,119.96,4,0.0,52.7824
709,CA-2014-112158,20141202,DP-13165,FUR-BO-10003272,LOC00046,First Class,883.92,5,0.2,-110.49
710,CA-2014-112158,20141202,DP-13165,OFF-BI-10000050,LOC00046,First Class,46.72,8,0.2,15.768
711,CA-2014-113887,20140405,TH-21550,OFF-PA-10004071,LOC00046,First Class,55.48,1,0.0,26.6304
712,CA-2017-146136,20170903,AP-10915,OFF-EN-10001219,LOC00184,Standard Class,24.448,4,0.2,8.8624
713,US-2017-100048,20170519,RS-19765,OFF-AP-10001154,LOC00185,Standard Class,281.34,6,0.0,109.7226
714,US-2017-100048,20170519,RS-19765,TEC-PH-10003012,LOC00185,Standard Class,307.98,2,0.0,89.3142
715,US-2017-100048,20170519,RS-19765,TEC-AC-10001606,LOC00185,Standard Class,299.97,3,0.0,113.9886
716,CA-2014-153150,20140701,Dl-13600,OFF-BI-10003355,LOC00060,Second Class,19.92,5,0.2,6.972
717,CA-2014-130092,20140111,SV-20365,FUR-FU-10000010,LOC00022,First Class,9.94,2,0.0,3.0814
718,CA-2017-108910,20170924,KC-16540,FUR-FU-10002253,LOC00056,Standard Class,103.056,3,0.2,24.4758
719,CA-2014-104472,20140602,CK-12325,OFF-BI-10001658,LOC00013,Standard Class,59.808,3,0.2,19.4376
720,CA-2014-104472,20140602,CK-12325,FUR-FU-10000246,LOC00013,Standard Class,73.32,6,0.0,21.996
721,CA-2016-112942,20160213,RD-19810,OFF-PA-10004092,LOC00063,Standard Class,146.82,3,0.0,73.41
722,CA-2016-142335,20161215,MP-17965,FUR-TA-10000198,LOC00186,Standard Class,1652.94,3,0.0,231.4116
723,CA-2016-142335,20161215,MP-17965,OFF-ST-10000036,LOC00186,Standard Class,296.37,3,0.0,80.0199
724,CA-2014-117429,20141007,MR-17545,FUR-FU-10000222,LOC00012,Standard Class,129.92,5,0.2,21.112
725,CA-2016-114713,20160707,SC-20695,OFF-SU-10004664,LOC00187,Standard Class,45.584,7,0.2,5.1282
726,CA-2017-144113,20170916,JF-15355,OFF-EN-10001141,LOC00111,Standard Class,17.568,2,0.2,6.3684
727,CA-2017-144113,20170916,JF-15355,TEC-PH-10002170,LOC00111,Standard Class,55.992,1,0.2,5.5992
728,US-2016-150861,20161203,EG-13900,OFF-PA-10001954,LOC00188,First Class,182.72,8,0.0,84.0512
729,US-2016-150861,20161203,EG-13900,FUR-TA-10002228,LOC00188,First Class,400.032,2,0.4,-153.3456
730,US-2016-150861,20161203,EG-13900,OFF-ST-10004634,LOC00188,First Class,33.63,3,0.0,10.089
731,US-2016-150861,20161203,EG-13900,FUR-CH-10002965,LOC00188,First Class,542.646,3,0.1,102.4998
732,US-2016-150861,20161203,EG-13900,OFF-LA-10001317,LOC00188,First Class,6.3,2,0.0,3.024
733,CA-2017-131954,20170121,DS-13030,OFF-ST-10000736,LOC00061,Standard Class,242.94,3,0.0,9.7176
734,CA-2017-131954,20170121,DS-13030,TEC-AC-10003610,LOC00061,Standard Class,179.97,3,0.0,86.3856
735,CA-2017-131954,20170121,DS-13030,OFF-BI-10003982,LOC00061,Standard Class,99.696,6,0.2,33.6474
736,CA-2017-131954,20170121,DS-13030,OFF-BI-10003291,LOC00061,Standard Class,27.936,4,0.2,9.4284
737,CA-2017-131954,20170121,DS-13030,FUR-BO-10001619,LOC00061,Standard Class,84.98,1,0.0,18.6956
738,CA-2017-131954,20170121,DS-13030,OFF-BI-10000138,LOC00061,Standard Class,18.72,5,0.2,6.552
739,CA-2014-132500,20140908,GZ-14470,TEC-AC-10001383,LOC00095,Standard Class,49.98,2,0.0,8.4966
740,CA-2014-112326,20140104,PO-19195,OFF-LA-10003223,LOC00018,Standard Class,11.784,3,0.2,4.2717
741,CA-2014-112326,20140104,PO-19195,OFF-ST-10002743,LOC00018,Standard Class,272.736,3,0.2,-64.7748
742,CA-2014-112326,20140104,PO-19195,OFF-BI-10004094,LOC00018,Standard Class,3.54,2,0.8,-5.487
743,US-2016-146710,20160827,SS-20875,OFF-SU-10004498,LOC00078,Standard Class,51.52,5,0.2,-10.948
744,US-2016-146710,20160827,SS-20875,OFF-PA-10002615,LOC00078,Standard Class,3.528,1,0.2,1.1466
745,US-2016-146710,20160827,SS-20875,OFF-PA-10004971,LOC00078,Standard Class,4.624,1,0.2,1.6762
746,US-2016-146710,20160827,SS-20875,OFF-SU-10004261,LOC00078,Standard Class,55.168,4,0.2,6.2064
747,CA-2014-124429,20140527,MH-17785,FUR-TA-10002607,LOC00189,Same Day,567.12,10,0.2,-28.356
748,CA-2014-124429,20140527,MH-17785,OFF-ST-10001809,LOC00189,Same Day,359.32,4,0.0,7.1864
749,CA-2016-150889,20160320,PB-19105,TEC-PH-10000004,LOC00190,Second Class,11.992,1,0.2,0.8994
750,CA-2017-126074,20171002,RF-19735,OFF-BI-10003638,LOC00191,Standard Class,58.05,3,0.0,26.703
751,CA-2017-126074,20171002,RF-19735,FUR-FU-10003577,LOC00191,Standard Class,157.74,11,0.0,56.7864
752,CA-2017-126074,20171002,RF-19735,OFF-AR-10003478,LOC00191,Standard Class,56.98,7,0.0,22.792
753,CA-2017-126074,20171002,RF-19735,OFF-BI-10000546,LOC00191,Standard Class,2.88,1,0.0,1.4112
754,CA-2016-110499,20160407,YC-21895,TEC-CO-10002095,LOC00095,First Class,1199.976,3,0.2,374.9925
755,CA-2015-135272,20151207,MS-17830,FUR-FU-10002759,LOC00002,Standard Class,79.92,4,0.0,28.7712
756,CA-2016-140928,20160918,NB-18655,FUR-TA-10001095,LOC00134,Standard Class,383.438,4,0.45,-167.3184
757,CA-2014-106803,20141229,DC-13285,OFF-ST-10002444,LOC00192,Standard Class,24.56,2,0.0,6.8768
758,CA-2014-106803,20141229,DC-13285,TEC-AC-10001267,LOC00192,Standard Class,119.8,4,0.0,47.92
759,CA-2017-117240,20170723,CP-12340,OFF-BI-10000848,LOC00030,Standard Class,13.128,3,0.2,4.2666
760,CA-2017-133333,20170918,BF-11020,OFF-PA-10002377,LOC00157,Standard Class,22.72,4,0.0,10.224
761,CA-2015-112319,20150831,AR-10510,OFF-PA-10003441,LOC00026,Standard Class,58.32,9,0.0,27.9936
762,CA-2017-126046,20171103,JC-16105,OFF-LA-10004484,LOC00149,Standard Class,12.39,3,0.0,5.6994
763,CA-2015-114923,20150208,LH-17020,TEC-PH-10003931,LOC00048,Standard Class,107.982,3,0.4,-26.9955
764,CA-2014-162775,20140113,CS-12250,OFF-EN-10001990,LOC00193,Second Class,11.36,2,0.0,5.3392
765,CA-2014-162775,20140113,CS-12250,OFF-EN-10001532,LOC00193,Second Class,50.94,3,0.0,25.47
766,CA-2014-162775,20140113,CS-12250,TEC-AC-10003174,LOC00193,Second Class,646.74,6,0.0,258.696
767,CA-2014-162775,20140113,CS-12250,OFF-BI-10004187,LOC00193,Second Class,5.64,3,0.0,2.7072
768,CA-2014-162775,20140113,CS-12250,OFF-ST-10000025,LOC00193,Second Class,572.58,6,0.0,34.3548
769,CA-2014-106810,20140514,AJ-10795,FUR-FU-10004306,LOC00105,Standard Class,310.88,2,0.2,23.316
770,CA-2016-157245,20160519,LE-16810,FUR-CH-10003746,LOC00102,Standard Class,641.96,2,0.0,179.7488
771,CA-2017-104220,20170130,BV-11245,OFF-BI-10001036,LOC00194,Standard Class,18.28,2,0.0,9.14
772,CA-2017-104220,20170130,BV-11245,TEC-PH-10004614,LOC00194,Standard Class,207.0,3,0.0,51.75
773,CA-2017-104220,20170130,BV-11245,OFF-BI-10000301,LOC00194,Standard Class,32.35,5,0.0,16.175
774,CA-2017-104220,20170130,BV-11245,OFF-BI-10003910,LOC00194,Standard Class,7.71,1,0.0,3.4695
775,CA-2017-104220,20170130,BV-11245,OFF-AR-10004648,LOC00194,Standard Class,40.3,2,0.0,10.881
776,CA-2017-104220,20170130,BV-11245,FUR-FU-10002597,LOC00194,Standard Class,34.58,7,0.0,14.5236
777,CA-2014-165974,20140629,DL-12865,OFF-AR-10003405,LOC00094,Standard Class,32.76,7,0.2,3.6855
778,CA-2015-144267,20150821,NZ-18565,FUR-CH-10002335,LOC00095,First Class,544.008,3,0.2,40.8006
779,CA-2015-144267,20150821,NZ-18565,OFF-PA-10000157,LOC00095,First Class,59.94,3,0.0,28.1718
780,CA-2015-144267,20150821,NZ-18565,OFF-PA-10001947,LOC00095,First Class,23.92,4,0.0,11.7208
781,CA-2015-144267,20150821,NZ-18565,OFF-PA-10003657,LOC00095,First Class,4.28,1,0.0,1.926
782,US-2015-157014,20151003,BM-11785,OFF-BI-10001098,LOC00048,Second Class,32.07,5,0.7,-22.449
783,US-2015-157014,20151003,BM-11785,TEC-AC-10002167,LOC00048,Second Class,24.0,2,0.2,-2.7
784,US-2015-157014,20151003,BM-11785,FUR-BO-10004409,LOC00048,Second Class,35.49,1,0.5,-15.6156
785,US-2015-157014,20151003,BM-11785,TEC-AC-10000057,LOC00048,Second Class,47.984,2,0.2,0.5998
786,CA-2015-154921,20150523,EA-14035,OFF-EN-10000056,LOC00038,Standard Class,186.69,3,0.0,87.7443
787,CA-2017-129567,20170317,CL-12565,OFF-BI-10000014,LOC00195,Second Class,17.456,2,0.2,5.8914
788,CA-2015-154620,20151212,LT-17110,FUR-CH-10004675,LOC00195,Standard Class,348.928,2,0.2,34.8928
789,CA-2015-115938,20150626,SA-20830,OFF-BI-10001543,LOC00196,Standard Class,143.96,4,0.0,69.1008
790,CA-2015-115938,20150626,SA-20830,OFF-ST-10001321,LOC00196,Standard Class,15.42,1,0.0,4.1634
791,CA-2015-115938,20150626,SA-20830,OFF-BI-10001132,LOC00196,Standard Class,43.04,8,0.0,21.0896
792,CA-2015-115938,20150626,SA-20830,FUR-CH-10003199,LOC00196,Standard Class,332.94,3,0.0,79.9056
793,CA-2016-105256,20160520,JK-15730,TEC-PH-10001530,LOC00197,Same Day,1363.96,5,0.2,85.2475
794,CA-2014-156433,20140920,ES-14020,OFF-LA-10001569,LOC00095,Standard Class,9.96,2,0.0,4.5816
795,CA-2014-156433,20140920,ES-14020,OFF-PA-10003724,LOC00095,Standard Class,21.72,4,0.0,10.6428
796,CA-2017-151428,20170921,RH-19495,OFF-BI-10000546,LOC00039,Standard Class,20.16,7,0.0,9.8784
797,CA-2015-124653,20151224,DB-13120,OFF-PA-10000176,LOC00145,First Class,132.79,7,0.0,63.7392
798,CA-2015-124653,20151224,DB-13120,OFF-PA-10002365,LOC00145,First Class,12.96,2,0.0,6.2208
799,CA-2015-124653,20151224,DB-13120,OFF-LA-10002271,LOC00145,First Class,21.56,7,0.0,10.3488
800,CA-2015-101910,20151127,CD-11920,FUR-CH-10002647,LOC00198,Standard Class,283.92,5,0.2,17.745
801,CA-2017-105809,20170220,HW-14935,FUR-FU-10004090,LOC00189,First Class,22.23,1,0.0,7.3359
802,CA-2017-105809,20170220,HW-14935,TEC-PH-10001580,LOC00189,First Class,215.968,2,0.2,18.8972
803,CA-2016-136133,20160818,HW-14935,OFF-AP-10000576,LOC00024,Second Class,355.32,9,0.0,99.4896
804,CA-2016-115504,20160312,MC-18130,OFF-PA-10003953,LOC00069,Standard Class,12.96,2,0.0,6.2208
805,CA-2017-135783,20170422,GM-14440,FUR-FU-10000794,LOC00035,First Class,18.28,2,0.0,6.2152
806,CA-2014-134313,20141101,RA-19915,OFF-AR-10001897,LOC00077,Standard Class,43.176,3,0.2,4.3176
807,CA-2014-134313,20141101,RA-19915,TEC-PH-10001795,LOC00077,Standard Class,1983.968,4,0.2,247.996
808,CA-2015-140921,20150203,AA-10375,FUR-FU-10003347,LOC00199,First Class,28.4,2,0.0,11.076
809,CA-2015-140921,20150203,AA-10375,TEC-AC-10004901,LOC00199,First Class,149.97,3,0.0,50.9898
810,CA-2014-151995,20141013,ZC-21910,OFF-AR-10003190,LOC00200,First Class,11.52,4,0.0,3.2256
811,CA-2014-151995,20141013,ZC-21910,FUR-TA-10002903,LOC00200,First Class,1298.55,5,0.0,311.652
812,CA-2014-151995,20141013,ZC-21910,OFF-AP-10000240,LOC00200,First Class,213.92,4,0.0,62.0368
813,CA-2014-151995,20141013,ZC-21910,TEC-AC-10001101,LOC00200,First Class,25.78,2,0.0,2.578
814,CA-2017-143686,20170514,PJ-19015,FUR-FU-10000794,LOC00201,Same Day,18.28,2,0.0,6.2152
815,CA-2017-143686,20170514,PJ-19015,TEC-AC-10001838,LOC00201,Same Day,1399.93,7,0.0,601.9699
816,CA-2015-106565,20150320,BW-11110,OFF-PA-10000061,LOC00202,First Class,51.84,8,0.0,24.8832
817,CA-2016-149370,20160915,DB-13210,OFF-PA-10003651,LOC00012,Standard Class,5.344,1,0.2,1.8704
818,CA-2014-140858,20140628,CA-12775,OFF-PA-10000304,LOC00012,Standard Class,41.472,8,0.2,14.5152
819,CA-2014-140858,20140628,CA-12775,OFF-BI-10003094,LOC00012,Standard Class,3.168,3,0.7,-2.4288
820,CA-2014-140858,20140628,CA-12775,FUR-CH-10001394,LOC00012,Standard Class,1228.465,5,0.3,0.0
821,CA-2014-140858,20140628,CA-12775,OFF-BI-10004230,LOC00012,Standard Class,31.086,3,0.7,-22.7964
822,CA-2014-140858,20140628,CA-12775,OFF-PA-10003395,LOC00012,Standard Class,335.52,4,0.2,117.432
823,CA-2017-101434,20170620,TR-21325,TEC-AC-10002402,LOC00099,Standard Class,239.97,3,0.0,71.991
824,CA-2017-101434,20170620,TR-21325,OFF-LA-10003223,LOC00099,Standard Class,9.82,2,0.0,4.8118
825,US-2014-102071,20140509,PG-18820,TEC-AC-10003441,LOC00095,Standard Class,67.8,4,0.0,4.068
826,US-2014-102071,20140509,PG-18820,TEC-AC-10000109,LOC00095,Standard Class,167.97,3,0.0,40.3128
827,CA-2017-126956,20170821,GT-14710,OFF-FA-10002280,LOC00088,Standard Class,35.0,7,0.0,16.8
828,CA-2017-126956,20170821,GT-14710,OFF-SU-10000381,LOC00088,Standard Class,37.24,4,0.0,10.7996
829,CA-2017-126956,20170821,GT-14710,OFF-EN-10004459,LOC00088,Standard Class,15.28,2,0.0,7.4872
830,CA-2017-129462,20170616,JE-15745,FUR-CH-10000665,LOC00203,Second Class,301.96,2,0.0,90.588
831,CA-2017-129462,20170616,JE-15745,OFF-AP-10003884,LOC00203,Second Class,180.66,3,0.0,50.5848
832,CA-2017-129462,20170616,JE-15745,TEC-PH-10001557,LOC00203,Second Class,191.98,2,0.0,51.8346
833,CA-2017-129462,20170616,JE-15745,TEC-PH-10002085,LOC00203,Second Class,65.99,1,0.0,17.1574
834,CA-2016-165316,20160723,JB-15400,OFF-AR-10002956,LOC00086,Standard Class,35.216,2,0.2,2.6412
835,CA-2016-165316,20160723,JB-15400,OFF-AP-10003266,LOC00086,Standard Class,23.696,2,0.2,6.5164
836,CA-2016-165316,20160723,JB-15400,TEC-MA-10004002,LOC00086,Standard Class,265.475,1,0.5,-111.4995
837,US-2014-115987,20140908,LH-17020,OFF-BI-10001071,LOC00179,Second Class,51.184,4,0.8,-79.3352
838,US-2017-156083,20171104,JL-15175,OFF-PA-10001560,LOC00085,Standard Class,9.664,2,0.2,3.2616
839,US-2016-137547,20160307,EB-13705,TEC-PH-10002365,LOC00007,Standard Class,21.072,3,0.2,1.5804
840,CA-2015-100454,20151120,BM-11650,OFF-AR-10004648,LOC00046,Standard Class,60.45,3,0.0,16.3215
841,CA-2015-100454,20151120,BM-11650,OFF-AR-10002578,LOC00046,Standard Class,11.52,4,0.0,3.3408
842,CA-2015-100454,20151120,BM-11650,FUR-BO-10001519,LOC00046,Standard Class,186.048,4,0.2,9.3024
843,CA-2016-161669,20161107,EM-14095,OFF-BI-10001294,LOC00002,First Class,37.44,4,0.2,11.7
844,CA-2016-161669,20161107,EM-14095,OFF-BI-10001636,LOC00002,First Class,26.976,4,0.2,8.7672
845,CA-2016-161669,20161107,EM-14095,OFF-SU-10002503,LOC00002,First Class,11.36,2,0.0,3.2944
846,CA-2016-161669,20161107,EM-14095,OFF-LA-10004093,LOC00002,First Class,14.62,2,0.0,6.8714
847,CA-2015-114300,20151013,AF-10885,TEC-PH-10001552,LOC00176,Standard Class,83.72,7,0.0,23.4416
848,CA-2015-114300,20151013,AF-10885,FUR-CH-10001891,LOC00176,Standard Class,287.94,3,0.0,77.7438
849,CA-2017-107503,20170101,GA-14725,FUR-FU-10003878,LOC00204,Standard Class,48.896,4,0.2,8.5568
850,CA-2014-107755,20140207,CK-12760,TEC-AC-10000710,LOC00205,Standard Class,115.36,7,0.0,49.6048
851,CA-2016-152534,20160620,DP-13105,OFF-AR-10002335,LOC00206,Second Class,5.16,2,0.0,1.3416
852,CA-2016-152534,20160620,DP-13105,OFF-PA-10001870,LOC00206,Second Class,38.88,6,0.0,18.6624
853,CA-2016-113747,20160528,VD-21670,OFF-AR-10003373,LOC00130,Standard Class,185.88,6,0.0,50.1876
854,CA-2016-123274,20160219,GT-14710,FUR-FU-10004090,LOC00046,Standard Class,44.46,2,0.0,14.6718
855,CA-2016-123274,20160219,GT-14710,OFF-ST-10000736,LOC00046,Standard Class,242.94,3,0.0,9.7176
856,CA-2014-125612,20140803,BK-11260,OFF-PA-10001019,LOC00046,Standard Class,39.96,2,0.0,18.7812
857,CA-2014-125612,20140803,BK-11260,OFF-SU-10002537,LOC00046,Standard Class,102.3,10,0.0,26.598
858,CA-2014-125612,20140803,BK-11260,OFF-ST-10003221,LOC00046,Standard Class,21.36,2,0.0,5.7672
859,CA-2017-161984,20170410,SJ-20125,OFF-PA-10004569,LOC00207,Standard Class,7.61,1,0.0,3.5767
860,CA-2017-161984,20170410,SJ-20125,OFF-FA-10000624,LOC00207,Standard Class,7.16,2,0.0,3.58
861,CA-2014-133851,20140609,CM-12445,OFF-SU-10001225,LOC00035,Standard Class,7.36,2,0.0,0.1472
862,CA-2014-133851,20140609,CM-12445,OFF-AR-10003752,LOC00035,Standard Class,23.1,2,0.0,10.626
863,CA-2016-134474,20160105,AJ-10795,TEC-AC-10001714,LOC00134,Second Class,191.472,6,0.2,40.6878
864,CA-2016-134474,20160105,AJ-10795,OFF-AR-10003958,LOC00134,Second Class,5.248,2,0.2,0.5904
865,CA-2016-134474,20160105,AJ-10795,TEC-PH-10002923,LOC00134,Second Class,59.184,2,0.2,5.1786
866,CA-2014-149020,20140110,AJ-10780,OFF-LA-10004272,LOC00029,Standard Class,2.89,1,0.0,1.3583
867,CA-2014-149020,20140110,AJ-10780,FUR-FU-10000965,LOC00029,Standard Class,51.94,1,0.0,21.2954
868,CA-2016-134362,20160929,LS-16945,OFF-LA-10004853,LOC00012,First Class,15.936,4,0.2,5.1792
869,CA-2014-136742,20140406,GP-14740,OFF-BI-10003719,LOC00208,Standard Class,44.91,6,0.7,-35.928
870,CA-2016-158099,20160903,PK-18910,OFF-BI-10000545,LOC00106,First Class,1141.47,5,0.7,-760.98
871,CA-2016-158099,20160903,PK-18910,TEC-PH-10002496,LOC00106,First Class,280.782,3,0.4,-46.797
872,CA-2015-131128,20151019,TB-21520,OFF-PA-10003591,LOC00209,First Class,34.44,3,0.0,17.22
873,CA-2014-148488,20141210,SM-20005,OFF-PA-10004470,LOC00030,Standard Class,11.36,2,0.0,5.2256
874,CA-2014-148488,20141210,SM-20005,OFF-BI-10000315,LOC00030,Standard Class,106.344,7,0.2,37.2204
875,CA-2017-114636,20170825,GA-14725,OFF-PA-10001790,LOC00044,Standard Class,192.16,5,0.2,67.256
876,CA-2016-116736,20160117,CC-12430,FUR-FU-10004017,LOC00209,Standard Class,322.59,3,0.0,64.518
877,CA-2016-116736,20160117,CC-12430,TEC-AC-10003628,LOC00209,Standard Class,29.99,1,0.0,13.1956
878,CA-2016-116736,20160117,CC-12430,TEC-AC-10002049,LOC00209,Standard Class,371.97,3,0.0,66.9546
879,US-2014-158638,20140917,AG-10765,OFF-BI-10003712,LOC00075,Standard Class,5.892,4,0.7,-4.1244
880,CA-2017-111689,20171130,HP-14815,OFF-BI-10003984,LOC00024,Second Class,68.472,3,0.2,23.1093
881,CA-2017-111689,20171130,HP-14815,FUR-CH-10004287,LOC00024,Second Class,1242.9,5,0.1,262.39
882,CA-2015-129098,20151009,DK-13090,OFF-ST-10001321,LOC00029,Standard Class,30.84,2,0.0,8.3268
883,US-2017-123463,20171223,GZ-14470,OFF-AR-10001118,LOC00010,Same Day,13.48,4,0.0,5.9312
884,CA-2016-165148,20161022,PM-19135,FUR-FU-10000732,LOC00084,First Class,31.4,5,0.0,10.048
885,CA-2014-134061,20140429,LL-16840,FUR-FU-10001424,LOC00145,Standard Class,17.46,2,0.0,5.9364
886,CA-2015-143602,20150425,JS-15595,OFF-BI-10002071,LOC00063,Second Class,13.944,3,0.2,4.5318
887,CA-2017-115364,20170626,OT-18730,OFF-ST-10002486,LOC00189,Standard Class,83.76,12,0.0,1.6752
888,CA-2017-150707,20171014,EL-13735,OFF-BI-10001078,LOC00210,Standard Class,37.66,7,0.0,18.4534
889,CA-2014-104976,20141209,CK-12760,OFF-PA-10003845,LOC00035,Standard Class,34.68,6,0.0,16.9932
890,CA-2017-132934,20170620,JE-15475,TEC-AC-10000927,LOC00132,Standard Class,149.95,5,0.0,14.995
891,CA-2017-132934,20170620,JE-15475,OFF-BI-10001098,LOC00132,Standard Class,51.312,3,0.2,18.6006
892,CA-2017-133256,20170626,TH-21550,OFF-PA-10001622,LOC00084,First Class,4.54,1,0.0,2.043
893,CA-2017-133256,20170626,TH-21550,OFF-AR-10003158,LOC00084,First Class,15.92,4,0.0,5.4128
894,CA-2017-133256,20170626,TH-21550,TEC-PH-10002660,LOC00084,First Class,543.92,8,0.0,135.98
895,CA-2016-105494,20161110,PC-18745,OFF-ST-10002205,LOC00035,First Class,155.82,7,0.0,42.0714
896,CA-2016-105494,20161110,PC-18745,OFF-BI-10003364,LOC00035,First Class,70.008,3,0.2,24.5028
897,CA-2016-140634,20161003,HL-15040,OFF-EN-10001099,LOC00015,Second Class,15.648,2,0.2,5.0856
898,CA-2014-144407,20140909,MS-17365,OFF-LA-10003923,LOC00084,Standard Class,103.6,7,0.0,51.8
899,CA-2017-160983,20171029,GB-14530,OFF-PA-10002250,LOC00136,Second Class,46.96,8,0.0,22.5408
900,US-2016-114622,20160410,JR-16210,OFF-BI-10004716,LOC00158,First Class,8.904,2,0.7,-6.5296
901,CA-2017-150959,20171111,TD-20995,OFF-LA-10001045,LOC00211,First Class,10.44,5,0.2,3.393
902,CA-2017-150959,20171111,TD-20995,OFF-BI-10001510,LOC00211,First Class,18.336,4,0.8,-32.088
903,CA-2017-132353,20170915,DB-13060,TEC-PH-10004536,LOC00156,First Class,323.976,3,0.2,20.2485
904,CA-2016-130477,20160408,LC-17140,OFF-PA-10002947,LOC00004,Standard Class,20.04,3,0.0,9.6192
905,CA-2016-130477,20160408,LC-17140,OFF-ST-10002583,LOC00004,Standard Class,64.96,2,0.0,2.5984
906,CA-2016-130477,20160408,LC-17140,OFF-PA-10000019,LOC00004,Standard Class,12.96,2,0.0,6.2208
907,CA-2017-143259,20171230,PO-18865,FUR-BO-10003441,LOC00030,Standard Class,323.136,4,0.2,12.1176
908,CA-2017-143259,20171230,PO-18865,TEC-PH-10004774,LOC00030,Standard Class,90.93,7,0.0,2.7279
909,CA-2017-143259,20171230,PO-18865,OFF-BI-10003684,LOC00030,Standard Class,52.776,3,0.2,19.791
910,CA-2017-137596,20170902,BE-11335,TEC-PH-10001494,LOC00031,Standard Class,1199.8,4,0.0,323.946
911,CA-2017-137596,20170902,BE-11335,TEC-AC-10004666,LOC00031,Standard Class,1928.78,7,0.0,829.3754
912,CA-2017-137596,20170902,BE-11335,OFF-ST-10003816,LOC00031,Standard Class,352.38,2,0.0,81.0474
913,CA-2015-133627,20150531,SC-20050,FUR-FU-10001935,LOC00212,Standard Class,22.2,6,0.0,9.102
914,CA-2017-102519,20171127,BM-11650,FUR-FU-10004091,LOC00202,First Class,46.94,1,0.0,19.2454
915,CA-2017-102519,20171127,BM-11650,TEC-AC-10001772,LOC00202,First Class,143.73,9,0.0,56.0547
916,US-2014-141215,20140615,KL-16555,FUR-TA-10001520,LOC00066,Standard Class,99.918,2,0.3,-18.5562
917,US-2014-141215,20140615,KL-16555,FUR-CH-10003379,LOC00066,Standard Class,797.944,4,0.3,-56.996
918,US-2014-141215,20140615,KL-16555,OFF-BI-10002706,LOC00066,Standard Class,8.568,3,0.8,-14.5656
919,CA-2016-165218,20160305,RW-19630,OFF-EN-10000056,LOC00078,Standard Class,149.352,3,0.2,50.4063
920,CA-2016-165218,20160305,RW-19630,OFF-ST-10001558,LOC00078,Standard Class,12.992,1,0.2,-0.812
921,CA-2014-138296,20141205,RC-19825,OFF-ST-10002444,LOC00213,Standard Class,24.56,2,0.0,6.8768
922,CA-2015-111164,20150411,SE-20110,TEC-AC-10002473,LOC00030,Standard Class,85.14,3,0.0,34.9074
923,CA-2015-111164,20150411,SE-20110,TEC-PH-10004531,LOC00030,Standard Class,21.99,1,0.0,10.5552
924,CA-2015-111164,20150411,SE-20110,OFF-AP-10004487,LOC00030,Standard Class,406.6,5,0.0,113.848
925,CA-2016-149797,20160915,AH-10075,OFF-BI-10003650,LOC00165,Standard Class,841.568,2,0.2,294.5488
926,CA-2014-132962,20140913,JM-15535,OFF-PA-10003543,LOC00106,First Class,15.552,3,0.2,5.4432
927,CA-2014-132962,20140913,JM-15535,TEC-AC-10004353,LOC00106,First Class,252.0,5,0.2,53.55
928,CA-2015-115091,20151005,JJ-15760,OFF-AR-10000658,LOC00029,Standard Class,46.2,4,0.0,12.936
929,CA-2015-115091,20151005,JJ-15760,OFF-AP-10000696,LOC00029,Standard Class,28.84,2,0.0,9.5172
930,CA-2017-144932,20170414,AB-10165,OFF-AR-10003560,LOC00214,First Class,14.592,3,0.2,2.5536
931,CA-2017-144932,20170414,AB-10165,OFF-AR-10001468,LOC00214,First Class,89.856,3,0.2,21.3408
932,CA-2017-144932,20170414,AB-10165,OFF-PA-10004971,LOC00214,First Class,13.872,3,0.2,5.0286
933,CA-2017-114216,20170902,RK-19300,OFF-PA-10002195,LOC00012,Standard Class,12.192,3,0.2,4.1148
934,CA-2016-140081,20160620,CG-12040,OFF-PA-10001745,LOC00075,Standard Class,45.056,8,0.2,15.2064
935,CA-2016-140081,20160620,CG-12040,OFF-BI-10004826,LOC00075,Standard Class,29.718,6,0.7,-21.7932
936,CA-2016-140081,20160620,CG-12040,OFF-PA-10001870,LOC00075,Standard Class,15.552,3,0.2,5.4432
937,CA-2016-140081,20160620,CG-12040,OFF-AP-10001058,LOC00075,Standard Class,447.696,2,0.2,33.5772
938,US-2017-111745,20171105,RA-19885,TEC-AC-10003911,LOC00215,First Class,159.99,1,0.0,54.3966
939,CA-2015-148250,20151213,RP-19270,OFF-PA-10000289,LOC00216,Standard Class,12.96,2,0.0,6.2208
940,CA-2015-148250,20151213,RP-19270,OFF-AP-10003040,LOC00216,Standard Class,134.48,4,0.0,34.9648
941,CA-2016-105760,20160619,KC-16255,OFF-PA-10000350,LOC00095,First Class,17.12,2,0.0,8.0464
942,CA-2016-142958,20161213,RW-19630,OFF-BI-10001759,LOC00217,Standard Class,6.096,2,0.2,2.2098
943,CA-2016-142958,20161213,RW-19630,FUR-TA-10000577,LOC00217,Standard Class,1114.272,4,0.2,41.7852
944,CA-2015-120880,20150529,JL-15850,OFF-PA-10004101,LOC00060,Standard Class,32.4,5,0.0,15.552
945,CA-2015-120880,20150529,JL-15850,OFF-ST-10001496,LOC00060,Standard Class,540.57,3,0.0,140.5482
946,CA-2015-120880,20150529,JL-15850,OFF-BI-10002931,LOC00060,Standard Class,167.76,5,0.2,62.91
947,US-2015-140200,20150726,CA-12775,FUR-TA-10002356,LOC00155,First Class,393.165,3,0.5,-204.4458
948,US-2017-110576,20171128,RB-19795,FUR-FU-10003601,LOC00075,Standard Class,516.488,7,0.2,-12.9122
949,US-2017-110576,20171128,RB-19795,FUR-FU-10000576,LOC00075,Standard Class,1007.232,6,0.2,75.5424
950,US-2017-110576,20171128,RB-19795,FUR-TA-10004154,LOC00075,Standard Class,2065.32,12,0.4,-619.596
951,US-2017-110576,20171128,RB-19795,OFF-PA-10000788,LOC00075,Standard Class,15.552,3,0.2,5.4432
952,US-2017-110576,20171128,RB-19795,OFF-PA-10002479,LOC00075,Standard Class,25.344,6,0.2,7.92
953,CA-2017-131156,20170403,KH-16360,FUR-FU-10001940,LOC00106,Standard Class,25.472,4,0.2,7.6416
954,CA-2017-136539,20171228,GH-14665,OFF-AR-10001958,LOC00218,Standard Class,27.168,2,0.2,2.7168
955,CA-2017-136539,20171228,GH-14665,FUR-BO-10004709,LOC00218,Standard Class,78.8528,2,0.32,-11.596
956,CA-2017-119305,20171130,SW-20275,OFF-ST-10000604,LOC00130,Standard Class,173.8,5,0.0,43.45
957,CA-2017-102414,20170515,JA-15970,TEC-PH-10002923,LOC00052,Second Class,29.592,1,0.2,2.5893
958,CA-2017-102414,20170515,JA-15970,OFF-BI-10004465,LOC00052,Second Class,4.752,2,0.7,-3.168
959,CA-2017-102414,20170515,JA-15970,OFF-PA-10002333,LOC00052,Second Class,15.552,3,0.2,5.6376
960,CA-2015-112571,20150922,DL-12925,FUR-FU-10004188,LOC00219,Same Day,204.6,2,0.0,53.196
961,CA-2017-152142,20171114,LW-16990,FUR-CH-10002965,LOC00095,Standard Class,321.568,2,0.2,28.1372
962,CA-2015-160059,20151127,TB-21190,OFF-BI-10000145,LOC00146,Standard Class,6.24,2,0.0,3.0576
963,CA-2016-120859,20160901,CV-12805,OFF-EN-10001335,LOC00095,First Class,21.88,2,0.0,10.94
964,CA-2014-127488,20140922,MS-17365,OFF-LA-10001613,LOC00220,Second Class,4.608,2,0.2,1.6704
965,CA-2017-135279,20170409,BS-11800,OFF-LA-10004055,LOC00165,First Class,9.82,2,0.0,4.8118
966,CA-2017-135279,20170409,BS-11800,OFF-AR-10004344,LOC00165,First Class,35.97,3,0.0,9.7119
967,CA-2017-135279,20170409,BS-11800,OFF-PA-10004621,LOC00165,First Class,12.96,2,0.0,6.2208
968,CA-2017-135279,20170409,BS-11800,OFF-PA-10001281,LOC00165,First Class,191.6,4,0.0,91.968
969,CA-2017-135279,20170409,BS-11800,OFF-LA-10001613,LOC00165,First Class,8.64,3,0.0,4.2336
970,CA-2017-135279,20170409,BS-11800,OFF-ST-10001097,LOC00165,First Class,501.81,3,0.0,0.0
971,CA-2014-115791,20140116,DL-13315,FUR-FU-10001095,LOC00064,Second Class,127.104,6,0.2,28.5984
972,CA-2014-115791,20140116,DL-13315,TEC-PH-10004614,LOC00064,Second Class,124.2,3,0.4,-31.05
973,CA-2014-115791,20140116,DL-13315,OFF-BI-10001575,LOC00064,Second Class,18.588,2,0.7,-13.6312
974,CA-2014-115791,20140116,DL-13315,OFF-LA-10001074,LOC00064,Second Class,30.072,3,0.2,10.1493
975,US-2017-103247,20171005,PO-19195,TEC-PH-10003555,LOC00165,Second Class,160.93,7,0.0,3.2186
976,US-2017-103247,20171005,PO-19195,OFF-BI-10004492,LOC00165,Second Class,75.792,3,0.2,25.5798
977,US-2017-100209,20170709,TD-20995,OFF-BI-10002012,LOC00041,Standard Class,1.08,2,0.7,-0.792
978,CA-2017-159366,20170107,BW-11110,TEC-MA-10000822,LOC00186,First Class,3059.982,2,0.1,679.996
979,CA-2016-145499,20160530,RW-19690,OFF-BI-10000848,LOC00125,First Class,3.282,2,0.7,-2.6256
980,CA-2015-157035,20151209,KB-16600,OFF-PA-10004156,LOC00135,First Class,34.02,3,0.0,16.6698
981,CA-2016-144939,20161003,EB-13870,FUR-CH-10003199,LOC00046,Standard Class,599.292,6,0.1,93.2232
982,CA-2014-163419,20141111,TZ-21580,OFF-AR-10000034,LOC00128,Second Class,3.392,1,0.2,0.8056
983,CA-2014-163419,20141111,TZ-21580,TEC-PH-10000560,LOC00128,Second Class,559.984,2,0.2,55.9984
984,CA-2014-163419,20141111,TZ-21580,FUR-CH-10000665,LOC00128,Second Class,603.92,5,0.2,75.49
985,CA-2017-100314,20170929,AS-10630,OFF-LA-10001569,LOC00090,Standard Class,7.968,2,0.2,2.5896
986,CA-2017-100314,20170929,AS-10630,OFF-EN-10000461,LOC00090,Standard Class,27.968,4,0.2,9.4392
987,CA-2017-100314,20170929,AS-10630,TEC-MA-10003066,LOC00090,Standard Class,336.51,3,0.4,44.868
988,CA-2015-146829,20150310,TS-21340,OFF-BI-10004022,LOC00017,Same Day,1.112,2,0.8,-1.8904
989,CA-2017-167899,20170521,JG-15805,FUR-FU-10004071,LOC00136,Standard Class,520.05,5,0.0,72.807
990,CA-2017-167899,20170521,JG-15805,OFF-AR-10001988,LOC00136,Standard Class,17.97,3,0.0,5.2113
991,CA-2015-153549,20150329,SL-20155,FUR-CH-10004086,LOC00134,Second Class,1166.92,5,0.2,131.2785
992,CA-2016-110023,20160909,TS-21610,OFF-BI-10001036,LOC00024,First Class,14.624,2,0.2,5.484
993,CA-2016-105585,20160826,RF-19735,OFF-FA-10002983,LOC00059,First Class,10.23,3,0.0,4.9104
994,CA-2016-105585,20160826,RF-19735,OFF-PA-10003625,LOC00059,First Class,154.9,5,0.0,69.705
995,CA-2014-117639,20140521,MW-18235,OFF-BI-10003925,LOC00221,Standard Class,2715.93,7,0.0,1276.4871
996,CA-2014-117639,20140521,MW-18235,TEC-PH-10001530,LOC00221,Standard Class,617.97,3,0.0,173.0316
997,CA-2015-162537,20151028,RD-19585,OFF-EN-10003862,LOC00001,Standard Class,10.67,1,0.0,4.9082
998,CA-2015-162537,20151028,RD-19585,OFF-ST-10004258,LOC00001,Standard Class,36.63,3,0.0,9.8901
999,CA-2015-162537,20151028,RD-19585,FUR-FU-10002885,LOC00001,Standard Class,24.1,5,0.0,9.158
1000,CA-2015-162537,20151028,RD-19585,FUR-FU-10001918,LOC00001,Standard Class,33.11,7,0.0,12.9129
1001,CA-2016-155488,20161113,FM-14290,OFF-AR-10002956,LOC00173,Standard Class,44.02,2,0.0,11.4452
1002,CA-2015-124891,20150731,RH-19495,TEC-AC-10003033,LOC00024,Same Day,2309.65,7,0.0,762.1845
1003,CA-2015-124891,20150731,RH-19495,FUR-TA-10002903,LOC00024,Same Day,1090.782,7,0.4,-290.8752
1004,CA-2015-124891,20150731,RH-19495,OFF-PA-10004621,LOC00024,Same Day,19.44,3,0.0,9.3312
1005,CA-2015-126445,20150827,RA-19945,OFF-ST-10000046,LOC00222,Standard Class,484.65,3,0.0,92.0835
1006,CA-2015-111199,20151113,JK-15730,OFF-PA-10001790,LOC00223,Standard Class,115.296,3,0.2,40.3536
1007,CA-2015-105312,20151106,MT-17815,OFF-EN-10002600,LOC00058,First Class,7.08,3,0.2,2.478
1008,CA-2015-105312,20151106,MT-17815,OFF-BI-10002049,LOC00058,First Class,4.401,3,0.7,-3.5208
1009,US-2017-106705,20171226,PO-18850,OFF-PA-10001509,LOC00224,Standard Class,44.75,5,0.0,20.585
1010,CA-2017-135034,20170801,AT-10735,TEC-PH-10003931,LOC00156,First Class,95.984,2,0.2,5.999
1011,CA-2014-158540,20141124,VG-21790,FUR-FU-10001602,LOC00089,First Class,151.72,4,0.0,27.3096
1012,CA-2017-118437,20170617,PF-19165,FUR-FU-10004848,LOC00225,Second Class,155.25,3,0.0,46.575
1013,CA-2017-118437,20170617,PF-19165,OFF-ST-10003722,LOC00225,Second Class,14.03,1,0.0,4.0687
1014,US-2015-126214,20151221,JS-15880,FUR-TA-10003748,LOC00006,Second Class,1618.37,13,0.0,356.0414
1015,US-2015-126214,20151221,JS-15880,TEC-AC-10003198,LOC00006,Second Class,99.6,1,0.0,36.852
1016,CA-2015-133025,20150917,MO-17800,OFF-PA-10004100,LOC00002,Second Class,32.4,5,0.0,15.552
1017,CA-2015-108665,20150706,KM-16225,FUR-FU-10002191,LOC00165,Standard Class,13.96,2,0.0,6.7008
1018,CA-2015-108665,20150706,KM-16225,FUR-FU-10000965,LOC00165,Standard Class,155.82,3,0.0,63.8862
1019,CA-2015-108665,20150706,KM-16225,TEC-PH-10004188,LOC00165,Standard Class,124.95,5,0.0,2.499
1020,CA-2015-108665,20150706,KM-16225,OFF-ST-10001526,LOC00165,Standard Class,601.65,5,0.0,156.429
1021,CA-2015-124450,20150427,GT-14710,OFF-AR-10001166,LOC00226,Standard Class,22.74,3,0.0,8.8686
1022,CA-2015-124450,20150427,GT-14710,FUR-CH-10000309,LOC00226,Standard Class,1267.53,3,0.0,316.8825
1023,CA-2015-124450,20150427,GT-14710,TEC-MA-10004212,LOC00226,Standard Class,1379.92,8,0.0,648.5624
1024,CA-2015-167269,20150616,PB-19150,OFF-EN-10003072,LOC00064,Standard Class,6.208,2,0.2,2.1728
1025,CA-2017-106964,20171217,HR-14770,OFF-BI-10000320,LOC00063,First Class,11.808,2,0.2,4.2804
1026,CA-2016-126529,20160111,DE-13255,OFF-PA-10001166,LOC00158,Second Class,15.552,3,0.2,5.4432
1027,CA-2016-126529,20160111,DE-13255,OFF-PA-10003656,LOC00158,Second Class,63.312,3,0.2,20.5764
1028,CA-2016-126529,20160111,DE-13255,TEC-PH-10000148,LOC00158,Second Class,15.588,2,0.4,-9.8724
1029,CA-2014-163552,20140711,LA-16780,OFF-PA-10000474,LOC00104,Standard Class,177.2,5,0.0,83.284
1030,CA-2014-163552,20140711,LA-16780,TEC-PH-10003885,LOC00104,Standard Class,197.97,3,0.0,57.4113
1031,CA-2014-163552,20140711,LA-16780,FUR-CH-10003379,LOC00104,Standard Class,854.94,3,0.0,213.735
1032,CA-2014-163552,20140711,LA-16780,FUR-FU-10000629,LOC00104,Standard Class,124.11,9,0.0,52.1262
1033,CA-2014-163552,20140711,LA-16780,OFF-LA-10001175,LOC00104,Standard Class,14.4,5,0.0,7.056
1034,CA-2016-109820,20161120,AG-10390,OFF-PA-10000955,LOC00094,First Class,15.696,3,0.2,5.1012
1035,CA-2016-109820,20161120,AG-10390,OFF-BI-10003460,LOC00094,First Class,2.628,2,0.7,-1.9272
1036,CA-2016-109820,20161120,AG-10390,OFF-BI-10000474,LOC00094,First Class,14.427,3,0.7,-10.5798
1037,CA-2016-113061,20160422,EL-13735,FUR-FU-10003975,LOC00227,Standard Class,86.62,2,0.0,8.662
1038,CA-2015-127418,20150613,JJ-15445,OFF-BI-10003707,LOC00026,First Class,36.624,3,0.2,13.734
1039,CA-2017-121818,20171120,JH-15430,OFF-AR-10000203,LOC00180,First Class,23.968,7,0.2,2.6964
1040,CA-2017-121818,20171120,JH-15430,OFF-AR-10004790,LOC00180,First Class,28.728,3,0.2,1.7955
1041,CA-2016-127670,20160320,RD-19660,FUR-TA-10001095,LOC00228,Standard Class,697.16,4,0.0,146.4036
1042,CA-2016-102981,20160906,MO-17500,TEC-AC-10004761,LOC00046,Second Class,31.86,2,0.0,11.151
1043,CA-2016-102981,20160906,MO-17500,FUR-BO-10001811,LOC00046,Second Class,722.352,3,0.2,90.294
1044,CA-2017-115651,20170709,NS-18640,OFF-AR-10001130,LOC00027,First Class,8.84,5,0.2,2.9835
1045,CA-2017-115651,20170709,NS-18640,OFF-AP-10000055,LOC00027,First Class,58.464,9,0.8,-146.16
1046,CA-2017-152702,20171012,SN-20710,FUR-CH-10002304,LOC00229,Standard Class,254.604,14,0.3,-18.186
1047,CA-2016-169103,20160308,ZC-21910,TEC-PH-10001530,LOC00230,Standard Class,1363.96,5,0.2,85.2475
1048,CA-2016-169103,20160308,ZC-21910,FUR-FU-10004006,LOC00230,Standard Class,102.36,3,0.2,-3.8385
1049,CA-2014-139192,20140527,LC-16885,TEC-PH-10000486,LOC00010,Second Class,1113.504,12,0.2,125.2692
1050,CA-2014-139192,20140527,LC-16885,TEC-AC-10001606,LOC00010,Second Class,99.99,1,0.0,37.9962
1051,US-2015-153500,20150703,DG-13300,FUR-FU-10000293,LOC00064,First Class,168.464,2,0.2,-29.4812
1052,US-2015-153500,20150703,DG-13300,OFF-PA-10001307,LOC00064,First Class,6.72,2,0.2,2.436
1053,US-2015-153500,20150703,DG-13300,FUR-FU-10004460,LOC00064,First Class,282.888,9,0.2,56.5776
1054,CA-2015-110667,20150404,NF-18595,OFF-AR-10000716,LOC00030,Standard Class,11.16,2,0.0,4.3524
1055,CA-2015-110667,20150404,NF-18595,FUR-FU-10004622,LOC00030,Standard Class,108.4,2,0.0,22.764
1056,CA-2015-110667,20150404,NF-18595,OFF-BI-10002735,LOC00030,Standard Class,82.344,3,0.2,27.7911
1057,CA-2015-110667,20150404,NF-18595,OFF-BI-10003529,LOC00030,Standard Class,9.088,4,0.2,3.2944
1058,CA-2017-167150,20171210,BP-11185,OFF-BI-10001097,LOC00089,Standard Class,19.936,4,0.2,7.2268
1059,CA-2017-167150,20171210,BP-11185,OFF-BI-10001597,LOC00089,Standard Class,65.568,2,0.2,22.9488
1060,CA-2016-105284,20161124,MG-17650,OFF-FA-10001754,LOC00106,Standard Class,4.416,3,0.2,1.6008
1061,US-2015-125374,20150323,JD-16060,FUR-CH-10003396,LOC00015,Standard Class,107.772,2,0.3,-29.2524
1062,CA-2015-161263,20150416,TS-21160,OFF-AP-10002350,LOC00214,Standard Class,45.216,3,0.2,4.5216
1063,CA-2015-161263,20150416,TS-21160,OFF-FA-10004838,LOC00214,Standard Class,10.416,7,0.2,-2.2134
1064,CA-2015-161263,20150416,TS-21160,OFF-AR-10004757,LOC00214,Standard Class,7.872,3,0.2,1.2792
1065,CA-2015-161263,20150416,TS-21160,TEC-PH-10002115,LOC00214,Standard Class,118.782,3,0.4,-27.7158
1066,CA-2015-161263,20150416,TS-21160,OFF-FA-10003059,LOC00214,Standard Class,1.448,1,0.2,0.2353
1067,CA-2015-161263,20150416,TS-21160,OFF-BI-10004330,LOC00214,Standard Class,55.47,5,0.7,-46.225
1068,CA-2016-157686,20161001,BD-11620,FUR-CH-10001146,LOC00035,First Class,194.848,4,0.2,12.178
1069,US-2017-139955,20170928,CM-12160,OFF-SU-10001935,LOC00231,Second Class,1.744,1,0.2,-0.3488
1070,US-2015-150161,20150725,RB-19795,OFF-BI-10001524,LOC00106,Standard Class,25.176,4,0.7,-18.4624
1071,CA-2015-144652,20151120,SN-20560,OFF-AR-10003732,LOC00142,Standard Class,19.46,7,0.0,5.0596
1072,CA-2016-152814,20160428,EH-14005,OFF-PA-10001970,LOC00077,Standard Class,29.472,3,0.2,9.9468
1073,CA-2017-106943,20171114,FO-14305,OFF-BI-10003669,LOC00046,Standard Class,8.64,2,0.2,3.024
1074,CA-2016-134348,20161112,MS-17710,OFF-BI-10003727,LOC00155,Standard Class,6.27,5,0.7,-4.598
1075,CA-2016-134348,20161112,MS-17710,OFF-BI-10004967,LOC00155,Standard Class,4.368,7,0.7,-3.3488
1076,CA-2016-134348,20161112,MS-17710,TEC-AC-10003447,LOC00155,Standard Class,31.984,2,0.2,1.999
1077,CA-2016-161781,20160929,CC-12100,OFF-AR-10000255,LOC00135,First Class,40.88,7,0.0,10.6288
1078,CA-2017-132521,20170923,DW-13540,OFF-AP-10002191,LOC00060,Second Class,119.96,2,0.0,33.5888
1079,CA-2017-132521,20170923,DW-13540,OFF-ST-10001325,LOC00060,Second Class,31.44,3,0.0,8.4888
1080,CA-2017-132521,20170923,DW-13540,OFF-BI-10000404,LOC00060,Second Class,6.88,1,0.2,2.322
1081,CA-2015-110016,20151129,BT-11395,OFF-PA-10000349,LOC00084,Standard Class,19.92,4,0.0,9.3624
1082,CA-2015-110016,20151129,BT-11395,FUR-CH-10002880,LOC00084,Standard Class,1106.91,9,0.0,121.7601
1083,US-2016-143819,20160301,KD-16270,FUR-TA-10001095,LOC00232,Standard Class,836.592,8,0.4,-264.9208
1084,US-2016-143819,20160301,KD-16270,OFF-PA-10003127,LOC00232,Standard Class,26.38,1,0.0,12.1348
1085,US-2016-143819,20160301,KD-16270,OFF-ST-10003208,LOC00232,Standard Class,362.92,2,0.0,105.2468
1086,US-2016-143819,20160301,KD-16270,TEC-MA-10003979,LOC00232,Standard Class,4899.93,7,0.0,2400.9657
1087,CA-2016-167584,20160812,LC-16870,OFF-PA-10000029,LOC00194,Same Day,6.48,1,0.0,3.1104
1088,CA-2016-166163,20160815,CY-12745,TEC-PH-10004896,LOC00233,Second Class,71.976,3,0.2,7.1976
1089,CA-2016-166163,20160815,CY-12745,OFF-LA-10000452,LOC00233,Second Class,3.15,1,0.0,1.512
1090,CA-2017-158407,20170604,LW-16990,FUR-FU-10001967,LOC00234,Standard Class,31.984,2,0.2,1.999
1091,CA-2017-158407,20170604,LW-16990,TEC-PH-10001819,LOC00234,Standard Class,71.984,2,0.2,25.1944
1092,CA-2015-143490,20151206,NP-18325,OFF-AR-10002952,LOC00189,Standard Class,120.15,9,0.0,33.642
1093,CA-2015-143490,20151206,NP-18325,TEC-PH-10000576,LOC00189,Standard Class,219.184,2,0.2,19.1786
1094,CA-2015-165085,20151227,BT-11485,OFF-PA-10000605,LOC00235,Standard Class,28.9,5,0.0,14.161
1095,CA-2015-165085,20151227,BT-11485,OFF-AP-10002518,LOC00235,Standard Class,355.96,2,0.0,103.2284
1096,CA-2017-160423,20170121,PS-19045,OFF-ST-10004340,LOC00044,Standard Class,348.208,7,0.2,30.4682
1097,CA-2017-160423,20170121,PS-19045,OFF-BI-10004001,LOC00044,Standard Class,35.784,7,0.7,-28.6272
1098,CA-2014-159338,20140625,NS-18640,FUR-TA-10004147,LOC00014,First Class,447.84,5,0.2,11.196
1099,CA-2016-107216,20160614,PV-18985,OFF-AR-10001545,LOC00035,First Class,7.04,4,0.0,2.0416
1100,CA-2016-107216,20160614,PV-18985,FUR-FU-10000206,LOC00035,First Class,8.73,3,0.0,4.1031
1101,CA-2016-107216,20160614,PV-18985,TEC-AC-10001013,LOC00035,First Class,29.29,1,0.0,9.6657
1102,CA-2016-107216,20160614,PV-18985,OFF-AR-10002255,LOC00035,First Class,8.64,3,0.0,2.5056
1103,US-2017-145863,20170421,RP-19390,OFF-BI-10004140,LOC00017,Standard Class,2.694,3,0.8,-4.7145
1104,US-2017-145863,20170421,RP-19390,OFF-BI-10002049,LOC00017,Standard Class,2.934,3,0.8,-4.9878
1105,CA-2016-112340,20161021,NM-18520,OFF-PA-10001892,LOC00216,Standard Class,22.92,3,0.0,11.2308
1106,US-2016-110156,20161119,EH-13945,OFF-ST-10000642,LOC00017,Standard Class,100.704,6,0.2,-16.3644
1107,US-2016-110156,20161119,EH-13945,FUR-FU-10000206,LOC00017,Standard Class,2.328,2,0.6,-0.7566
1108,US-2016-110156,20161119,EH-13945,OFF-BI-10003676,LOC00017,Standard Class,10.78,5,0.8,-17.248
1109,US-2016-110156,20161119,EH-13945,OFF-FA-10003495,LOC00017,Standard Class,58.368,12,0.2,21.888
1110,US-2016-110156,20161119,EH-13945,OFF-EN-10003798,LOC00017,Standard Class,40.968,3,0.2,13.8267
1111,US-2016-110156,20161119,EH-13945,TEC-PH-10003589,LOC00017,Standard Class,71.96,5,0.2,25.186
1112,US-2016-110156,20161119,EH-13945,OFF-PA-10004735,LOC00017,Standard Class,10.368,2,0.2,3.6288
1113,US-2016-110156,20161119,EH-13945,OFF-BI-10002609,LOC00017,Standard Class,1.192,2,0.8,-2.0264
1114,CA-2017-140585,20171218,RA-19915,OFF-BI-10003364,LOC00236,Second Class,46.672,2,0.2,16.3352
1115,CA-2017-140585,20171218,RA-19915,FUR-BO-10002206,LOC00236,Second Class,119.833,1,0.15,-12.6882
1116,CA-2017-140585,20171218,RA-19915,TEC-AC-10003610,LOC00236,Second Class,119.98,2,0.0,57.5904
1117,CA-2016-144855,20160722,DL-13495,OFF-LA-10003766,LOC00095,Second Class,6.3,2,0.0,3.024
1118,CA-2015-142755,20150904,CS-12355,OFF-PA-10001970,LOC00237,Standard Class,279.9,5,0.0,137.151
1119,CA-2015-142755,20150904,CS-12355,TEC-AC-10002049,LOC00237,Standard Class,619.95,5,0.0,111.591
1120,CA-2015-142755,20150904,CS-12355,OFF-PA-10000141,LOC00237,Standard Class,4.36,2,0.0,2.0492
1121,CA-2015-142755,20150904,CS-12355,OFF-EN-10004459,LOC00237,Standard Class,15.28,2,0.0,7.4872
1122,US-2014-147627,20140120,HL-15040,TEC-PH-10001061,LOC00238,Standard Class,699.93,7,0.0,181.9818
1123,US-2014-147627,20140120,HL-15040,OFF-AR-10002375,LOC00238,Standard Class,22.96,7,0.0,6.6584
1124,US-2014-147627,20140120,HL-15040,FUR-FU-10003194,LOC00238,Standard Class,38.6,4,0.0,11.58
1125,US-2014-147627,20140120,HL-15040,OFF-AR-10003811,LOC00238,Standard Class,6.63,3,0.0,1.7901
1126,US-2014-147627,20140120,HL-15040,OFF-EN-10001539,LOC00238,Standard Class,23.34,3,0.0,10.9698
1127,US-2014-147627,20140120,HL-15040,FUR-CH-10002331,LOC00238,Standard Class,1067.94,3,0.0,224.2674
1128,CA-2015-105970,20150302,PA-19060,OFF-AR-10003156,LOC00239,Standard Class,10.16,1,0.0,2.6416
1129,CA-2015-105970,20150302,PA-19060,OFF-EN-10001532,LOC00239,Standard Class,101.88,6,0.0,50.94
1130,CA-2016-112102,20160412,BD-11605,FUR-TA-10004086,LOC00029,Standard Class,343.92,4,0.0,75.6624
1131,CA-2016-112102,20160412,BD-11605,OFF-PA-10000100,LOC00029,Standard Class,40.99,1,0.0,20.0851
1132,CA-2016-112102,20160412,BD-11605,OFF-EN-10002500,LOC00029,Standard Class,63.9,5,0.0,28.755
1133,US-2016-114776,20161206,GG-14650,OFF-PA-10004100,LOC00240,First Class,19.44,3,0.0,9.3312
1134,US-2016-134908,20160605,JS-15940,OFF-ST-10003479,LOC00064,Standard Class,124.608,4,0.2,-23.364
1135,US-2016-134908,20160605,JS-15940,OFF-LA-10000973,LOC00064,Standard Class,7.56,3,0.2,2.646
1136,US-2016-148803,20161211,LR-16915,OFF-ST-10001476,LOC00241,Same Day,85.224,3,0.2,7.4571
1137,CA-2016-152170,20161112,FH-14275,OFF-EN-10002831,LOC00242,Second Class,287.52,8,0.0,129.384
1138,CA-2016-152170,20161112,FH-14275,OFF-AP-10002350,LOC00242,Second Class,37.68,2,0.0,10.5504
1139,CA-2016-152170,20161112,FH-14275,OFF-PA-10001763,LOC00242,Second Class,19.98,2,0.0,8.991
1140,CA-2016-152170,20161112,FH-14275,OFF-AR-10003394,LOC00242,Second Class,20.58,7,0.0,5.5566
1141,CA-2016-152170,20161112,FH-14275,OFF-BI-10002072,LOC00242,Second Class,17.38,2,0.0,8.69
1142,CA-2014-146969,20140929,AP-10915,FUR-FU-10004188,LOC00063,Standard Class,204.6,2,0.0,53.196
1143,CA-2014-146969,20140929,AP-10915,OFF-FA-10001561,LOC00063,Standard Class,8.72,4,0.0,2.8776
1144,CA-2014-146969,20140929,AP-10915,OFF-PA-10002105,LOC00063,Standard Class,6.48,1,0.0,3.1104
1145,CA-2014-146969,20140929,AP-10915,TEC-MA-10004241,LOC00063,Standard Class,686.32,2,0.2,223.054
1146,CA-2014-146969,20140929,AP-10915,OFF-ST-10004340,LOC00063,Standard Class,62.18,1,0.0,16.7886
1147,CA-2015-112452,20150404,NC-18340,OFF-AP-10003849,LOC00243,Same Day,644.076,2,0.1,107.346
1148,CA-2015-112452,20150404,NC-18340,OFF-FA-10000735,LOC00243,Same Day,5.84,2,0.0,2.628
1149,CA-2015-112452,20150404,NC-18340,OFF-BI-10003350,LOC00243,Same Day,12.76,2,0.0,5.8696
1150,CA-2015-112452,20150404,NC-18340,TEC-PH-10000307,LOC00243,Same Day,10.95,1,0.0,0.438
1151,CA-2015-112452,20150404,NC-18340,TEC-CO-10004202,LOC00243,Same Day,599.98,2,0.0,209.993
1152,CA-2015-113971,20150508,CB-12535,FUR-FU-10001852,LOC00244,Standard Class,8.352,6,0.2,1.2528
1153,CA-2017-160395,20161231,KL-16555,OFF-AR-10003759,LOC00245,Standard Class,3.64,2,0.0,1.638
1154,CA-2017-160395,20161231,KL-16555,OFF-BI-10003984,LOC00245,Standard Class,159.768,7,0.2,53.9217
1155,CA-2014-136567,20141220,PS-19045,OFF-ST-10004337,LOC00246,First Class,122.48,2,0.0,0.0
1156,CA-2014-136567,20141220,PS-19045,FUR-TA-10001932,LOC00246,First Class,2244.48,7,0.0,493.7856
1157,CA-2014-136567,20141220,PS-19045,OFF-BI-10003982,LOC00246,First Class,62.31,3,0.0,29.2857
1158,CA-2014-136567,20141220,PS-19045,FUR-TA-10000617,LOC00246,First Class,455.1,2,0.0,100.122
1159,CA-2016-149314,20160702,GB-14530,FUR-CH-10002126,LOC00026,Second Class,195.184,1,0.2,19.5184
1160,CA-2017-147039,20170629,AA-10315,OFF-AP-10000576,LOC00040,Standard Class,362.94,3,0.0,90.735
1161,CA-2017-147039,20170629,AA-10315,OFF-BI-10004654,LOC00040,Standard Class,11.54,2,0.0,5.77
1162,CA-2014-126522,20140901,LT-16765,OFF-AR-10004042,LOC00247,Second Class,53.94,3,0.0,15.6426
1163,CA-2014-127964,20140303,AP-10720,TEC-PH-10004700,LOC00046,Standard Class,9.99,1,0.0,4.5954
1164,CA-2014-127964,20140303,AP-10720,OFF-BI-10004593,LOC00046,Standard Class,125.76,3,0.2,40.872
1165,CA-2014-127964,20140303,AP-10720,OFF-BI-10003429,LOC00046,Standard Class,25.32,5,0.2,9.1785
1166,CA-2014-117709,20140504,PM-18940,OFF-BI-10001294,LOC00031,Standard Class,46.8,4,0.0,21.06
1167,CA-2015-125416,20151102,KC-16540,TEC-AC-10001552,LOC00061,Same Day,447.93,9,0.0,49.2723
1168,CA-2017-145226,20171208,DL-13315,FUR-FU-10004952,LOC00046,Second Class,109.48,2,0.0,33.9388
1169,CA-2017-145226,20171208,DL-13315,OFF-ST-10004123,LOC00046,Second Class,272.94,3,0.0,0.0
1170,CA-2017-145226,20171208,DL-13315,OFF-PA-10003172,LOC00046,Second Class,19.44,3,0.0,9.3312
1171,CA-2017-145226,20171208,DL-13315,OFF-ST-10002352,LOC00046,Second Class,31.92,4,0.0,8.2992
1172,US-2014-100279,20140310,SW-20275,OFF-PA-10002259,LOC00248,Standard Class,22.38,2,0.0,10.7424
1173,CA-2014-158064,20140421,AA-10375,OFF-BI-10002976,LOC00142,Standard Class,16.52,5,0.2,5.5755
1174,US-2015-104430,20151022,LT-17110,OFF-BI-10000301,LOC00051,Standard Class,5.176,4,0.8,-7.764
1175,CA-2015-132080,20150822,DP-13105,OFF-BI-10003694,LOC00046,First Class,50.112,6,0.2,16.2864
1176,CA-2016-161207,20160829,AB-10060,OFF-SU-10000381,LOC00209,Standard Class,27.93,3,0.0,8.0997
1177,CA-2014-120243,20141227,AT-10435,OFF-LA-10004425,LOC00026,Second Class,11.56,4,0.0,5.4332
1178,CA-2016-113621,20161201,JE-15745,FUR-CH-10001270,LOC00249,Standard Class,172.5,2,0.0,51.75
1179,CA-2016-113621,20161201,JE-15745,TEC-PH-10003931,LOC00249,Standard Class,179.97,3,0.0,44.9925
1180,CA-2016-168081,20160424,CA-12055,TEC-AC-10003174,LOC00033,Second Class,258.696,3,0.2,64.674
1181,CA-2014-128146,20140621,DB-13060,TEC-PH-10004539,LOC00101,Standard Class,1322.93,7,0.0,357.1911
1182,CA-2014-128146,20140621,DB-13060,OFF-AR-10001919,LOC00101,Standard Class,3.76,2,0.0,1.0904
1183,CA-2017-138779,20170114,RB-19570,OFF-EN-10002504,LOC00223,First Class,21.744,1,0.2,7.3386
1184,CA-2017-138779,20170114,RB-19570,TEC-PH-10003655,LOC00223,First Class,7.92,5,0.2,0.693
1185,CA-2014-127131,20141124,HR-14830,OFF-BI-10004656,LOC00006,Standard Class,12.096,7,0.2,4.2336
1186,CA-2014-127131,20141124,HR-14830,OFF-ST-10002344,LOC00006,Standard Class,485.88,6,0.0,9.7176
1187,CA-2014-127131,20141124,HR-14830,OFF-PA-10001800,LOC00006,Standard Class,25.92,4,0.0,12.4416
1188,CA-2014-127131,20141124,HR-14830,OFF-ST-10000036,LOC00006,Standard Class,197.58,2,0.0,53.3466
1189,CA-2017-117212,20170226,BT-11530,OFF-AP-10004532,LOC00002,Second Class,81.92,4,0.0,22.1184
1190,CA-2017-117212,20170226,BT-11530,TEC-PH-10004447,LOC00002,Second Class,889.536,8,0.2,66.7152
1191,CA-2017-117212,20170226,BT-11530,FUR-CH-10003973,LOC00002,Second Class,892.224,3,0.2,89.2224
1192,CA-2017-117212,20170226,BT-11530,OFF-PA-10001970,LOC00002,Second Class,223.92,4,0.0,109.7208
1193,CA-2017-117212,20170226,BT-11530,OFF-PA-10000682,LOC00002,Second Class,23.12,4,0.0,11.3288
1194,US-2015-130519,20150915,NG-18355,OFF-PA-10001937,LOC00250,Same Day,15.552,3,0.2,5.4432
1195,US-2015-130519,20150915,NG-18355,FUR-FU-10002268,LOC00250,Same Day,15.712,4,0.2,2.5532
1196,US-2015-130519,20150915,NG-18355,OFF-ST-10001321,LOC00250,Same Day,24.672,2,0.2,2.1588
1197,US-2015-130519,20150915,NG-18355,FUR-FU-10003394,LOC00250,Same Day,55.968,1,0.2,-2.0988
1198,CA-2016-130946,20160408,ZC-21910,TEC-AC-10001990,LOC00017,Standard Class,431.928,9,0.2,64.7892
1199,CA-2016-130946,20160408,ZC-21910,FUR-CH-10004540,LOC00017,Standard Class,95.984,4,0.3,-4.1136
1200,CA-2016-130946,20160408,ZC-21910,OFF-BI-10004995,LOC00017,Standard Class,1088.792,4,0.8,-1850.9464
1201,CA-2016-114727,20160718,LS-16945,FUR-CH-10002335,LOC00077,Standard Class,544.008,3,0.2,40.8006
1202,CA-2016-114727,20160718,LS-16945,OFF-BI-10004967,LOC00077,Standard Class,1.872,3,0.7,-1.4352
1203,CA-2016-114727,20160718,LS-16945,FUR-CH-10002331,LOC00077,Standard Class,854.352,3,0.2,10.6794
1204,CA-2016-114727,20160718,LS-16945,OFF-ST-10002292,LOC00077,Standard Class,593.568,2,0.2,0.0
1205,CA-2016-114727,20160718,LS-16945,OFF-ST-10000689,LOC00077,Standard Class,338.04,3,0.2,-33.804
1206,CA-2017-133235,20170801,LH-16750,TEC-PH-10002660,LOC00044,First Class,271.96,5,0.2,16.9975
1207,CA-2016-137050,20160714,SW-20755,OFF-ST-10004634,LOC00030,Second Class,11.21,1,0.0,3.363
1208,CA-2016-137050,20160714,SW-20755,OFF-BI-10002160,LOC00030,Second Class,9.144,3,0.2,3.2004
1209,CA-2016-137050,20160714,SW-20755,OFF-FA-10002988,LOC00030,Second Class,14.07,7,0.0,6.8943
1210,CA-2016-137050,20160714,SW-20755,OFF-AR-10004999,LOC00030,Second Class,41.86,7,0.0,10.465
1211,CA-2016-137050,20160714,SW-20755,OFF-BI-10001031,LOC00030,Second Class,8.544,2,0.2,2.8836
1212,CA-2016-137050,20160714,SW-20755,FUR-BO-10004695,LOC00030,Second Class,579.136,4,0.2,21.7176
1213,US-2017-118087,20170909,SP-20620,FUR-CH-10004860,LOC00064,Standard Class,141.372,2,0.3,-48.4704
1214,US-2017-118087,20170909,SP-20620,OFF-BI-10002432,LOC00064,Standard Class,3.036,2,0.7,-2.3276
1215,US-2017-118087,20170909,SP-20620,OFF-BI-10000069,LOC00064,Standard Class,4.503,1,0.7,-3.6024
1216,US-2017-118087,20170909,SP-20620,OFF-AR-10003602,LOC00064,Standard Class,4.672,1,0.2,1.5768
1217,US-2017-118087,20170909,SP-20620,TEC-AC-10004469,LOC00064,Standard Class,95.88,3,0.2,28.764
1218,US-2017-118087,20170909,SP-20620,FUR-FU-10001867,LOC00064,Standard Class,17.024,2,0.2,1.7024
1219,US-2017-118087,20170909,SP-20620,TEC-AC-10003174,LOC00064,Standard Class,258.696,3,0.2,64.674
1220,US-2017-118087,20170909,SP-20620,TEC-PH-10002200,LOC00064,Standard Class,1931.958,7,0.4,-386.3916
1221,CA-2014-110184,20140712,BF-11170,OFF-ST-10000107,LOC00002,Standard Class,249.75,9,0.0,44.955
1222,CA-2014-110184,20140712,BF-11170,TEC-PH-10000439,LOC00002,Standard Class,255.936,8,0.2,28.7928
1223,CA-2016-126004,20161204,BM-11140,FUR-FU-10001602,LOC00024,First Class,113.79,3,0.0,20.4822
1224,CA-2016-126004,20161204,BM-11140,TEC-AC-10001432,LOC00024,First Class,78.15,1,0.0,34.386
1225,CA-2016-126004,20161204,BM-11140,OFF-BI-10004656,LOC00024,First Class,1.728,1,0.2,0.6048
1226,CA-2016-126004,20161204,BM-11140,OFF-PA-10001685,LOC00024,First Class,40.56,4,0.0,19.8744
1227,CA-2016-126004,20161204,BM-11140,OFF-ST-10001418,LOC00024,First Class,182.94,3,0.0,3.6588
1228,CA-2016-126004,20161204,BM-11140,OFF-ST-10000676,LOC00024,First Class,193.86,2,0.0,11.6316
1229,CA-2017-100013,20171106,ZC-21910,OFF-EN-10001219,LOC00063,Standard Class,15.28,2,0.0,7.4872
1230,CA-2017-100013,20171106,ZC-21910,FUR-FU-10001424,LOC00063,Standard Class,8.73,1,0.0,2.9682
1231,CA-2017-100013,20171106,ZC-21910,OFF-AR-10001022,LOC00063,Standard Class,5.68,2,0.0,1.7608
1232,CA-2015-132570,20151031,KT-16480,OFF-AR-10000369,LOC00251,Second Class,2.78,2,0.0,0.7228
1233,CA-2015-132570,20151031,KT-16480,OFF-EN-10003055,LOC00251,Second Class,79.96,2,0.0,35.982
1234,CA-2016-153682,20160530,BG-11695,TEC-CO-10001046,LOC00094,First Class,839.988,2,0.4,69.999
1235,CA-2016-144344,20161028,PG-18820,FUR-FU-10000076,LOC00252,Same Day,47.952,3,0.2,13.7862
1236,CA-2016-144344,20161028,PG-18820,OFF-BI-10003719,LOC00252,Same Day,37.425,5,0.7,-29.94
1237,CA-2016-144344,20161028,PG-18820,FUR-FU-10003268,LOC00252,Same Day,63.968,2,0.2,0.0
1238,CA-2016-144344,20161028,PG-18820,FUR-FU-10003553,LOC00252,Same Day,165.048,3,0.2,41.262
1239,CA-2014-127012,20140811,GM-14680,FUR-FU-10003691,LOC00060,Standard Class,12.35,1,0.0,5.434
1240,CA-2014-127012,20140811,GM-14680,OFF-AR-10003903,LOC00060,Standard Class,40.97,1,0.0,10.6522
1241,CA-2014-127012,20140811,GM-14680,OFF-FA-10004854,LOC00060,Standard Class,22.96,2,0.0,10.7912
1242,CA-2016-128727,20160829,MO-17800,TEC-PH-10003442,LOC00024,Standard Class,22.0,4,0.0,5.5
1243,US-2016-162859,20160215,PG-18820,OFF-BI-10004519,LOC00030,Standard Class,398.352,3,0.2,124.485
1244,US-2016-162859,20160215,PG-18820,OFF-FA-10000304,LOC00030,Standard Class,8.72,4,0.0,3.5752
1245,CA-2017-133641,20170514,EJ-14155,OFF-EN-10004955,LOC00253,Standard Class,48.69,9,0.0,23.8581
1246,CA-2014-168494,20141212,NP-18700,FUR-TA-10004619,LOC00254,Second Class,764.688,6,0.2,95.586
1247,CA-2014-168494,20141212,NP-18700,FUR-TA-10003473,LOC00254,Second Class,3610.848,12,0.2,135.4068
1248,CA-2014-168494,20141212,NP-18700,FUR-BO-10004467,LOC00254,Second Class,254.9745,3,0.15,11.9988
1249,CA-2017-115602,20171218,DJ-13630,OFF-AR-10002280,LOC00030,Standard Class,38.82,6,0.0,17.469
1250,CA-2017-115602,20171218,DJ-13630,FUR-CH-10001708,LOC00030,Standard Class,1141.938,9,0.1,139.5702
1251,CA-2017-115602,20171218,DJ-13630,OFF-AP-10000891,LOC00030,Standard Class,1704.56,13,0.0,511.368
1252,CA-2017-115602,20171218,DJ-13630,OFF-AR-10000462,LOC00030,Standard Class,3.2,2,0.0,1.376
1253,CA-2015-154956,20150704,IM-15070,TEC-PH-10004165,LOC00202,Standard Class,1099.96,4,0.0,285.9896
1254,CA-2017-144638,20170310,MH-18115,OFF-AR-10003958,LOC00182,Standard Class,5.248,2,0.2,0.5904
1255,CA-2017-144638,20170310,MH-18115,TEC-PH-10000149,LOC00182,Standard Class,35.91,3,0.4,-8.379
1256,CA-2017-144638,20170310,MH-18115,FUR-FU-10003724,LOC00182,Standard Class,6.696,1,0.2,0.5022
1257,CA-2017-144638,20170310,MH-18115,FUR-FU-10003535,LOC00182,Standard Class,43.872,2,0.2,11.5164
1258,US-2016-168620,20161224,RB-19795,OFF-BI-10001575,LOC00044,Second Class,27.882,3,0.7,-20.4468
1259,US-2016-168620,20161224,RB-19795,OFF-ST-10003716,LOC00044,Second Class,540.048,3,0.2,-47.2542
1260,US-2016-168620,20161224,RB-19795,TEC-AC-10004469,LOC00044,Second Class,255.68,8,0.2,76.704
1261,CA-2017-117079,20171023,JR-15700,TEC-PH-10004586,LOC00134,Standard Class,863.88,3,0.2,107.985
1262,US-2016-144393,20161028,SM-20950,OFF-BI-10004236,LOC00255,Standard Class,17.616,4,0.7,-14.0928
1263,CA-2017-105053,20170707,CS-12355,OFF-BI-10001634,LOC00256,Second Class,17.472,3,0.2,6.3336
1264,CA-2016-155992,20161001,CC-12220,TEC-PH-10000215,LOC00242,First Class,69.9,2,0.0,18.873
1265,CA-2016-155992,20161001,CC-12220,FUR-FU-10003724,LOC00242,First Class,41.85,5,0.0,10.881
1266,CA-2017-110380,20170902,PF-19225,OFF-AR-10000422,LOC00035,Standard Class,6.57,3,0.0,1.7739
1267,US-2014-167738,20141224,JC-16105,OFF-ST-10003306,LOC00063,Standard Class,142.86,1,0.0,41.4294
1268,US-2014-167738,20141224,JC-16105,FUR-CH-10001146,LOC00063,Standard Class,292.272,6,0.2,18.267
1269,CA-2017-121412,20170923,BG-11695,FUR-FU-10000246,LOC00128,Standard Class,29.328,3,0.2,3.666
1270,CA-2017-100426,20170604,DC-12850,OFF-PA-10002870,LOC00257,Standard Class,12.48,2,0.0,5.616
1271,US-2016-103646,20160421,SP-20545,OFF-ST-10000563,LOC00037,Standard Class,102.336,4,0.2,-12.792
1272,US-2016-103646,20160421,SP-20545,OFF-AP-10004487,LOC00037,Standard Class,48.792,3,0.8,-126.8592
1273,US-2016-103646,20160421,SP-20545,OFF-BI-10002854,LOC00037,Standard Class,44.848,8,0.8,-67.272
1274,CA-2016-119186,20160526,MS-17710,OFF-PA-10004621,LOC00007,Same Day,10.368,2,0.2,3.6288
1275,CA-2016-119186,20160526,MS-17710,FUR-CH-10001973,LOC00007,Same Day,388.43,5,0.3,-88.784
1276,CA-2016-119186,20160526,MS-17710,OFF-PA-10004040,LOC00007,Same Day,14.352,3,0.2,5.2026
1277,CA-2016-119186,20160526,MS-17710,TEC-AC-10000580,LOC00007,Same Day,63.992,1,0.2,-7.1991
1278,CA-2016-148698,20160502,BD-11770,OFF-AR-10004022,LOC00033,Standard Class,86.352,3,0.2,5.397
1279,CA-2014-163293,20140908,KC-16255,TEC-AC-10004209,LOC00258,First Class,32.97,3,0.0,12.8583
1280,CA-2014-163293,20140908,KC-16255,TEC-AC-10000023,LOC00258,First Class,83.88,4,0.0,30.1968
1281,CA-2016-160815,20160905,TR-21325,TEC-PH-10003505,LOC00259,First Class,278.4,3,0.0,80.736
1282,CA-2017-122154,20170409,SA-20830,OFF-LA-10000121,LOC00134,First Class,15.12,3,0.2,4.914
1283,CA-2017-122154,20170409,SA-20830,OFF-BI-10002026,LOC00134,First Class,17.43,1,0.7,-13.363
1284,CA-2017-122154,20170409,SA-20830,OFF-PA-10000994,LOC00134,First Class,251.64,3,0.2,88.074
1285,US-2015-149692,20151206,KW-16435,OFF-BI-10002813,LOC00111,Standard Class,2.772,7,0.8,-4.851
1286,CA-2016-119445,20160626,GM-14500,OFF-ST-10000617,LOC00260,Standard Class,14.9,5,0.0,1.043
1287,CA-2015-124268,20150704,AD-10180,OFF-AR-10004817,LOC00046,Standard Class,15.48,3,0.0,4.4892
1288,CA-2016-154711,20161122,TB-21355,FUR-FU-10000397,LOC00030,Standard Class,39.88,2,0.0,11.1664
1289,CA-2016-154711,20161122,TB-21355,OFF-BI-10000605,LOC00030,Standard Class,12.192,4,0.2,4.1148
1290,CA-2016-154711,20161122,TB-21355,OFF-AR-10001860,LOC00030,Standard Class,20.82,3,0.0,7.4952
1291,CA-2016-163384,20161110,CC-12430,OFF-BI-10004970,LOC00035,First Class,13.216,4,0.2,4.4604
1292,CA-2016-163384,20161110,CC-12430,OFF-PA-10003172,LOC00035,First Class,32.4,5,0.0,15.552
1293,CA-2015-101707,20150827,PF-19165,OFF-SU-10001218,LOC00189,Standard Class,32.94,3,0.0,9.2232
1294,CA-2015-101707,20150827,PF-19165,OFF-PA-10002968,LOC00189,Standard Class,114.2,5,0.0,52.532
1295,CA-2015-101707,20150827,PF-19165,OFF-LA-10000134,LOC00189,Standard Class,3.08,1,0.0,1.4784
1296,CA-2015-138898,20150525,JH-16180,OFF-AP-10004487,LOC00261,Standard Class,845.728,13,0.2,84.5728
1297,CA-2017-115427,20171230,EB-13975,OFF-BI-10002103,LOC00262,Standard Class,13.904,2,0.2,4.5188
1298,CA-2017-115427,20171230,EB-13975,OFF-BI-10004632,LOC00262,Standard Class,20.72,2,0.2,6.475
1299,CA-2016-134425,20161208,QJ-19255,TEC-PH-10003555,LOC00042,Second Class,114.95,5,0.0,2.299
1300,CA-2015-121391,20151004,AA-10315,OFF-ST-10001590,LOC00010,First Class,26.96,2,0.0,7.0096
1301,CA-2016-137043,20161223,LC-17140,FUR-FU-10003664,LOC00029,Second Class,572.76,6,0.0,166.1004
1302,CA-2016-137043,20161223,LC-17140,FUR-FU-10003664,LOC00029,Second Class,286.38,3,0.0,83.0502
1303,CA-2015-115847,20150919,TC-21535,FUR-BO-10003433,LOC00102,Second Class,61.96,2,0.0,4.3372
1304,US-2017-126179,20170703,CS-12460,FUR-FU-10002554,LOC00113,Standard Class,23.99,1,0.0,5.5177
1305,US-2017-126179,20170703,CS-12460,TEC-PH-10001557,LOC00113,Standard Class,287.97,3,0.0,77.7519
1306,CA-2016-101966,20160714,BM-11785,TEC-PH-10003437,LOC00067,Second Class,419.944,7,0.2,52.493
1307,CA-2016-141397,20160620,RC-19825,OFF-PA-10002986,LOC00055,First Class,46.76,7,0.0,22.4448
1308,CA-2016-141397,20160620,RC-19825,OFF-BI-10000320,LOC00055,First Class,17.712,3,0.2,6.4206
1309,CA-2016-141397,20160620,RC-19825,OFF-AP-10003971,LOC00055,First Class,21.78,2,0.0,5.6628
1310,CA-2016-141397,20160620,RC-19825,OFF-ST-10001469,LOC00055,First Class,161.94,3,0.0,9.7164
1311,CA-2016-141397,20160620,RC-19825,FUR-CH-10003846,LOC00055,First Class,161.568,2,0.2,-8.0784
1312,CA-2016-141082,20161209,FM-14380,OFF-LA-10001404,LOC00129,Standard Class,3.69,1,0.0,1.7343
1313,CA-2016-141082,20161209,FM-14380,OFF-LA-10001474,LOC00129,Standard Class,122.12,4,0.0,56.1752
1314,US-2016-134488,20160924,PK-19075,FUR-CH-10003199,LOC00048,Standard Class,155.372,2,0.3,-13.3176
1315,CA-2016-145919,20161218,HG-14965,OFF-PA-10003072,LOC00004,Standard Class,38.88,6,0.0,18.6624
1316,CA-2016-145919,20161218,HG-14965,FUR-FU-10004960,LOC00004,Standard Class,183.84,8,0.0,62.5056
1317,CA-2016-145919,20161218,HG-14965,OFF-SU-10003505,LOC00004,Standard Class,579.3,5,0.0,28.965
1318,CA-2017-157651,20171210,HA-14920,TEC-AC-10003116,LOC00075,Standard Class,14.2,1,0.2,3.3725
1319,CA-2014-160773,20140701,LW-16825,TEC-PH-10004586,LOC00263,Standard Class,575.92,2,0.2,71.99
1320,CA-2014-160773,20140701,LW-16825,OFF-BI-10000546,LOC00263,Standard Class,5.184,6,0.7,-3.6288
1321,CA-2017-167703,20170203,MC-17575,OFF-BI-10002071,LOC00094,Standard Class,5.229,3,0.7,-4.1832
1322,CA-2017-167703,20170203,MC-17575,OFF-ST-10001490,LOC00094,Standard Class,285.552,2,0.2,35.694
1323,CA-2017-121804,20170303,LP-17095,OFF-AP-10004859,LOC00264,Standard Class,72.8,5,0.0,19.656
1324,CA-2017-162635,20171009,EB-14170,OFF-PA-10002659,LOC00125,First Class,10.816,4,0.2,3.5152
1325,CA-2014-107153,20140928,GZ-14545,OFF-ST-10001321,LOC00129,Standard Class,46.26,3,0.0,12.4902
1326,US-2014-117058,20140527,LE-16810,OFF-BI-10004139,LOC00156,First Class,17.46,6,0.8,-30.555
1327,CA-2015-120439,20150614,AD-10180,FUR-FU-10001867,LOC00075,Standard Class,51.072,6,0.2,5.1072
1328,CA-2016-128258,20160330,CP-12085,OFF-PA-10004156,LOC00212,First Class,11.34,1,0.0,5.5566
1329,CA-2017-106033,20171015,FG-14260,OFF-AR-10002818,LOC00095,Second Class,87.92,4,0.0,26.376
1330,CA-2016-142762,20160523,LD-17005,FUR-FU-10003691,LOC00010,Standard Class,37.05,3,0.0,16.302
1331,CA-2017-127705,20170602,AB-10255,TEC-PH-10000347,LOC00204,Standard Class,2.97,1,0.4,-0.6435
1332,CA-2017-127705,20170602,AB-10255,OFF-ST-10004507,LOC00204,Standard Class,27.44,2,0.2,2.401
1333,CA-2014-122567,20140216,MN-17935,OFF-BI-10002012,LOC00078,Standard Class,1.08,3,0.8,-1.728
1334,CA-2014-122567,20140216,MN-17935,OFF-AP-10001303,LOC00078,Standard Class,7.96,2,0.8,-13.93
1335,CA-2014-121664,20140506,HP-14815,OFF-BI-10003684,LOC00014,Standard Class,140.736,8,0.2,52.776
1336,CA-2016-122133,20160516,JR-15670,OFF-ST-10002574,LOC00265,Standard Class,552.56,4,0.0,0.0
1337,US-2017-123281,20170402,JF-15190,FUR-FU-10003724,LOC00142,Standard Class,25.11,3,0.0,6.5286
1338,CA-2017-100524,20170331,CM-12115,FUR-FU-10004018,LOC00165,Second Class,29.78,2,0.0,8.0406
1339,CA-2017-100524,20170331,CM-12115,TEC-PH-10002549,LOC00165,Second Class,677.58,3,0.0,176.1708
1340,CA-2017-100524,20170331,CM-12115,OFF-PA-10004911,LOC00165,Second Class,75.04,8,0.0,36.0192
1341,CA-2017-113481,20170102,AS-10045,TEC-MA-10002178,LOC00223,First Class,695.7,2,0.5,-27.828
1342,CA-2017-113481,20170102,AS-10045,OFF-BI-10003694,LOC00223,First Class,15.66,5,0.7,-12.528
1343,CA-2017-113481,20170102,AS-10045,OFF-BI-10000474,LOC00223,First Class,28.854,6,0.7,-21.1596
1344,CA-2015-131758,20150528,KB-16315,OFF-AR-10000411,LOC00266,Standard Class,47.82,3,0.0,14.346
1345,CA-2015-131758,20150528,KB-16315,OFF-LA-10000262,LOC00266,Standard Class,13.05,5,0.0,6.003
1346,CA-2014-118339,20140317,BN-11515,OFF-AP-10001154,LOC00088,Standard Class,93.78,2,0.0,36.5742
1347,CA-2014-118339,20140317,BN-11515,OFF-PA-10000466,LOC00088,Standard Class,47.18,7,0.0,23.59
1348,CA-2014-118339,20140317,BN-11515,OFF-AR-10003829,LOC00088,Standard Class,19.68,6,0.0,5.7072
1349,CA-2014-118339,20140317,BN-11515,OFF-BI-10001758,LOC00088,Standard Class,53.4,10,0.0,25.098
1350,CA-2014-118339,20140317,BN-11515,OFF-BI-10000136,LOC00088,Standard Class,35.88,6,0.0,17.2224
1351,CA-2014-153976,20141003,BP-11290,FUR-CH-10002880,LOC00190,Second Class,258.279,3,0.3,-70.1043
1352,CA-2016-162901,20160328,AS-10045,OFF-ST-10000649,LOC00102,First Class,31.4,2,0.0,7.85
1353,CA-2017-162978,20170504,LW-16990,TEC-PH-10003092,LOC00010,Standard Class,183.96,5,0.2,20.6955
1354,CA-2017-162978,20170504,LW-16990,OFF-PA-10002250,LOC00010,Standard Class,17.61,3,0.0,8.4528
1355,CA-2017-162978,20170504,LW-16990,FUR-TA-10003473,LOC00010,Standard Class,300.904,1,0.2,11.2839
1356,US-2014-160444,20140705,DC-12850,OFF-ST-10001522,LOC00067,Same Day,220.776,3,0.2,-44.1552
1357,US-2014-160444,20140705,DC-12850,OFF-ST-10000563,LOC00067,Same Day,281.424,11,0.2,-35.178
1358,CA-2016-145247,20160505,ND-18370,OFF-PA-10003641,LOC00176,First Class,79.14,3,0.0,36.4044
1359,CA-2017-160045,20170426,LB-16735,FUR-FU-10000010,LOC00007,First Class,1.988,1,0.6,-1.4413
1360,US-2014-151925,20140926,KT-16465,FUR-CH-10002961,LOC00014,Second Class,145.568,2,0.2,0.0
1361,CA-2017-125199,20171019,HM-14860,OFF-AR-10002956,LOC00075,Standard Class,123.256,7,0.2,9.2442
1362,CA-2017-125199,20171019,HM-14860,OFF-PA-10004041,LOC00075,Standard Class,23.68,4,0.2,7.4
1363,CA-2017-125199,20171019,HM-14860,TEC-PH-10001336,LOC00075,Standard Class,309.576,4,0.4,-56.7556
1364,US-2017-155425,20171110,AB-10600,OFF-BI-10001036,LOC00116,First Class,38.388,14,0.7,-25.592
1365,US-2017-155425,20171110,AB-10600,TEC-MA-10003183,LOC00116,First Class,95.994,2,0.7,-63.996
1366,US-2017-155425,20171110,AB-10600,TEC-AC-10001314,LOC00116,First Class,239.952,6,0.2,-35.9928
1367,US-2017-155425,20171110,AB-10600,TEC-PH-10002563,LOC00116,First Class,201.584,2,0.2,15.1188
1368,US-2017-155425,20171110,AB-10600,FUR-CH-10003312,LOC00116,First Class,899.136,4,0.2,-146.1096
1369,CA-2017-133249,20170708,SZ-20035,FUR-FU-10001588,LOC00267,First Class,145.9,5,0.0,62.737
1370,US-2015-103471,20151224,JR-15670,FUR-BO-10002613,LOC00098,Standard Class,590.058,7,0.7,-786.744
1371,US-2015-103471,20151224,JR-15670,OFF-AR-10003405,LOC00098,Standard Class,14.04,3,0.2,1.5795
1372,CA-2017-136672,20170307,MG-17890,TEC-AC-10004510,LOC00235,Standard Class,49.08,3,0.0,4.908
1373,US-2014-157021,20140401,KM-16720,OFF-LA-10002312,LOC00168,Second Class,29.6,2,0.0,14.8
1374,US-2014-157021,20140401,KM-16720,OFF-BI-10000042,LOC00168,Second Class,17.088,4,0.2,5.5536
1375,CA-2015-120362,20150914,CA-12265,FUR-TA-10003008,LOC00268,Standard Class,912.75,5,0.0,118.6575
1376,CA-2014-126361,20140804,VD-21670,OFF-AP-10003590,LOC00269,Second Class,1089.75,3,0.0,305.13
1377,CA-2014-126361,20140804,VD-21670,OFF-PA-10000806,LOC00269,Second Class,447.84,8,0.0,219.4416
1378,CA-2014-126361,20140804,VD-21670,OFF-AR-10000896,LOC00269,Second Class,16.4,5,0.0,4.264
1379,CA-2014-126361,20140804,VD-21670,TEC-PH-10002310,LOC00269,Second Class,399.96,5,0.2,34.9965
1380,CA-2014-126361,20140804,VD-21670,OFF-ST-10002289,LOC00269,Second Class,158.9,5,0.0,7.945
1381,CA-2014-126361,20140804,VD-21670,OFF-BI-10002852,LOC00269,Second Class,13.184,1,0.2,4.7792
1382,US-2016-100566,20160903,JK-16120,FUR-FU-10003394,LOC00174,Standard Class,83.952,3,0.6,-90.2484
1383,US-2016-108504,20160205,PP-18955,OFF-ST-10002344,LOC00270,Same Day,80.98,1,0.0,1.6196
1384,US-2016-108504,20160205,PP-18955,OFF-PA-10001289,LOC00270,Same Day,348.84,9,0.0,170.9316
1385,US-2016-108504,20160205,PP-18955,OFF-FA-10000053,LOC00270,Same Day,9.45,5,0.0,0.189
1386,US-2016-108504,20160205,PP-18955,FUR-FU-10004091,LOC00270,Same Day,18.84,3,0.0,7.1592
1387,US-2016-108504,20160205,PP-18955,FUR-BO-10004015,LOC00270,Same Day,239.98,2,0.0,52.7956
1388,US-2016-108504,20160205,PP-18955,OFF-EN-10003001,LOC00270,Same Day,167.96,2,0.0,78.9412
1389,US-2016-108504,20160205,PP-18955,TEC-PH-10000215,LOC00270,Same Day,104.85,3,0.0,28.3095
1390,US-2016-108504,20160205,PP-18955,TEC-PH-10003645,LOC00270,Same Day,484.83,3,0.0,126.0558
1391,US-2016-108504,20160205,PP-18955,OFF-PA-10000357,LOC00270,Same Day,122.97,3,0.0,60.2553
1392,US-2016-108504,20160205,PP-18955,OFF-ST-10004804,LOC00270,Same Day,154.44,3,0.0,1.5444
1393,US-2016-108504,20160205,PP-18955,OFF-PA-10003892,LOC00270,Same Day,342.37,7,0.0,160.9139
1394,CA-2017-124828,20170703,YS-21880,OFF-AR-10003514,LOC00180,First Class,9.552,3,0.2,1.5522
1395,US-2017-117247,20171009,CK-12760,FUR-TA-10002958,LOC00174,Standard Class,652.45,5,0.5,-430.617
1396,US-2017-117247,20171009,CK-12760,FUR-TA-10001676,LOC00174,Standard Class,66.645,3,0.5,-42.6528
1397,CA-2016-124485,20161124,NC-18340,OFF-BI-10000822,LOC00046,First Class,17.216,4,0.2,6.0256
1398,CA-2016-124485,20161124,NC-18340,OFF-PA-10004971,LOC00046,First Class,11.56,2,0.0,5.6644
1399,CA-2016-124485,20161124,NC-18340,TEC-AC-10002323,LOC00046,First Class,88.4,4,0.0,11.492
1400,CA-2016-124485,20161124,NC-18340,OFF-PA-10004888,LOC00046,First Class,6.48,1,0.0,3.1104
1401,CA-2016-159212,20161101,KM-16375,TEC-PH-10003988,LOC00271,Standard Class,21.8,2,0.0,6.104
1402,CA-2016-159212,20161101,KM-16375,OFF-EN-10002230,LOC00271,Standard Class,251.79,3,0.0,118.3413
1403,US-2016-161396,20160419,GM-14455,FUR-TA-10002622,LOC00048,Standard Class,205.176,2,0.4,-58.1332
1404,US-2016-161396,20160419,GM-14455,OFF-PA-10000418,LOC00048,Standard Class,419.4,5,0.2,146.79
1405,US-2014-118486,20140406,SD-20485,OFF-SU-10004498,LOC00106,First Class,10.304,1,0.2,-2.1896
1406,US-2014-118486,20140406,SD-20485,FUR-TA-10001039,LOC00106,First Class,154.764,3,0.4,-36.1116
1407,US-2014-118486,20140406,SD-20485,TEC-AC-10004659,LOC00106,First Class,116.784,2,0.2,21.897
1408,CA-2016-130407,20160902,KD-16270,OFF-AR-10002240,LOC00024,Standard Class,75.48,2,0.0,19.6248
1409,CA-2016-130407,20160902,KD-16270,FUR-FU-10001967,LOC00024,Standard Class,39.98,2,0.0,9.995
1410,US-2016-122245,20160925,AB-10105,FUR-TA-10002356,LOC00052,Standard Class,393.165,3,0.5,-204.4458
1411,CA-2017-105144,20171104,SZ-20035,OFF-LA-10003923,LOC00071,Standard Class,23.68,2,0.2,8.88
1412,CA-2016-136329,20160709,JD-15895,FUR-CH-10002335,LOC00046,Standard Class,408.006,2,0.1,72.5344
1413,CA-2016-136329,20160709,JD-15895,FUR-FU-10000723,LOC00046,Standard Class,165.28,4,0.0,14.8752
1414,CA-2014-146640,20140630,HA-14905,OFF-BI-10002867,LOC00024,Standard Class,334.768,7,0.2,108.7996
1415,CA-2017-115994,20170128,BT-11305,TEC-AC-10000580,LOC00147,Second Class,239.97,3,0.0,26.3967
1416,CA-2017-115994,20170128,BT-11305,FUR-FU-10003976,LOC00147,Second Class,37.74,3,0.0,12.8316
1417,CA-2015-126697,20150921,SV-20815,TEC-PH-10002922,LOC00017,First Class,946.344,7,0.2,118.293
1418,CA-2015-126697,20150921,SV-20815,TEC-AC-10004353,LOC00017,First Class,151.2,3,0.2,32.13
1419,CA-2015-126697,20150921,SV-20815,FUR-FU-10001706,LOC00017,First Class,4.928,4,0.6,-1.4784
1420,CA-2015-124800,20150926,RW-19540,OFF-PA-10000501,LOC00155,Standard Class,86.272,4,0.2,31.2736
1421,CA-2015-124800,20150926,RW-19540,OFF-BI-10000778,LOC00155,Standard Class,72.588,2,0.7,-48.392
1422,CA-2015-124800,20150926,RW-19540,OFF-AP-10004980,LOC00155,Standard Class,60.672,2,0.2,14.4096
1423,CA-2015-124800,20150926,RW-19540,OFF-BI-10003984,LOC00155,Standard Class,77.031,9,0.7,-59.0571
1424,CA-2015-124800,20150926,RW-19540,OFF-ST-10000798,LOC00155,Standard Class,119.904,6,0.2,-1.4988
1425,CA-2015-124800,20150926,RW-19540,TEC-PH-10001750,LOC00155,Standard Class,263.96,5,0.2,23.0965
1426,CA-2015-124800,20150926,RW-19540,OFF-ST-10002743,LOC00155,Standard Class,363.648,4,0.2,-86.3664
1427,US-2015-164448,20151031,DK-12835,OFF-BI-10002949,LOC00206,Second Class,9.728,2,0.2,3.2832
1428,US-2015-164448,20151031,DK-12835,OFF-EN-10002600,LOC00206,Second Class,14.75,5,0.0,7.08
1429,US-2015-164448,20151031,DK-12835,OFF-BI-10003708,LOC00206,Second Class,29.8,5,0.2,9.3125
1430,US-2015-164448,20151031,DK-12835,OFF-LA-10003510,LOC00206,Second Class,427.42,14,0.0,196.6132
1431,CA-2017-122700,20171126,LT-17110,TEC-PH-10003092,LOC00048,Standard Class,220.752,8,0.4,-40.4712
1432,CA-2014-120768,20141219,IM-15070,OFF-BI-10001191,LOC00257,Second Class,152.76,6,0.0,74.8524
1433,CA-2014-120768,20141219,IM-15070,OFF-SU-10004115,LOC00257,Second Class,7.27,1,0.0,1.9629
1434,CA-2014-120768,20141219,IM-15070,FUR-CH-10000513,LOC00257,Second Class,1819.86,14,0.0,163.7874
1435,US-2016-153129,20161226,FP-14320,OFF-PA-10003673,LOC00060,Standard Class,33.9,5,0.0,15.594
1436,CA-2017-106852,20170620,ST-20530,OFF-PA-10001639,LOC00272,Standard Class,31.104,6,0.2,10.8864
1437,CA-2017-106852,20170620,ST-20530,OFF-AR-10003829,LOC00272,Standard Class,5.248,2,0.2,0.5904
1438,CA-2015-139731,20151015,JE-15745,TEC-AC-10004975,LOC00140,Same Day,263.88,3,0.2,42.8805
1439,CA-2015-139731,20151015,JE-15745,FUR-CH-10002024,LOC00140,Same Day,2453.43,5,0.3,-350.49
1440,CA-2017-122735,20170412,BD-11320,OFF-BI-10004364,LOC00260,Second Class,29.7,5,0.0,13.365
1441,CA-2017-122735,20170412,BD-11320,OFF-PA-10001712,LOC00260,Second Class,39.96,4,0.0,17.982
1442,CA-2017-128160,20171219,MM-17920,OFF-BI-10001510,LOC00095,Second Class,36.672,2,0.2,11.46
1443,CA-2017-117695,20170805,PW-19030,OFF-PA-10002713,LOC00127,First Class,13.76,2,0.0,6.3296
1444,CA-2015-166135,20151001,SC-20440,OFF-ST-10002974,LOC00043,Standard Class,139.424,4,0.2,17.428
1445,CA-2016-133725,20160523,KL-16645,TEC-PH-10004165,LOC00037,Standard Class,1979.928,9,0.2,148.4946
1446,CA-2017-102337,20170613,SD-20485,OFF-ST-10004804,LOC00156,First Class,164.736,4,0.2,-39.1248
1447,CA-2017-102337,20170613,SD-20485,FUR-CH-10004289,LOC00156,First Class,470.302,7,0.3,-87.3418
1448,CA-2017-102337,20170613,SD-20485,TEC-PH-10002564,LOC00156,First Class,47.984,2,0.2,5.998
1449,US-2014-112564,20140423,TS-21160,OFF-BI-10004876,LOC00064,First Class,2.502,3,0.7,-1.7514
1450,CA-2015-145821,20150501,JB-15400,TEC-PH-10004348,LOC00142,Standard Class,88.752,3,0.2,11.094
1451,US-2015-160150,20150719,TS-21085,OFF-BI-10004352,LOC00052,First Class,2.025,1,0.7,-1.35
1452,CA-2016-133711,20161126,MC-17425,OFF-PA-10001685,LOC00273,First Class,70.98,7,0.0,34.7802
1453,CA-2016-133711,20161126,MC-17425,OFF-BI-10000666,LOC00273,First Class,91.68,3,0.0,45.84
1454,CA-2016-133711,20161126,MC-17425,OFF-BI-10004352,LOC00273,First Class,33.75,5,0.0,16.875
1455,CA-2016-133711,20161126,MC-17425,TEC-MA-10000010,LOC00273,First Class,3040.0,8,0.0,1459.2
1456,CA-2017-148474,20170612,ME-17320,OFF-BI-10000977,LOC00113,Standard Class,91.2,3,0.0,41.952
1457,CA-2017-148474,20170612,ME-17320,FUR-TA-10002530,LOC00113,Standard Class,452.94,3,0.0,67.941
1458,CA-2015-111297,20150817,SC-20440,OFF-BI-10002412,LOC00274,Standard Class,52.2,9,0.0,23.49
1459,CA-2016-123722,20160925,NH-18610,OFF-LA-10001569,LOC00275,Standard Class,15.936,4,0.2,5.1792
1460,CA-2014-155271,20140504,AA-10480,FUR-FU-10001473,LOC00265,Same Day,27.46,2,0.0,9.8856
1461,CA-2015-119907,20151201,LC-17140,OFF-BI-10001765,LOC00006,Standard Class,55.424,2,0.2,19.3984
1462,US-2016-128902,20160311,MB-18085,FUR-TA-10001095,LOC00276,Standard Class,244.006,2,0.3,-31.3722
1463,CA-2016-152289,20160826,LC-16930,TEC-AC-10004571,LOC00090,First Class,159.984,2,0.2,43.9956
1464,CA-2016-152289,20160826,LC-16930,FUR-CH-10002126,LOC00090,First Class,1024.716,6,0.3,-29.2776
1465,US-2016-104794,20161216,KD-16495,OFF-FA-10001754,LOC00030,First Class,3.68,2,0.0,1.8032
1466,CA-2014-151708,20140808,MB-17305,FUR-FU-10001602,LOC00277,Standard Class,121.376,4,0.2,-3.0344
1467,CA-2014-151708,20140808,MB-17305,TEC-AC-10001767,LOC00277,Standard Class,95.976,3,0.2,-10.7973
1468,CA-2015-100769,20150516,TH-21550,TEC-AC-10002402,LOC00134,Same Day,255.968,4,0.2,31.996
1469,CA-2017-139199,20171209,DK-12835,FUR-CH-10000847,LOC00152,Standard Class,872.94,3,0.0,226.9644
1470,CA-2017-139199,20171209,DK-12835,OFF-BI-10003982,LOC00152,Standard Class,41.54,2,0.0,19.5238
1471,CA-2017-139199,20171209,DK-12835,OFF-PA-10001293,LOC00152,Standard Class,12.96,2,0.0,6.2208
1472,US-2015-161466,20150924,ON-18715,OFF-AR-10000634,LOC00075,Second Class,6.848,2,0.2,0.5992
1473,CA-2017-164959,20170711,KN-16390,OFF-LA-10004272,LOC00026,Standard Class,8.67,3,0.0,4.0749
1474,US-2015-105676,20151201,NM-18520,FUR-FU-10004270,LOC00067,Same Day,6.688,4,0.6,-4.0128
1475,CA-2016-113138,20161119,NP-18685,OFF-AR-10003770,LOC00278,Standard Class,17.28,6,0.0,5.0112
1476,CA-2016-113138,20161119,NP-18685,OFF-BI-10000320,LOC00278,Standard Class,17.712,3,0.2,6.4206
1477,US-2017-104955,20170319,CG-12040,OFF-LA-10003121,LOC00024,Standard Class,28.91,7,0.0,13.2986
1478,CA-2016-121958,20161113,CS-12505,OFF-SU-10000381,LOC00279,Standard Class,52.136,7,0.2,5.8653
1479,CA-2017-121468,20171119,KD-16345,TEC-PH-10000376,LOC00280,First Class,31.968,4,0.2,2.3976
1480,US-2016-108455,20161202,MK-18160,OFF-PA-10002262,LOC00035,Standard Class,25.92,4,0.0,12.4416
1481,US-2016-108455,20161202,MK-18160,OFF-PA-10002464,LOC00035,Standard Class,40.46,7,0.0,19.8254
1482,US-2016-108455,20161202,MK-18160,OFF-ST-10002214,LOC00035,Standard Class,33.87,3,0.0,8.8062
1483,CA-2017-101210,20170825,DW-13540,OFF-AR-10003560,LOC00281,Second Class,9.728,2,0.2,1.7024
1484,CA-2017-101210,20170825,DW-13540,OFF-PA-10000130,LOC00281,Second Class,3.424,1,0.2,1.07
1485,US-2016-108098,20161014,CP-12340,TEC-AC-10000865,LOC00061,Standard Class,177.0,3,0.0,30.09
1486,CA-2014-119032,20141127,MS-17770,OFF-FA-10003021,LOC00046,Standard Class,3.76,2,0.0,1.316
1487,CA-2015-140410,20151103,CM-12655,TEC-PH-10003580,LOC00142,Standard Class,1212.848,7,0.2,106.1242
1488,CA-2015-140410,20151103,CM-12655,TEC-AC-10001109,LOC00142,Standard Class,89.97,3,0.0,37.7874
1489,CA-2015-140410,20151103,CM-12655,FUR-FU-10003347,LOC00142,Standard Class,42.6,3,0.0,16.614
1490,CA-2014-136280,20141129,Co-12640,OFF-LA-10000452,LOC00106,Standard Class,5.04,2,0.2,1.764
1491,CA-2017-151911,20170430,DL-13495,OFF-EN-10002986,LOC00024,Second Class,62.96,4,0.0,28.332
1492,CA-2017-166436,20171124,TS-21370,OFF-PA-10001838,LOC00046,Standard Class,5.88,1,0.0,2.8812
1493,CA-2017-166436,20171124,TS-21370,FUR-CH-10000785,LOC00046,Standard Class,977.292,6,0.1,173.7408
1494,CA-2017-139661,20171030,JW-15220,FUR-FU-10002885,LOC00173,Standard Class,9.64,2,0.0,3.6632
1495,CA-2014-123925,20141217,RF-19840,OFF-AR-10002952,LOC00113,Second Class,40.05,3,0.0,11.214
1496,CA-2017-152485,20170904,JD-15790,OFF-AR-10003759,LOC00282,Standard Class,10.192,7,0.2,3.185
1497,CA-2017-152485,20170904,JD-15790,OFF-ST-10004950,LOC00282,Standard Class,16.784,1,0.2,-0.2098
1498,CA-2017-152485,20170904,JD-15790,OFF-AR-10001940,LOC00282,Standard Class,13.12,5,0.2,3.772
1499,CA-2016-141586,20161017,NK-18490,OFF-BI-10003981,LOC00035,First Class,18.16,5,0.2,6.583
1500,CA-2017-130386,20171112,NG-18430,OFF-PA-10002749,LOC00111,Standard Class,16.056,3,0.2,5.8203
1501,CA-2017-130386,20171112,NG-18430,OFF-PA-10003823,LOC00111,Standard Class,223.056,9,0.2,69.705
1502,CA-2017-130386,20171112,NG-18430,OFF-ST-10003716,LOC00111,Standard Class,540.048,3,0.2,-47.2542
1503,CA-2016-100468,20161124,AT-10435,TEC-PH-10001300,LOC00063,Standard Class,33.52,2,0.2,3.352
1504,CA-2016-100468,20161124,AT-10435,FUR-FU-10000010,LOC00063,Standard Class,9.94,2,0.0,3.0814
1505,CA-2015-153388,20150801,PC-19000,OFF-AR-10001868,LOC00026,Standard Class,6.72,4,0.0,3.36
1506,CA-2015-153388,20150801,PC-19000,FUR-TA-10003715,LOC00026,Standard Class,1004.976,6,0.2,-175.8708
1507,CA-2017-154935,20171224,AR-10540,OFF-BI-10003708,LOC00024,Standard Class,17.88,3,0.2,5.5875
1508,CA-2016-134208,20160917,CS-12505,TEC-MA-10004458,LOC00113,Standard Class,396.0,4,0.0,190.08
1509,CA-2017-108294,20171210,LS-16975,OFF-BI-10004965,LOC00199,Same Day,34.5,3,0.0,15.525
1510,CA-2017-103611,20170912,JM-15535,FUR-FU-10004270,LOC00002,First Class,8.36,2,0.0,3.0096
1511,CA-2017-100384,20170624,NH-18610,OFF-AR-10002135,LOC00283,Standard Class,385.6,8,0.0,111.824
1512,CA-2017-100384,20170624,NH-18610,OFF-AR-10003514,LOC00283,Standard Class,35.82,9,0.0,11.8206
1513,CA-2017-112809,20170818,RA-19915,OFF-ST-10002276,LOC00078,Standard Class,200.064,3,0.2,12.504
1514,CA-2017-112809,20170818,RA-19915,OFF-BI-10001098,LOC00078,Standard Class,21.38,5,0.8,-33.139
1515,CA-2017-112809,20170818,RA-19915,OFF-BI-10001636,LOC00078,Standard Class,6.744,4,0.8,-11.4648
1516,US-2017-160759,20171211,AI-10855,FUR-CH-10002961,LOC00075,Standard Class,63.686,1,0.3,-9.098
1517,CA-2017-148446,20171210,MC-17845,FUR-TA-10004256,LOC00284,Second Class,1669.6,4,0.0,116.872
1518,CA-2014-111059,20140203,TB-21400,OFF-BI-10004593,LOC00060,Second Class,83.84,2,0.2,27.248
1519,CA-2014-111059,20140203,TB-21400,OFF-BI-10002827,LOC00060,Second Class,13.272,3,0.2,4.3134
1520,CA-2017-116204,20170211,VW-21775,OFF-BI-10001759,LOC00095,Second Class,21.336,7,0.2,7.7343
1521,CA-2017-109946,20170416,PL-18925,OFF-AR-10001419,LOC00027,Standard Class,16.52,5,0.2,2.065
1522,CA-2015-144806,20151206,GH-14425,FUR-FU-10002253,LOC00116,Standard Class,206.112,6,0.2,48.9516
1523,CA-2015-144806,20151206,GH-14425,OFF-PA-10002586,LOC00116,Standard Class,19.92,5,0.2,6.723
1524,CA-2015-144806,20151206,GH-14425,OFF-PA-10003039,LOC00116,Standard Class,198.272,8,0.2,61.96
1525,CA-2015-144806,20151206,GH-14425,OFF-ST-10004804,LOC00116,Standard Class,247.104,6,0.2,-58.6872
1526,CA-2015-144806,20151206,GH-14425,OFF-AR-10004042,LOC00116,Standard Class,86.304,6,0.2,9.7092
1527,CA-2016-122392,20160722,CJ-12010,OFF-AR-10002221,LOC00285,Standard Class,4.16,2,0.2,0.364
1528,CA-2016-122392,20160722,CJ-12010,FUR-FU-10002456,LOC00285,Standard Class,11.648,2,0.2,3.3488
1529,CA-2015-148432,20151107,MC-18130,OFF-FA-10004968,LOC00286,Second Class,26.18,7,0.0,0.5236
1530,CA-2015-148432,20151107,MC-18130,OFF-PA-10001274,LOC00286,Second Class,7.3,2,0.0,3.431
1531,CA-2015-103793,20150326,BV-11245,OFF-PA-10001125,LOC00230,Standard Class,74.352,3,0.2,23.235
1532,CA-2017-159884,20170831,JF-15490,OFF-ST-10000344,LOC00287,Standard Class,10.744,1,0.2,0.8058
1533,CA-2017-159884,20170831,JF-15490,OFF-FA-10000585,LOC00287,Standard Class,8.376,3,0.2,2.7222
1534,CA-2016-139885,20161204,EB-13840,OFF-ST-10003324,LOC00046,Standard Class,212.88,6,0.0,0.0
1535,CA-2017-124086,20170210,MP-18175,FUR-BO-10004015,LOC00288,Standard Class,203.983,2,0.15,16.7986
1536,CA-2016-112389,20161029,JM-15655,OFF-ST-10000419,LOC00289,Standard Class,40.74,3,0.0,0.4074
1537,CA-2016-112389,20161029,JM-15655,OFF-AP-10001626,LOC00289,Standard Class,11.67,3,0.0,3.0342
1538,CA-2017-121888,20170915,CL-11890,TEC-PH-10000439,LOC00290,Second Class,39.99,1,0.0,11.5971
1539,CA-2017-121888,20170915,CL-11890,OFF-AR-10003478,LOC00290,Second Class,16.28,2,0.0,6.512
1540,CA-2017-121888,20170915,CL-11890,FUR-BO-10002545,LOC00290,Second Class,782.94,3,0.0,203.5644
1541,CA-2017-121888,20170915,CL-11890,OFF-BI-10001765,LOC00290,Second Class,242.48,7,0.0,116.3904
1542,CA-2014-166884,20140311,CK-12205,FUR-FU-10003981,LOC00048,Second Class,8.32,5,0.2,2.288
1543,CA-2014-166884,20140311,CK-12205,OFF-FA-10001561,LOC00048,Second Class,10.464,6,0.2,1.7004
1544,CA-2014-107181,20140204,DB-13270,OFF-BI-10004230,LOC00143,Standard Class,82.896,3,0.2,29.0136
1545,CA-2014-107181,20140204,DB-13270,OFF-PA-10000350,LOC00143,Standard Class,34.24,4,0.0,16.0928
1546,CA-2014-150245,20141231,PC-18745,FUR-BO-10002613,LOC00291,Second Class,1573.488,7,0.2,196.686
1547,CA-2015-111395,20151123,VB-21745,OFF-PA-10000994,LOC00066,Standard Class,335.52,4,0.2,117.432
1548,CA-2015-111395,20151123,VB-21745,OFF-BI-10002867,LOC00066,Standard Class,23.912,2,0.8,-40.6504
1549,CA-2015-111395,20151123,VB-21745,OFF-ST-10001291,LOC00066,Standard Class,27.056,2,0.2,2.3674
1550,CA-2014-134278,20140706,EP-13915,TEC-CO-10001046,LOC00165,First Class,559.992,1,0.2,174.9975
1551,US-2017-124926,20171113,ME-17320,OFF-AP-10004868,LOC00015,Second Class,9.324,6,0.8,-24.7086
1552,CA-2016-159345,20160617,IG-15085,OFF-PA-10000806,LOC00143,Standard Class,111.96,2,0.0,54.8604
1553,CA-2014-130274,20140503,JS-15940,OFF-LA-10002195,LOC00292,First Class,21.56,7,0.0,10.3488
1554,CA-2017-158386,20171016,BO-11425,OFF-BI-10003719,LOC00127,Standard Class,124.75,5,0.0,57.385
1555,CA-2015-111507,20150206,VW-21775,OFF-AR-10001315,LOC00293,Standard Class,5.28,3,0.0,1.5312
1556,CA-2017-120761,20170904,AB-10150,TEC-AC-10000171,LOC00256,Standard Class,91.96,4,0.0,39.5428
1557,CA-2016-109176,20160509,JW-16075,OFF-EN-10003134,LOC00012,Standard Class,9.344,1,0.2,3.504
1558,CA-2016-109176,20160509,JW-16075,OFF-AR-10001955,LOC00012,Standard Class,79.36,5,0.2,9.92
1559,CA-2015-112116,20150316,JE-15475,FUR-TA-10001039,LOC00006,Second Class,171.96,2,0.0,44.7096
1560,CA-2016-126809,20160409,EB-13750,OFF-BI-10003712,LOC00006,Standard Class,35.352,9,0.2,12.8151
1561,CA-2014-105172,20140404,PK-18910,OFF-LA-10001641,LOC00010,Standard Class,18.9,6,0.0,9.072
1562,CA-2017-107293,20170905,CS-12400,OFF-AR-10003732,LOC00061,First Class,2.78,1,0.0,0.7228
1563,US-2017-102890,20170630,SG-20470,FUR-TA-10000577,LOC00165,Same Day,1044.63,5,0.4,-295.9785
1564,CA-2015-158554,20151109,CM-12190,OFF-PA-10004000,LOC00064,Same Day,11.352,3,0.2,4.1151
1565,CA-2014-116239,20140304,CL-12565,OFF-ST-10001370,LOC00038,Same Day,354.9,5,0.0,17.745
1566,CA-2015-132101,20150319,JO-15550,TEC-PH-10004539,LOC00060,Standard Class,453.576,3,0.2,39.6879
1567,CA-2015-129112,20151129,AW-10840,TEC-AC-10003038,LOC00294,First Class,21.48,3,0.2,-0.2685
1568,CA-2015-129112,20151129,AW-10840,OFF-BI-10000088,LOC00294,First Class,8.784,4,0.8,-13.6152
1569,US-2017-152002,20170611,DV-13465,OFF-PA-10000357,LOC00026,Same Day,122.97,3,0.0,60.2553
1570,CA-2017-165029,20171126,AH-10075,OFF-AR-10003504,LOC00149,Standard Class,12.84,3,0.0,3.7236
1571,US-2014-157385,20141123,SC-20095,FUR-CH-10000863,LOC00026,First Class,603.92,5,0.2,-67.941
1572,US-2014-157385,20141123,SC-20095,OFF-EN-10003160,LOC00026,First Class,21.84,3,0.0,10.4832
1573,US-2014-157385,20141123,SC-20095,TEC-AC-10003280,LOC00026,First Class,29.99,1,0.0,6.2979
1574,US-2014-157385,20141123,SC-20095,FUR-CH-10000595,LOC00026,First Class,381.44,2,0.2,23.84
1575,CA-2014-101602,20141215,MC-18100,TEC-PH-10000169,LOC00295,First Class,40.68,3,0.2,-9.153
1576,CA-2014-101602,20141215,MC-18100,FUR-CH-10004675,LOC00295,First Class,763.28,5,0.3,-21.808
1577,CA-2016-109057,20160422,TT-21460,OFF-ST-10002406,LOC00174,Standard Class,23.952,2,0.2,2.3952
1578,CA-2016-154403,20160523,AP-10720,OFF-PA-10001526,LOC00257,Standard Class,4.98,1,0.0,2.4402
1579,CA-2016-102456,20160227,DL-12865,OFF-AP-10004336,LOC00165,First Class,170.88,3,0.0,49.5552
1580,CA-2015-131338,20150809,NP-18325,TEC-PH-10003012,LOC00024,First Class,307.98,2,0.0,89.3142
1581,CA-2015-131338,20150809,NP-18325,FUR-TA-10002607,LOC00024,First Class,382.806,9,0.4,-153.1224
1582,CA-2015-131338,20150809,NP-18325,OFF-ST-10000642,LOC00024,First Class,41.96,2,0.0,2.9372
1583,CA-2015-131338,20150809,NP-18325,OFF-BI-10000545,LOC00024,First Class,1217.568,2,0.2,456.588
1584,CA-2015-131338,20150809,NP-18325,FUR-FU-10002157,LOC00024,First Class,47.04,3,0.0,18.3456
1585,CA-2015-131338,20150809,NP-18325,FUR-FU-10001706,LOC00024,First Class,6.16,2,0.0,2.9568
1586,CA-2015-131338,20150809,NP-18325,TEC-PH-10000984,LOC00024,First Class,979.95,5,0.0,274.386
1587,CA-2015-131338,20150809,NP-18325,OFF-PA-10001357,LOC00024,First Class,143.7,3,0.0,68.976
1588,CA-2015-131338,20150809,NP-18325,OFF-FA-10000992,LOC00024,First Class,10.65,3,0.0,5.0055
1589,CA-2015-131338,20150809,NP-18325,TEC-AC-10002600,LOC00024,First Class,247.8,4,0.0,34.692
1590,CA-2016-109911,20160512,VG-21805,OFF-AR-10001662,LOC00221,Standard Class,10.96,4,0.0,2.9592
1591,US-2016-132423,20160415,MY-18295,OFF-AR-10001221,LOC00296,Standard Class,33.488,7,0.2,5.8604
1592,US-2016-132423,20160415,MY-18295,OFF-FA-10002988,LOC00296,Standard Class,8.04,5,0.2,2.9145
1593,CA-2015-122826,20150623,RD-19480,TEC-PH-10004830,LOC00225,Second Class,201.568,4,0.2,22.6764
1594,CA-2014-117317,20141019,JF-15490,OFF-PA-10004519,LOC00004,Same Day,13.44,3,0.0,6.5856
1595,CA-2015-118423,20150324,DP-13390,FUR-BO-10000362,LOC00121,First Class,359.058,3,0.3,-35.9058
1596,CA-2017-149181,20170508,MD-17350,FUR-CH-10004540,LOC00048,Standard Class,47.992,2,0.3,-2.0568
1597,CA-2017-132234,20171016,MY-17380,FUR-FU-10001290,LOC00165,First Class,547.3,13,0.0,175.136
1598,CA-2017-158876,20171119,AB-10150,OFF-PA-10000308,LOC00297,Second Class,16.896,4,0.2,5.28
1599,CA-2017-158876,20171119,AB-10150,OFF-SU-10001165,LOC00297,Second Class,6.672,1,0.2,0.5004
1600,CA-2017-158876,20171119,AB-10150,OFF-AR-10003373,LOC00297,Second Class,99.136,4,0.2,8.6744
1601,CA-2017-158876,20171119,AB-10150,FUR-FU-10001967,LOC00297,Second Class,15.992,2,0.6,-13.993
1602,CA-2016-164672,20160508,GB-14530,FUR-FU-10001488,LOC00022,Second Class,211.96,2,0.0,42.392
1603,US-2016-132857,20161211,CA-12775,OFF-AR-10003251,LOC00298,Standard Class,6.672,3,0.2,1.668
1604,CA-2017-116645,20171130,ME-17725,OFF-AR-10001044,LOC00286,Standard Class,155.94,6,0.0,45.2226
1605,US-2016-115819,20160419,JO-15280,TEC-PH-10004700,LOC00014,Second Class,39.96,5,0.2,12.987
1606,US-2016-115819,20160419,JO-15280,OFF-AR-10000823,LOC00014,Second Class,5.46,3,0.0,1.5288
1607,US-2016-115819,20160419,JO-15280,OFF-AR-10004456,LOC00014,Second Class,73.2,5,0.0,21.228
1608,US-2016-115819,20160419,JO-15280,OFF-BI-10000050,LOC00014,Second Class,5.84,1,0.2,1.971
1609,US-2016-115819,20160419,JO-15280,OFF-PA-10002377,LOC00014,Second Class,22.72,4,0.0,10.224
1610,US-2016-115819,20160419,JO-15280,OFF-BI-10000591,LOC00014,Second Class,9.336,3,0.2,3.2676
1611,CA-2014-156349,20140526,ML-17395,FUR-BO-10000362,LOC00142,Standard Class,290.666,2,0.15,27.3568
1612,CA-2014-156349,20140526,ML-17395,TEC-PH-10000441,LOC00142,Standard Class,201.584,2,0.2,20.1584
1613,CA-2014-156349,20140526,ML-17395,TEC-PH-10002726,LOC00142,Standard Class,83.984,2,0.2,31.494
1614,CA-2017-138380,20171221,YS-21880,OFF-ST-10003306,LOC00233,Standard Class,1000.02,7,0.0,290.0058
1615,US-2016-113509,20160315,PL-18925,TEC-AC-10004855,LOC00106,Standard Class,83.976,3,0.2,-13.6461
1616,CA-2015-130022,20150810,JK-16120,OFF-LA-10002787,LOC00020,Standard Class,3.75,1,0.0,1.8
1617,CA-2015-130022,20150810,JK-16120,OFF-LA-10002043,LOC00020,Standard Class,41.4,4,0.0,19.872
1618,CA-2015-130022,20150810,JK-16120,OFF-AR-10001915,LOC00020,Standard Class,29.79,3,0.0,12.5118
1619,US-2016-118780,20160910,PN-18775,OFF-ST-10000352,LOC00165,Second Class,59.48,2,0.0,8.922
1620,US-2016-118780,20160910,PN-18775,OFF-PA-10000575,LOC00165,Second Class,6.69,1,0.0,3.0774
1621,CA-2017-108560,20170708,JC-15385,FUR-FU-10002937,LOC00299,Standard Class,198.46,2,0.0,99.23
1622,CA-2017-108560,20170708,JC-15385,OFF-LA-10003930,LOC00299,Standard Class,786.48,8,0.0,385.3752
1623,CA-2017-108560,20170708,JC-15385,OFF-BI-10001107,LOC00299,Standard Class,23.168,2,0.2,7.8192
1624,CA-2017-108560,20170708,JC-15385,TEC-AC-10003063,LOC00299,Standard Class,50.0,2,0.0,10.5
1625,CA-2015-157084,20151219,JG-15160,TEC-PH-10002922,LOC00014,Standard Class,675.96,5,0.2,84.495
1626,CA-2015-157084,20151219,JG-15160,TEC-AC-10002049,LOC00014,Standard Class,1265.85,3,0.0,556.974
1627,CA-2015-164539,20151116,PO-19180,OFF-AP-10002457,LOC00165,Standard Class,523.25,5,0.0,141.2775
1628,CA-2015-143119,20150924,MC-17275,FUR-CH-10001270,LOC00300,Standard Class,517.5,6,0.0,155.25
1629,CA-2017-101049,20170621,AS-10240,FUR-FU-10004415,LOC00178,Second Class,17.92,5,0.2,2.464
1630,CA-2017-101049,20170621,AS-10240,OFF-BI-10001510,LOC00178,Second Class,41.256,6,0.7,-34.38
1631,CA-2016-106530,20160508,CL-12565,OFF-ST-10002011,LOC00178,Same Day,1006.056,3,0.2,88.0299
1632,CA-2016-106530,20160508,CL-12565,OFF-PA-10002986,LOC00178,Same Day,10.688,2,0.2,3.7408
1633,CA-2016-106530,20160508,CL-12565,OFF-PA-10004451,LOC00178,Same Day,10.368,2,0.2,3.6288
1634,CA-2016-106530,20160508,CL-12565,OFF-ST-10000649,LOC00178,Same Day,25.12,2,0.2,1.57
1635,CA-2016-106530,20160508,CL-12565,TEC-AC-10001465,LOC00178,Same Day,58.112,2,0.2,7.264
1636,CA-2014-168984,20141126,NW-18400,OFF-PA-10001166,LOC00301,Standard Class,15.552,3,0.2,5.4432
1637,CA-2014-168984,20141126,NW-18400,OFF-ST-10001097,LOC00301,Standard Class,669.08,5,0.2,-167.27
1638,CA-2014-168984,20141126,NW-18400,TEC-PH-10000038,LOC00301,Standard Class,438.336,4,0.2,-87.6672
1639,CA-2016-157266,20160526,TB-21280,OFF-PA-10002689,LOC00226,Standard Class,19.44,3,0.0,9.3312
1640,CA-2016-157266,20160526,TB-21280,OFF-BI-10004728,LOC00226,Standard Class,9.64,2,0.0,4.4344
1641,CA-2016-157266,20160526,TB-21280,OFF-PA-10004675,LOC00226,Standard Class,12.7,2,0.0,5.842
1642,CA-2016-157266,20160526,TB-21280,FUR-FU-10000629,LOC00226,Standard Class,41.37,3,0.0,17.3754
1643,US-2014-134712,20141129,BS-11380,OFF-FA-10003112,LOC00302,Standard Class,12.624,2,0.2,3.945
1644,CA-2015-111829,20150319,FH-14365,OFF-ST-10000142,LOC00061,First Class,1247.64,3,0.0,349.3392
1645,CA-2015-111829,20150319,FH-14365,TEC-CO-10001766,LOC00061,First Class,3149.93,7,0.0,1480.4671
1646,CA-2015-111829,20150319,FH-14365,OFF-PA-10004359,LOC00061,First Class,209.7,2,0.0,100.656
1647,CA-2015-105221,20151101,VM-21685,TEC-AC-10002323,LOC00012,First Class,35.36,2,0.2,-3.094
1648,CA-2015-105221,20151101,VM-21685,OFF-FA-10001135,LOC00012,First Class,3.168,2,0.2,-0.7128
1649,CA-2015-120341,20150926,SF-20200,OFF-BI-10004224,LOC00106,Second Class,121.104,6,0.7,-100.92
1650,CA-2015-120341,20150926,SF-20200,TEC-PH-10003357,LOC00106,Second Class,45.894,1,0.4,-9.1788
1651,CA-2014-135699,20140829,HH-15010,OFF-PA-10004475,LOC00095,Same Day,109.92,2,0.0,53.8608
1652,CA-2014-135699,20140829,HH-15010,OFF-PA-10003001,LOC00095,Same Day,13.36,2,0.0,6.4128
1653,US-2017-132444,20171118,CD-12280,OFF-ST-10003442,LOC00060,First Class,169.68,6,0.0,45.8136
1654,US-2017-132444,20171118,CD-12280,TEC-AC-10003832,LOC00060,First Class,132.52,4,0.0,54.3332
1655,US-2017-132444,20171118,CD-12280,OFF-FA-10000611,LOC00060,First Class,2.96,2,0.0,1.4208
1656,US-2017-132444,20171118,CD-12280,OFF-BI-10001116,LOC00060,First Class,8.448,2,0.2,2.9568
1657,US-2017-132444,20171118,CD-12280,OFF-ST-10000563,LOC00060,First Class,95.94,3,0.0,9.594
1658,CA-2014-127159,20140512,HL-15040,FUR-FU-10000010,LOC00202,First Class,34.79,7,0.0,10.7849
1659,CA-2017-161809,20170120,TH-21100,TEC-PH-10004922,LOC00063,Standard Class,160.776,3,0.2,10.0485
1660,CA-2017-127285,20171030,MM-18055,OFF-BI-10004330,LOC00061,Standard Class,88.752,3,0.2,27.735
1661,CA-2017-127285,20171030,MM-18055,OFF-BI-10002072,LOC00061,Standard Class,13.904,2,0.2,5.214
1662,CA-2017-144526,20170430,QJ-19255,TEC-PH-10002549,LOC00106,Standard Class,677.58,5,0.4,-158.102
1663,CA-2017-144526,20170430,QJ-19255,OFF-BI-10002353,LOC00106,Standard Class,13.896,3,0.7,-9.264
1664,CA-2016-128531,20161124,NS-18505,OFF-ST-10001325,LOC00163,Second Class,41.92,5,0.2,3.668
1665,CA-2016-128531,20161124,NS-18505,TEC-AC-10002049,LOC00163,Second Class,297.576,3,0.2,-7.4394
1666,CA-2016-128531,20161124,NS-18505,OFF-FA-10002676,LOC00163,Second Class,4.344,3,0.2,0.8688
1667,CA-2016-128531,20161124,NS-18505,TEC-AC-10003023,LOC00163,Second Class,94.992,2,0.2,-2.3748
1668,CA-2016-128531,20161124,NS-18505,OFF-PA-10000167,LOC00163,Second Class,74.352,3,0.2,23.235
1669,CA-2016-128531,20161124,NS-18505,OFF-AR-10003405,LOC00163,Second Class,14.04,3,0.2,1.5795
1670,US-2015-157154,20150110,MM-17920,FUR-TA-10001889,LOC00165,Standard Class,1018.104,4,0.4,-373.3048
1671,CA-2017-159457,20171019,RD-19480,TEC-PH-10002185,LOC00015,Standard Class,16.68,3,0.2,5.2125
1672,CA-2016-107615,20160322,RB-19645,TEC-AC-10001013,LOC00284,First Class,58.58,2,0.0,19.3314
1673,CA-2017-111647,20170703,RD-19585,TEC-PH-10002726,LOC00303,Standard Class,167.968,4,0.2,62.988
1674,CA-2015-150560,20151211,SW-20455,OFF-LA-10003930,LOC00304,First Class,196.62,2,0.0,96.3438
1675,CA-2015-143077,20150917,SF-20965,FUR-FU-10003535,LOC00017,Standard Class,21.936,2,0.6,-10.4196
1676,CA-2015-143077,20150917,SF-20965,OFF-BI-10000088,LOC00017,Standard Class,6.588,3,0.8,-10.2114
1677,CA-2016-122728,20160518,EB-13930,OFF-ST-10000604,LOC00095,Standard Class,104.28,3,0.0,26.07
1678,CA-2016-122728,20160518,EB-13930,OFF-PA-10004040,LOC00095,Standard Class,17.94,3,0.0,8.7906
1679,CA-2014-122882,20140907,SB-20290,OFF-ST-10002344,LOC00064,Standard Class,64.784,1,0.2,-14.5764
1680,CA-2014-122882,20140907,SB-20290,TEC-PH-10003589,LOC00064,Standard Class,32.382,3,0.4,4.3176
1681,CA-2014-122882,20140907,SB-20290,FUR-FU-10000758,LOC00064,Standard Class,42.368,2,0.2,8.4736
1682,CA-2014-122882,20140907,SB-20290,TEC-MA-10004679,LOC00064,Standard Class,399.54,4,0.7,-559.356
1683,US-2016-101497,20160929,PS-18760,OFF-PA-10000176,LOC00142,Second Class,18.97,1,0.0,9.1056
1684,CA-2016-147585,20161107,CB-12535,FUR-FU-10002597,LOC00095,Standard Class,14.82,3,0.0,6.2244
1685,CA-2017-149489,20170424,DK-12835,OFF-AP-10002495,LOC00106,First Class,99.28,2,0.2,12.41
1686,CA-2017-149489,20170424,DK-12835,OFF-BI-10002813,LOC00106,First Class,1.188,2,0.7,-0.99
1687,CA-2017-149489,20170424,DK-12835,OFF-BI-10002414,LOC00106,First Class,7.518,2,0.7,-5.7638
1688,CA-2017-143798,20171210,AW-10840,OFF-PA-10000788,LOC00012,First Class,10.368,2,0.2,3.6288
1689,CA-2017-143798,20171210,AW-10840,FUR-FU-10004306,LOC00012,First Class,310.88,2,0.2,23.316
1690,CA-2014-142839,20140816,TS-21610,FUR-TA-10001539,LOC00106,Standard Class,853.092,6,0.4,-227.4912
1691,CA-2017-129833,20171209,HF-14995,OFF-PA-10000575,LOC00305,Standard Class,33.45,5,0.0,15.387
1692,CA-2017-129833,20171209,HF-14995,OFF-BI-10004182,LOC00305,Standard Class,10.4,5,0.0,5.096
1693,US-2016-154361,20160314,HZ-14950,FUR-FU-10004020,LOC00048,Standard Class,21.88,5,0.2,6.2905
1694,US-2016-158708,20160626,AB-10255,TEC-AC-10003133,LOC00303,Second Class,13.616,2,0.2,3.5742
1695,CA-2015-156335,20150925,PO-19195,TEC-AC-10002006,LOC00306,Second Class,63.96,4,0.0,19.8276
1696,CA-2015-156335,20150925,PO-19195,OFF-BI-10003314,LOC00306,Second Class,14.46,3,0.0,7.0854
1697,CA-2015-156335,20150925,PO-19195,TEC-PH-10002726,LOC00306,Second Class,104.98,2,0.0,52.49
1698,CA-2015-148376,20151227,AG-10900,OFF-AP-10000240,LOC00142,Standard Class,106.96,2,0.0,31.0184
1699,CA-2015-148376,20151227,AG-10900,OFF-LA-10002381,LOC00142,Standard Class,21.56,7,0.0,10.3488
1700,CA-2014-135657,20140603,SC-20725,FUR-TA-10004086,LOC00061,Second Class,515.88,6,0.0,113.4936
1701,CA-2015-114069,20150713,ND-18370,OFF-BI-10000320,LOC00046,Second Class,11.808,2,0.2,4.2804
1702,CA-2015-114069,20150713,ND-18370,FUR-CH-10000595,LOC00046,Second Class,1931.04,9,0.1,321.84
1703,CA-2015-114069,20150713,ND-18370,OFF-PA-10000349,LOC00046,Second Class,9.96,2,0.0,4.6812
1704,CA-2014-139857,20140202,CD-12790,OFF-FA-10001843,LOC00089,Standard Class,12.35,5,0.0,5.8045
1705,CA-2016-106306,20160308,PG-18820,OFF-BI-10003676,LOC00277,Same Day,9.702,3,0.7,-7.1148
1706,CA-2015-100545,20151122,IM-15070,OFF-BI-10003638,LOC00075,Standard Class,11.61,2,0.7,-9.288
1707,CA-2017-123491,20171030,JK-15205,OFF-LA-10003077,LOC00035,Standard Class,43.86,6,0.0,20.6142
1708,CA-2017-123491,20171030,JK-15205,TEC-PH-10003505,LOC00035,Standard Class,148.48,2,0.2,16.704
1709,CA-2017-123491,20171030,JK-15205,OFF-PA-10003424,LOC00035,Standard Class,7.42,2,0.0,3.71
1710,CA-2017-123491,20171030,JK-15205,FUR-CH-10003061,LOC00035,Standard Class,71.992,1,0.2,-0.8999
1711,CA-2017-123491,20171030,JK-15205,OFF-AR-10003514,LOC00035,Standard Class,19.9,5,0.0,6.567
1712,CA-2017-123491,20171030,JK-15205,OFF-AP-10002684,LOC00035,Standard Class,1702.12,14,0.0,510.636
1713,CA-2015-145401,20150130,JP-15520,OFF-PA-10004405,LOC00033,Standard Class,14.304,6,0.2,5.0064
1714,US-2017-124968,20170908,MM-18055,FUR-TA-10004289,LOC00027,Second Class,765.625,7,0.5,-566.5625
1715,CA-2017-104003,20171007,DC-13285,FUR-BO-10003965,LOC00095,Standard Class,307.666,2,0.15,-14.4784
1716,CA-2016-154788,20160430,JL-15835,OFF-BI-10003314,LOC00165,Standard Class,7.712,2,0.2,2.7956
1717,CA-2016-169943,20160519,BN-11515,OFF-AP-10001563,LOC00165,Standard Class,242.9,5,0.0,70.441
1718,CA-2016-169943,20160519,BN-11515,OFF-ST-10004123,LOC00165,Standard Class,454.9,5,0.0,0.0
1719,CA-2016-169943,20160519,BN-11515,FUR-FU-10002088,LOC00165,Standard Class,35.92,4,0.0,15.0864
1720,CA-2016-169943,20160519,BN-11515,FUR-FU-10000010,LOC00165,Standard Class,39.76,8,0.0,12.3256
1721,CA-2016-169943,20160519,BN-11515,OFF-BI-10002824,LOC00165,Standard Class,47.744,4,0.2,14.92
1722,US-2015-123218,20151220,KD-16345,TEC-PH-10001061,LOC00037,Standard Class,159.984,2,0.2,11.9988
1723,US-2015-123218,20151220,KD-16345,TEC-AC-10000736,LOC00037,Standard Class,255.968,4,0.2,51.1936
1724,US-2015-123218,20151220,KD-16345,FUR-BO-10003966,LOC00037,Standard Class,359.058,3,0.3,-71.8116
1725,CA-2015-127453,20151219,JK-15370,OFF-AP-10000828,LOC00106,First Class,434.352,3,0.2,43.4352
1726,CA-2015-127453,20151219,JK-15370,OFF-AP-10002906,LOC00106,First Class,3.552,2,0.2,0.444
1727,CA-2015-127453,20151219,JK-15370,OFF-AP-10003860,LOC00106,First Class,88.832,4,0.2,7.7728
1728,US-2017-164056,20170429,FM-14215,FUR-TA-10001307,LOC00083,Second Class,1048.35,5,0.4,-69.89
1729,CA-2016-106894,20160207,CA-12265,TEC-AC-10003063,LOC00029,Same Day,100.0,4,0.0,21.0
1730,CA-2016-106894,20160207,CA-12265,OFF-LA-10001045,LOC00029,Same Day,7.83,3,0.0,3.6018
1731,CA-2014-125136,20140928,KD-16495,OFF-PA-10001457,LOC00307,Standard Class,96.256,8,0.2,31.2832
1732,CA-2014-125136,20140928,KD-16495,OFF-PA-10001804,LOC00307,Standard Class,10.688,2,0.2,3.7408
1733,US-2016-131149,20160710,LH-17155,OFF-ST-10000689,LOC00177,Standard Class,338.04,3,0.2,-33.804
1734,US-2016-131149,20160710,LH-17155,OFF-AR-10002135,LOC00177,Standard Class,154.24,4,0.2,17.352
1735,CA-2017-101483,20170729,AG-10675,OFF-AP-10002082,LOC00223,Second Class,34.848,2,0.2,6.534
1736,CA-2017-101483,20170729,AG-10675,TEC-PH-10003442,LOC00223,Second Class,22.0,5,0.2,1.375
1737,CA-2017-101483,20170729,AG-10675,OFF-AR-10002833,LOC00223,Second Class,4.368,3,0.2,0.3822
1738,CA-2015-130204,20150903,DB-13120,OFF-ST-10001325,LOC00035,Standard Class,31.44,3,0.0,8.4888
1739,CA-2015-130204,20150903,DB-13120,TEC-AC-10003038,LOC00035,Standard Class,17.9,2,0.0,3.401
1740,CA-2015-130204,20150903,DB-13120,TEC-AC-10003590,LOC00035,Standard Class,129.45,5,0.0,46.602
1741,CA-2014-110527,20140809,ED-13885,OFF-LA-10000262,LOC00089,Standard Class,20.88,8,0.0,9.6048
1742,CA-2017-152807,20171030,MC-18100,OFF-PA-10004355,LOC00012,Standard Class,20.736,4,0.2,7.2576
1743,CA-2017-152807,20171030,MC-18100,FUR-FU-10004415,LOC00012,Standard Class,7.168,2,0.2,0.9856
1744,CA-2017-152807,20171030,MC-18100,OFF-ST-10002486,LOC00012,Standard Class,11.168,2,0.2,-2.5128
1745,CA-2017-152807,20171030,MC-18100,TEC-AC-10001142,LOC00012,Standard Class,442.4,7,0.2,-55.3
1746,CA-2014-133270,20140606,BM-11785,OFF-AR-10002656,LOC00145,First Class,13.36,2,0.0,4.9432
1747,CA-2016-155670,20160813,EM-14065,OFF-BI-10000138,LOC00223,Second Class,11.232,8,0.7,-8.2368
1748,CA-2016-155670,20160813,EM-14065,OFF-PA-10004947,LOC00223,Second Class,10.272,3,0.2,3.21
1749,US-2014-157406,20140425,DA-13450,OFF-PA-10003543,LOC00015,Standard Class,10.368,2,0.2,3.6288
1750,US-2014-157406,20140425,DA-13450,OFF-AR-10002221,LOC00015,Standard Class,6.24,3,0.2,0.546
1751,CA-2015-139094,20151122,MO-17800,FUR-TA-10004607,LOC00066,Standard Class,206.962,2,0.3,-32.5226
1752,CA-2017-168837,20171014,JW-15955,FUR-FU-10001918,LOC00233,First Class,9.46,2,0.0,3.6894
1753,CA-2017-116715,20171202,VW-21775,OFF-ST-10004340,LOC00035,First Class,559.62,9,0.0,151.0974
1754,CA-2017-116715,20171202,VW-21775,OFF-PA-10004475,LOC00035,First Class,109.92,2,0.0,53.8608
1755,CA-2017-116715,20171202,VW-21775,OFF-PA-10003893,LOC00035,First Class,8.56,2,0.0,3.852
1756,CA-2015-135622,20151208,TT-21460,OFF-PA-10000100,LOC00007,Second Class,360.712,11,0.2,130.7581
1757,CA-2015-135622,20151208,TT-21460,TEC-PH-10001817,LOC00007,Second Class,1718.4,6,0.2,150.36
1758,US-2015-107349,20150713,SL-20155,OFF-BI-10001765,LOC00015,First Class,41.568,6,0.8,-66.5088
1759,CA-2014-139017,20140511,RM-19375,TEC-AC-10001013,LOC00015,Standard Class,46.864,2,0.2,7.6154
1760,CA-2014-141817,20140105,MB-18085,OFF-AR-10003478,LOC00106,Standard Class,19.536,3,0.2,4.884
1761,CA-2015-130785,20150905,AG-10900,FUR-BO-10000330,LOC00189,Standard Class,411.332,4,0.15,-4.8392
1762,CA-2015-130785,20150905,AG-10900,OFF-BI-10001900,LOC00189,Standard Class,28.752,6,0.2,9.7038
1763,CA-2015-130785,20150905,AG-10900,FUR-BO-10003159,LOC00189,Standard Class,293.199,3,0.15,-20.6964
1764,CA-2016-110254,20160804,ML-17755,OFF-SU-10002573,LOC00304,Standard Class,35.06,2,0.0,10.518
1765,CA-2016-110254,20160804,ML-17755,OFF-LA-10004484,LOC00304,Standard Class,4.13,1,0.0,1.8998
1766,CA-2016-110254,20160804,ML-17755,FUR-FU-10001591,LOC00304,Standard Class,109.8,9,0.0,46.116
1767,CA-2016-110254,20160804,ML-17755,OFF-LA-10002034,LOC00304,Standard Class,9.82,2,0.0,4.8118
1768,US-2014-158057,20140322,CC-12685,OFF-BI-10004410,LOC00308,Standard Class,7.644,4,0.7,-5.8604
1769,US-2014-158057,20140322,CC-12685,OFF-BI-10002735,LOC00308,Standard Class,51.465,5,0.7,-39.4565
1770,CA-2017-146024,20170302,SC-20770,OFF-SU-10001935,LOC00177,Standard Class,6.976,4,0.2,-1.3952
1771,CA-2017-146024,20170302,SC-20770,OFF-BI-10003291,LOC00177,Standard Class,12.222,7,0.8,-20.1663
1772,CA-2016-129686,20161127,GG-14650,OFF-ST-10004337,LOC00037,Second Class,97.984,2,0.2,-24.496
1773,CA-2016-129686,20161127,GG-14650,TEC-AC-10001266,LOC00037,Second Class,62.4,6,0.2,19.5
1774,CA-2014-118976,20140428,MY-18295,OFF-BI-10001628,LOC00309,Standard Class,20.86,2,0.0,9.387
1775,CA-2014-118976,20140428,MY-18295,OFF-ST-10000877,LOC00309,Standard Class,497.61,9,0.0,129.3786
1776,CA-2014-118976,20140428,MY-18295,OFF-AR-10004752,LOC00309,Standard Class,5.34,2,0.0,1.4952
1777,CA-2014-118976,20140428,MY-18295,OFF-LA-10000452,LOC00309,Standard Class,3.15,1,0.0,1.512
1778,CA-2015-105347,20151124,DP-13000,OFF-PA-10000675,LOC00026,Standard Class,368.91,9,0.0,180.7659
1779,CA-2015-105347,20151124,DP-13000,OFF-AR-10003045,LOC00026,Standard Class,14.7,5,0.0,6.615
1780,CA-2016-124667,20161111,BD-11770,TEC-AC-10003447,LOC00165,Standard Class,59.97,3,0.0,14.9925
1781,CA-2016-124667,20161111,BD-11770,OFF-ST-10002276,LOC00165,Standard Class,83.36,1,0.0,20.84
1782,CA-2015-111094,20150709,CB-12535,OFF-PA-10001609,LOC00118,Standard Class,6.58,2,0.0,3.0268
1783,CA-2015-111094,20150709,CB-12535,OFF-BI-10001597,LOC00118,Standard Class,122.94,3,0.0,59.0112
1784,CA-2017-166317,20170922,JE-15610,OFF-PA-10004475,LOC00202,Standard Class,219.84,4,0.0,107.7216
1785,CA-2017-166317,20170922,JE-15610,TEC-AC-10004510,LOC00202,Standard Class,98.16,6,0.0,9.816
1786,CA-2017-166317,20170922,JE-15610,OFF-BI-10002976,LOC00202,Standard Class,33.04,8,0.0,15.5288
1787,CA-2017-166317,20170922,JE-15610,TEC-PH-10001615,LOC00202,Standard Class,86.97,3,0.0,25.2213
1788,CA-2015-154326,20150215,RP-19855,TEC-PH-10001819,LOC00310,Standard Class,134.97,3,0.0,64.7856
1789,CA-2015-154326,20150215,RP-19855,TEC-PH-10000560,LOC00310,Standard Class,699.98,2,0.0,195.9944
1790,CA-2015-154326,20150215,RP-19855,TEC-AC-10004568,LOC00310,Standard Class,139.95,5,0.0,26.5905
1791,CA-2014-102008,20140930,RA-19915,OFF-PA-10004092,LOC00165,Standard Class,48.94,1,0.0,24.47
1792,CA-2014-120474,20141201,RP-19390,FUR-CH-10001854,LOC00008,First Class,2807.84,8,0.0,673.8816
1793,CA-2014-120474,20141201,RP-19390,OFF-AR-10000475,LOC00008,First Class,46.64,4,0.0,12.5928
1794,CA-2014-104773,20141208,TB-21175,OFF-ST-10000777,LOC00017,Standard Class,60.416,2,0.2,6.0416
1795,CA-2016-140774,20160905,BE-11455,OFF-AR-10004022,LOC00311,Standard Class,107.94,3,0.0,26.985
1796,US-2017-139465,20170827,MR-17545,OFF-ST-10002352,LOC00024,First Class,63.84,8,0.0,16.5984
1797,US-2017-139465,20170827,MR-17545,TEC-PH-10000455,LOC00024,First Class,347.97,3,0.0,100.9113
1798,US-2017-139465,20170827,MR-17545,OFF-BI-10003910,LOC00024,First Class,37.008,6,0.2,11.565
1799,CA-2016-100965,20160707,RM-19375,FUR-FU-10003039,LOC00059,Standard Class,215.65,5,0.0,73.321
1800,CA-2016-121034,20160808,JF-15565,OFF-FA-10000585,LOC00177,Second Class,11.168,4,0.2,3.6296
1801,CA-2016-121034,20160808,JF-15565,OFF-PA-10001994,LOC00177,Second Class,53.952,3,0.2,17.5344
1802,CA-2016-149461,20161113,AS-10135,FUR-FU-10004270,LOC00312,Standard Class,4.18,1,0.0,1.5048
1803,CA-2017-158379,20170922,JA-15970,OFF-BI-10002498,LOC00064,Second Class,5.607,1,0.7,-4.2987
1804,CA-2017-158379,20170922,JA-15970,OFF-SU-10002881,LOC00064,Second Class,4663.736,7,0.2,-1049.3406
1805,CA-2017-158379,20170922,JA-15970,TEC-AC-10002926,LOC00064,Second Class,79.984,2,0.2,22.9954
1806,US-2016-116729,20161225,GK-14620,TEC-PH-10002200,LOC00014,First Class,2575.944,7,0.2,257.5944
1807,US-2016-116729,20161225,GK-14620,OFF-PA-10002005,LOC00014,First Class,45.36,7,0.0,21.7728
1808,US-2016-116729,20161225,GK-14620,TEC-AC-10001465,LOC00014,First Class,254.24,7,0.0,76.272
1809,CA-2016-164938,20160211,PB-19210,TEC-PH-10004897,LOC00313,First Class,69.93,7,0.0,0.6993
1810,CA-2016-165484,20161023,HK-14890,FUR-FU-10001196,LOC00027,Standard Class,16.156,7,0.6,-12.117
1811,CA-2016-165484,20161023,HK-14890,OFF-PA-10000595,LOC00027,Standard Class,54.816,3,0.2,17.8152
1812,CA-2014-132612,20140609,FO-14305,FUR-TA-10004534,LOC00246,Second Class,1441.3,7,0.0,245.021
1813,US-2017-161193,20171120,BT-11680,FUR-FU-10001861,LOC00056,Standard Class,77.6,5,0.2,28.13
1814,US-2017-161193,20171120,BT-11680,FUR-FU-10000206,LOC00056,Standard Class,4.656,2,0.2,1.5714
1815,CA-2015-131597,20150914,SP-20620,FUR-TA-10002607,LOC00063,Standard Class,170.136,3,0.2,-8.5068
1816,CA-2015-164833,20150604,LL-16840,OFF-LA-10000443,LOC00060,Same Day,7.38,2,0.0,3.4686
1817,CA-2015-164833,20150604,LL-16840,OFF-AR-10004685,LOC00060,Same Day,9.26,2,0.0,3.0558
1818,CA-2015-125423,20151213,MC-17575,OFF-LA-10001771,LOC00002,Second Class,9.96,2,0.0,4.5816
1819,US-2014-130379,20140525,JL-15235,OFF-AP-10001394,LOC00037,Standard Class,75.6,2,0.8,-166.32
1820,US-2014-130379,20140525,JL-15235,FUR-FU-10002553,LOC00037,Standard Class,29.32,2,0.6,-24.189
1821,CA-2016-168956,20160216,EA-14035,OFF-AP-10004233,LOC00037,Standard Class,92.064,6,0.8,-225.5568
1822,CA-2016-168956,20160216,EA-14035,OFF-FA-10000304,LOC00037,Standard Class,6.976,4,0.2,1.8312
1823,CA-2016-168956,20160216,EA-14035,FUR-CH-10004754,LOC00037,Standard Class,62.958,3,0.3,-2.6982
1824,CA-2016-168956,20160216,EA-14035,OFF-PA-10000809,LOC00037,Standard Class,5.184,1,0.2,1.8144
1825,CA-2016-167507,20161222,SA-20830,OFF-BI-10003694,LOC00314,Standard Class,31.32,10,0.7,-25.056
1826,CA-2016-167507,20161222,SA-20830,FUR-FU-10001935,LOC00314,Standard Class,11.84,4,0.2,3.108
1827,CA-2016-167507,20161222,SA-20830,FUR-FU-10002878,LOC00314,Standard Class,22.784,1,0.2,4.8416
1828,CA-2016-109344,20160208,CH-12070,TEC-PH-10002624,LOC00315,Second Class,1127.976,3,0.2,126.8973
1829,US-2015-140851,20150713,ND-18460,OFF-PA-10000019,LOC00258,Second Class,38.88,6,0.0,18.6624
1830,CA-2014-103373,20140518,BS-11755,TEC-PH-10002885,LOC00178,Standard Class,779.796,2,0.4,-168.9558
1831,CA-2017-145884,20171021,SL-20155,TEC-PH-10000895,LOC00316,Same Day,1439.92,8,0.0,374.3792
1832,CA-2017-145884,20171021,SL-20155,FUR-TA-10002356,LOC00316,Same Day,262.11,1,0.0,62.9064
1833,CA-2015-131422,20151105,GB-14530,FUR-CH-10001270,LOC00234,Standard Class,207.0,3,0.2,25.875
1834,CA-2017-162691,20170801,AS-10045,TEC-MA-10000488,LOC00111,Standard Class,1439.982,3,0.4,-263.9967
1835,CA-2017-162691,20170801,AS-10045,OFF-PA-10003729,LOC00111,Standard Class,36.288,7,0.2,12.7008
1836,CA-2014-141278,20140621,RM-19375,OFF-AR-10003056,LOC00317,First Class,21.4,5,0.0,6.206
1837,CA-2017-122693,20170219,NH-18610,OFF-AP-10002518,LOC00237,Second Class,1245.86,7,0.0,361.2994
1838,CA-2014-117345,20140801,BF-10975,OFF-LA-10000240,LOC00044,Standard Class,17.544,3,0.2,5.9211
1839,CA-2014-117345,20140801,BF-10975,FUR-FU-10000629,LOC00044,Standard Class,44.128,4,0.2,12.1352
1840,CA-2014-117345,20140801,BF-10975,OFF-AP-10001005,LOC00044,Standard Class,62.92,1,0.2,10.2245
1841,CA-2014-117345,20140801,BF-10975,OFF-PA-10002377,LOC00044,Standard Class,78.304,2,0.2,29.364
1842,CA-2016-157763,20160718,KH-16330,FUR-CH-10000988,LOC00318,Standard Class,140.81,1,0.0,39.4268
1843,CA-2015-135391,20150209,FA-14230,OFF-LA-10001074,LOC00066,Second Class,40.096,4,0.2,13.5324
1844,CA-2015-135391,20150209,FA-14230,FUR-FU-10001986,LOC00066,Second Class,40.784,2,0.6,-30.588
1845,US-2017-113852,20170729,GW-14605,TEC-AC-10003027,LOC00061,Standard Class,90.57,3,0.0,11.7741
1846,US-2017-158512,20170112,DA-13450,OFF-PA-10001804,LOC00226,Second Class,40.08,6,0.0,19.2384
1847,US-2017-158512,20170112,DA-13450,FUR-FU-10004973,LOC00226,Second Class,37.68,2,0.0,15.8256
1848,CA-2017-128370,20170910,FH-14275,FUR-CH-10002602,LOC00026,Same Day,362.352,3,0.2,27.1764
1849,CA-2017-128370,20170910,FH-14275,OFF-BI-10004140,LOC00026,Same Day,7.184,2,0.2,2.245
1850,CA-2015-160472,20150720,RK-19300,OFF-ST-10000464,LOC00319,Second Class,34.76,1,0.0,9.7328
1851,CA-2015-160472,20150720,RK-19300,TEC-AC-10002253,LOC00319,Second Class,831.2,5,0.0,124.68
1852,CA-2015-160472,20150720,RK-19300,OFF-PA-10000528,LOC00319,Second Class,26.4,5,0.0,11.88
1853,CA-2015-160472,20150720,RK-19300,OFF-EN-10000483,LOC00319,Second Class,106.75,7,0.0,49.105
1854,CA-2015-160472,20150720,RK-19300,OFF-PA-10003129,LOC00319,Second Class,97.82,2,0.0,45.9754
1855,CA-2015-160472,20150720,RK-19300,OFF-ST-10003442,LOC00319,Second Class,141.4,5,0.0,38.178
1856,CA-2014-114643,20140613,FM-14215,OFF-AR-10003631,LOC00004,Standard Class,14.52,3,0.0,4.7916
1857,US-2017-158218,20170512,AC-10420,OFF-ST-10000563,LOC00017,Second Class,127.92,5,0.2,-15.99
1858,US-2017-158218,20170512,AC-10420,OFF-BI-10002133,LOC00017,Second Class,34.24,4,0.8,-53.072
1859,CA-2015-121608,20150903,JB-15400,OFF-AP-10002311,LOC00320,First Class,137.62,2,0.0,60.5528
1860,CA-2015-121608,20150903,JB-15400,TEC-PH-10004959,LOC00320,First Class,100.49,1,0.0,25.1225
1861,US-2017-121251,20170326,GM-14440,FUR-BO-10001918,LOC00030,First Class,257.568,2,0.2,-28.9764
1862,US-2017-121251,20170326,GM-14440,TEC-PH-10004896,LOC00030,First Class,119.96,4,0.0,33.5888
1863,CA-2014-151078,20141112,RF-19840,OFF-ST-10001328,LOC00066,Same Day,49.632,4,0.2,4.9632
1864,US-2016-100839,20161013,NC-18625,FUR-TA-10004575,LOC00043,Standard Class,727.45,5,0.5,-465.568
1865,US-2016-100839,20161013,NC-18625,FUR-FU-10001617,LOC00043,Standard Class,24.96,3,0.2,4.368
1866,US-2017-116659,20171112,NG-18355,TEC-PH-10002824,LOC00056,Same Day,370.782,3,0.4,-92.6955
1867,CA-2017-118857,20170415,AH-10075,FUR-FU-10004460,LOC00321,First Class,196.45,5,0.0,70.722
1868,CA-2015-127110,20150625,CH-12070,OFF-PA-10003309,LOC00106,Standard Class,31.104,6,0.2,10.8864
1869,CA-2015-127110,20150625,CH-12070,OFF-ST-10002554,LOC00106,Standard Class,78.256,2,0.2,-17.6076
1870,CA-2016-148201,20160826,CC-12145,OFF-PA-10000019,LOC00006,Second Class,6.48,1,0.0,3.1104
1871,CA-2014-116932,20140721,ME-18010,OFF-AR-10002067,LOC00035,Standard Class,99.2,5,0.0,25.792
1872,CA-2014-116932,20140721,ME-18010,FUR-CH-10001215,LOC00035,Standard Class,801.568,2,0.2,50.098
1873,CA-2014-116932,20140721,ME-18010,FUR-TA-10004175,LOC00035,Standard Class,272.848,1,0.2,27.2848
1874,CA-2017-142888,20171121,BP-11230,FUR-TA-10004767,LOC00322,Standard Class,70.98,1,0.0,20.5842
1875,CA-2014-147914,20140604,MP-17470,OFF-PA-10001685,LOC00048,Standard Class,16.224,2,0.2,5.8812
1876,US-2016-112977,20160310,CJ-12010,FUR-BO-10003272,LOC00256,Standard Class,176.784,1,0.2,-22.098
1877,CA-2017-112039,20170325,JC-15775,TEC-PH-10000984,LOC00066,Standard Class,470.376,3,0.2,47.0376
1878,CA-2017-118885,20171229,JG-15160,FUR-CH-10002880,LOC00014,Standard Class,393.568,4,0.2,-44.2764
1879,CA-2017-118885,20171229,JG-15160,TEC-PH-10002563,LOC00014,Standard Class,302.376,3,0.2,22.6782
1880,US-2017-166611,20170328,CK-12760,OFF-BI-10001191,LOC00134,Standard Class,68.742,9,0.7,-48.1194
1881,CA-2015-109512,20150305,LF-17185,OFF-EN-10002621,LOC00165,Same Day,29.34,3,0.0,14.67
1882,CA-2015-109512,20150305,LF-17185,FUR-CH-10001146,LOC00165,Same Day,383.607,7,0.1,63.9345
1883,CA-2015-109512,20150305,LF-17185,OFF-ST-10000689,LOC00165,Same Day,563.4,4,0.0,67.608
1884,CA-2016-118570,20161113,CC-12430,OFF-PA-10001289,LOC00106,Standard Class,217.056,7,0.2,78.6828
1885,CA-2017-154718,20170119,DL-12865,OFF-LA-10003714,LOC00323,Second Class,6.0,2,0.2,2.1
1886,CA-2016-147578,20160422,PG-18895,FUR-FU-10001889,LOC00035,Second Class,31.56,3,0.0,10.4148
1887,CA-2014-140165,20140513,EH-14005,OFF-FA-10002815,LOC00187,First Class,7.104,2,0.2,2.3976
1888,CA-2014-140165,20140513,EH-14005,OFF-BI-10004519,LOC00187,First Class,398.352,8,0.7,-331.96
1889,CA-2014-142587,20141021,TB-21520,OFF-AP-10004708,LOC00324,First Class,121.792,4,0.2,13.7016
1890,CA-2014-142587,20141021,TB-21520,FUR-TA-10000617,LOC00324,First Class,409.59,3,0.4,-122.877
1891,CA-2014-157623,20140314,DK-13225,OFF-PA-10001204,LOC00126,Standard Class,10.56,2,0.0,4.752
1892,CA-2014-157623,20140314,DK-13225,OFF-AR-10003723,LOC00126,Standard Class,3.38,1,0.0,1.2506
1893,CA-2017-145310,20171222,JP-15520,OFF-EN-10002621,LOC00325,Second Class,7.824,1,0.2,2.934
1894,CA-2016-100083,20161124,CD-11980,OFF-PA-10000241,LOC00326,Standard Class,24.784,1,0.2,7.745
1895,US-2017-108063,20171202,AS-10090,OFF-AR-10001446,LOC00327,First Class,34.65,3,0.0,10.395
1896,CA-2015-109197,20151231,JO-15280,OFF-BI-10004632,LOC00328,Standard Class,487.984,2,0.2,152.495
1897,CA-2017-141789,20171003,AC-10450,OFF-BI-10001359,LOC00040,First Class,1793.98,2,0.0,843.1706
1898,CA-2014-169775,20140829,RA-19945,OFF-EN-10001749,LOC00329,Second Class,29.808,2,0.2,10.8054
1899,CA-2014-169775,20140829,RA-19945,OFF-BI-10004390,LOC00329,Second Class,505.176,4,0.7,-336.784
1900,CA-2014-169775,20140829,RA-19945,FUR-TA-10001857,LOC00329,Second Class,174.0585,3,0.45,-110.7645
1901,CA-2016-140543,20160629,Co-12640,OFF-ST-10000563,LOC00330,Second Class,191.88,6,0.0,19.188
1902,CA-2016-151141,20160820,DW-13480,TEC-PH-10004924,LOC00186,First Class,14.78,2,0.0,3.9906
1903,CA-2017-167094,20171021,DK-12835,OFF-PA-10003953,LOC00331,First Class,5.184,1,0.2,1.8144
1904,CA-2017-167094,20171021,DK-12835,FUR-CH-10000155,LOC00331,First Class,478.48,2,0.2,47.848
1905,CA-2017-167094,20171021,DK-12835,TEC-AC-10003116,LOC00331,First Class,28.4,2,0.2,6.745
1906,CA-2017-154410,20171021,MD-17860,OFF-ST-10002743,LOC00305,First Class,909.12,8,0.0,9.0912
1907,US-2016-150567,20160517,RP-19855,OFF-BI-10001757,LOC00332,Standard Class,2.952,2,0.7,-2.1648
1908,US-2016-150567,20160517,RP-19855,OFF-BI-10000069,LOC00332,Standard Class,27.018,6,0.7,-21.6144
1909,CA-2015-157959,20150203,RW-19540,FUR-FU-10004093,LOC00142,First Class,136.92,4,0.0,41.076
1910,CA-2017-105886,20171218,DB-13660,FUR-FU-10001037,LOC00188,Standard Class,18.96,2,0.0,8.532
1911,CA-2016-105963,20161115,SC-20770,TEC-AC-10003832,LOC00142,Standard Class,99.39,3,0.0,40.7499
1912,CA-2017-121503,20170703,FH-14275,OFF-PA-10001878,LOC00017,Second Class,273.896,7,0.2,92.4399
1913,CA-2017-121503,20170703,FH-14275,TEC-MA-10003674,LOC00017,Second Class,597.132,3,0.4,49.761
1914,CA-2014-103366,20140115,EH-13990,TEC-AC-10003628,LOC00237,First Class,149.95,5,0.0,65.978
1915,CA-2017-124597,20170430,AS-10630,OFF-LA-10003190,LOC00252,Standard Class,4.608,2,0.2,1.6704
1916,CA-2017-124597,20170430,AS-10630,OFF-AR-10002280,LOC00252,Standard Class,15.528,3,0.2,4.8525
1917,CA-2017-124597,20170430,AS-10630,OFF-LA-10001569,LOC00252,Standard Class,11.952,3,0.2,3.8844
1918,CA-2015-105634,20151108,HA-14905,OFF-AR-10001573,LOC00118,Standard Class,11.65,5,0.0,3.3785
1919,CA-2015-123673,20151030,CH-12070,TEC-PH-10001809,LOC00084,Second Class,299.9,2,0.0,74.975
1920,US-2017-111423,20170817,EH-13765,OFF-BI-10003091,LOC00291,First Class,895.92,5,0.2,302.373
1921,US-2017-111423,20170817,EH-13765,FUR-CH-10003981,LOC00291,First Class,462.564,2,0.1,97.6524
1922,CA-2015-125178,20151003,MZ-17515,OFF-ST-10002562,LOC00333,Standard Class,15.008,2,0.2,1.5008
1923,CA-2016-156685,20160708,SC-20230,TEC-PH-10004345,LOC00175,Second Class,863.64,9,0.2,107.955
1924,CA-2016-156685,20160708,SC-20230,OFF-AR-10000588,LOC00175,Second Class,47.616,3,0.2,3.5712
1925,CA-2017-126865,20171205,NP-18325,OFF-PA-10003039,LOC00143,Second Class,92.94,3,0.0,41.823
1926,CA-2017-102834,20170309,LW-16990,TEC-AC-10001908,LOC00095,Standard Class,199.98,2,0.0,69.993
1927,US-2016-139710,20160609,GM-14680,TEC-PH-10001198,LOC00063,Standard Class,177.48,3,0.2,19.9665
1928,CA-2017-121538,20171128,RH-19495,OFF-PA-10004071,LOC00077,First Class,88.768,2,0.2,31.0688
1929,US-2017-101539,20170316,VM-21685,OFF-PA-10001972,LOC00060,Second Class,6.48,1,0.0,3.1104
1930,US-2017-101539,20170316,VM-21685,OFF-ST-10004180,LOC00060,Second Class,46.51,1,0.0,1.8604
1931,US-2017-101539,20170316,VM-21685,TEC-PH-10004165,LOC00060,Second Class,659.976,3,0.2,49.4982
1932,CA-2016-152121,20161127,CC-12670,TEC-PH-10002483,LOC00058,Second Class,271.992,1,0.2,23.7993
1933,CA-2017-161200,20170806,SV-20365,FUR-BO-10000468,LOC00300,Second Class,145.74,3,0.0,23.3184
1934,CA-2017-161200,20170806,SV-20365,FUR-FU-10001706,LOC00300,Second Class,15.4,5,0.0,7.392
1935,CA-2017-101245,20171127,LW-16990,OFF-PA-10003129,LOC00010,Standard Class,244.55,5,0.0,114.9385
1936,CA-2017-101245,20171127,LW-16990,TEC-AC-10001284,LOC00010,Standard Class,166.16,8,0.0,59.8176
1937,CA-2015-141768,20150525,NP-18685,FUR-FU-10002268,LOC00010,Second Class,14.73,3,0.0,4.8609
1938,CA-2016-112109,20160708,JE-15715,OFF-BI-10002082,LOC00334,Standard Class,19.968,2,0.7,-13.312
1939,CA-2016-112109,20160708,JE-15715,OFF-ST-10001505,LOC00334,Standard Class,33.488,7,0.2,-1.2558
1940,CA-2016-112109,20160708,JE-15715,OFF-BI-10001634,LOC00334,Standard Class,8.736,4,0.7,-6.1152
1941,CA-2016-112109,20160708,JE-15715,FUR-CH-10004287,LOC00334,Standard Class,662.88,3,0.2,74.574
1942,CA-2017-144064,20170829,CP-12085,OFF-LA-10004544,LOC00117,First Class,47.36,4,0.2,17.76
1943,CA-2017-144064,20170829,CP-12085,OFF-ST-10004507,LOC00117,First Class,27.44,2,0.2,2.401
1944,CA-2017-144064,20170829,CP-12085,OFF-BI-10002012,LOC00117,First Class,3.24,9,0.8,-5.184
1945,CA-2016-108581,20160620,EA-14035,TEC-AC-10001109,LOC00297,Standard Class,95.968,4,0.2,26.3912
1946,CA-2016-108581,20160620,EA-14035,OFF-PA-10000809,LOC00297,Standard Class,10.368,2,0.2,3.6288
1947,CA-2017-157987,20170902,AC-10615,OFF-AR-10000658,LOC00030,Standard Class,23.1,2,0.0,6.468
1948,CA-2017-157987,20170902,AC-10615,FUR-FU-10001196,LOC00030,Standard Class,11.54,2,0.0,3.462
1949,CA-2017-157987,20170902,AC-10615,FUR-TA-10001889,LOC00030,Standard Class,254.526,1,0.4,-93.3262
1950,CA-2017-157987,20170902,AC-10615,OFF-AP-10000358,LOC00030,Standard Class,12.98,1,0.0,3.7642
1951,CA-2017-157987,20170902,AC-10615,OFF-BI-10004970,LOC00030,Standard Class,26.432,8,0.2,8.9208
1952,CA-2017-157987,20170902,AC-10615,TEC-PH-10003885,LOC00030,Standard Class,197.97,3,0.0,57.4113
1953,CA-2017-157987,20170902,AC-10615,OFF-LA-10001641,LOC00030,Standard Class,18.9,6,0.0,9.072
1954,CA-2017-157987,20170902,AC-10615,FUR-CH-10003379,LOC00030,Standard Class,1282.41,5,0.1,213.735
1955,CA-2017-157987,20170902,AC-10615,OFF-AR-10004582,LOC00030,Standard Class,4.92,3,0.0,2.214
1956,CA-2017-157987,20170902,AC-10615,TEC-AC-10002842,LOC00030,Standard Class,238.0,2,0.0,38.08
1957,CA-2017-157987,20170902,AC-10615,TEC-AC-10000109,LOC00030,Standard Class,167.97,3,0.0,40.3128
1958,CA-2017-157987,20170902,AC-10615,OFF-PA-10003893,LOC00030,Standard Class,17.12,4,0.0,7.704
1959,CA-2017-110905,20170910,RW-19690,OFF-BI-10003669,LOC00335,Second Class,16.2,3,0.0,7.776
1960,CA-2017-110905,20170910,RW-19690,OFF-AP-10004785,LOC00335,Second Class,33.99,3,0.0,14.6157
1961,CA-2017-110905,20170910,RW-19690,TEC-AC-10003023,LOC00335,Second Class,296.85,5,0.0,53.433
1962,CA-2017-110905,20170910,RW-19690,TEC-AC-10002217,LOC00335,Second Class,112.8,6,0.0,6.768
1963,CA-2017-110905,20170910,RW-19690,OFF-BI-10002954,LOC00335,Second Class,13.71,3,0.0,6.5808
1964,CA-2017-110905,20170910,RW-19690,OFF-PA-10002586,LOC00335,Second Class,24.9,5,0.0,11.703
1965,CA-2017-110905,20170910,RW-19690,OFF-ST-10000025,LOC00335,Second Class,286.29,3,0.0,17.1774
1966,CA-2017-110905,20170910,RW-19690,OFF-AP-10003281,LOC00335,Second Class,24.18,2,0.0,7.254
1967,CA-2017-165841,20171221,DB-13210,TEC-PH-10002103,LOC00336,Standard Class,281.97,3,0.0,78.9516
1968,CA-2017-165841,20171221,DB-13210,OFF-SU-10000898,LOC00336,Standard Class,69.5,5,0.0,20.155
1969,CA-2017-165841,20171221,DB-13210,OFF-PA-10001144,LOC00336,Standard Class,166.44,3,0.0,79.8912
1970,CA-2017-117485,20170923,BD-11320,TEC-AC-10004659,LOC00313,Standard Class,291.96,4,0.0,102.186
1971,CA-2017-140242,20170506,ML-17755,OFF-AR-10004752,LOC00037,Standard Class,6.408,3,0.2,0.6408
1972,CA-2017-140242,20170506,ML-17755,TEC-AC-10004659,LOC00037,Standard Class,408.744,7,0.2,76.6395
1973,CA-2014-148950,20141214,JD-16015,OFF-BI-10001249,LOC00027,Standard Class,5.104,4,0.8,-8.6768
1974,CA-2014-148950,20141214,JD-16015,OFF-FA-10003059,LOC00027,Standard Class,2.896,2,0.2,0.4706
1975,CA-2014-148950,20141214,JD-16015,TEC-AC-10002718,LOC00027,Standard Class,35.016,3,0.2,-2.1885
1976,CA-2014-110408,20141018,AS-10225,OFF-ST-10001522,LOC00154,Second Class,275.97,3,0.0,11.0388
1977,CA-2014-110408,20141018,AS-10225,TEC-PH-10002352,LOC00154,Second Class,1394.95,5,0.0,362.687
1978,CA-2014-110408,20141018,AS-10225,FUR-CH-10003774,LOC00154,Second Class,545.88,6,0.0,70.9644
1979,CA-2015-109939,20150508,AA-10375,OFF-AR-10000127,LOC00161,Standard Class,5.248,2,0.2,0.5904
1980,CA-2016-112669,20160414,KT-16465,FUR-CH-10004086,LOC00277,Same Day,933.536,4,0.2,105.0228
1981,CA-2016-112669,20160414,KT-16465,OFF-ST-10001228,LOC00277,Same Day,42.976,4,0.2,4.2976
1982,CA-2015-119592,20151214,MM-18280,OFF-BI-10004187,LOC00113,Second Class,3.76,2,0.0,1.8048
1983,CA-2014-122749,20141203,NG-18430,TEC-PH-10003811,LOC00337,Standard Class,479.96,4,0.0,134.3888
1984,CA-2014-164721,20141125,LW-16825,OFF-AP-10000240,LOC00091,Second Class,320.88,6,0.0,93.0552
1985,CA-2014-164721,20141125,LW-16825,FUR-FU-10001940,LOC00091,Second Class,23.88,3,0.0,10.5072
1986,CA-2014-164721,20141125,LW-16825,OFF-PA-10000575,LOC00091,Second Class,26.76,4,0.0,12.3096
1987,CA-2016-147417,20160725,CB-12415,TEC-CO-10001449,LOC00048,First Class,1439.976,4,0.4,191.9968
1988,CA-2015-127509,20151109,AS-10090,OFF-BI-10002393,LOC00335,Standard Class,17.22,3,0.0,7.9212
1989,CA-2015-127509,20151109,AS-10090,FUR-TA-10002855,LOC00335,Standard Class,1024.38,7,0.0,215.1198
1990,CA-2015-127509,20151109,AS-10090,OFF-EN-10000781,LOC00335,Standard Class,26.22,3,0.0,12.3234
1991,CA-2015-127509,20151109,AS-10090,OFF-PA-10002160,LOC00335,Standard Class,17.34,3,0.0,8.4966
1992,CA-2017-111374,20170224,CB-12415,OFF-BI-10004970,LOC00064,Standard Class,4.956,4,0.7,-3.7996
1993,CA-2017-133648,20170625,ML-17755,OFF-LA-10003923,LOC00331,Standard Class,71.04,6,0.2,26.64
1994,CA-2017-133648,20170625,ML-17755,OFF-AR-10002257,LOC00331,Standard Class,5.344,2,0.2,0.7348
1995,CA-2017-133648,20170625,ML-17755,OFF-FA-10004395,LOC00331,Standard Class,11.304,3,0.2,-2.1195
1996,US-2017-147221,20171202,JS-16030,OFF-AP-10002534,LOC00067,Second Class,294.62,5,0.8,-766.012
1997,US-2017-147221,20171202,JS-16030,FUR-FU-10004020,LOC00067,Second Class,8.752,4,0.6,-3.7196
1998,CA-2014-131905,20140206,ND-18460,OFF-LA-10002787,LOC00338,First Class,15.0,4,0.0,7.2
1999,CA-2014-131905,20140206,ND-18460,TEC-PH-10003645,LOC00338,First Class,161.61,1,0.0,42.0186
2000,CA-2014-131905,20140206,ND-18460,TEC-PH-10001615,LOC00338,First Class,144.95,5,0.0,42.0355
2001,CA-2017-166128,20170411,LW-17215,TEC-AC-10001767,LOC00055,Standard Class,199.95,5,0.0,21.9945
2002,CA-2017-166128,20170411,LW-17215,OFF-AR-10001221,LOC00055,Standard Class,41.86,7,0.0,14.2324
2003,CA-2017-163510,20171225,JW-15955,OFF-ST-10000563,LOC00176,Second Class,95.94,3,0.0,9.594
2004,CA-2017-163510,20171225,JW-15955,FUR-CH-10001146,LOC00176,Second Class,304.45,5,0.0,76.1125
2005,US-2017-143028,20170411,SC-20050,OFF-BI-10004738,LOC00339,Standard Class,11.364,3,0.8,-17.046
2006,CA-2014-111150,20141231,RW-19630,OFF-AR-10000034,LOC00340,Standard Class,29.68,7,0.0,11.5752
2007,CA-2014-111150,20141231,RW-19630,TEC-AC-10000290,LOC00340,Standard Class,47.53,7,0.0,16.1602
2008,CA-2017-165386,20170803,CM-12190,FUR-BO-10003034,LOC00037,First Class,183.372,2,0.3,-36.6744
2009,CA-2014-116407,20141115,JF-15190,OFF-AR-10001315,LOC00341,Standard Class,4.224,3,0.2,0.4752
2010,CA-2014-116407,20141115,JF-15190,OFF-AP-10002118,LOC00341,Standard Class,333.056,2,0.2,29.1424
2011,CA-2014-116407,20141115,JF-15190,OFF-PA-10002137,LOC00341,Standard Class,24.896,4,0.2,7.78
2012,CA-2015-155761,20151211,SC-20800,TEC-AC-10001606,LOC00017,Same Day,159.984,2,0.2,35.9964
2013,CA-2015-155761,20151211,SC-20800,OFF-ST-10000943,LOC00017,Same Day,46.344,3,0.2,4.6344
2014,CA-2016-145905,20160918,AM-10705,FUR-CH-10001854,LOC00342,Standard Class,350.98,1,0.0,84.2352
2015,CA-2016-145905,20160918,AM-10705,OFF-PA-10000533,LOC00342,Standard Class,13.08,2,0.0,6.0168
2016,CA-2016-145905,20160918,AM-10705,OFF-ST-10003716,LOC00342,Standard Class,900.08,4,0.0,117.0104
2017,CA-2015-113110,20150319,BK-11260,OFF-BI-10000088,LOC00343,Standard Class,17.568,2,0.2,6.3684
2018,CA-2015-113110,20150319,BK-11260,OFF-LA-10000240,LOC00343,Standard Class,14.62,2,0.0,6.8714
2019,CA-2015-113110,20150319,BK-11260,OFF-SU-10001165,LOC00343,Standard Class,33.36,4,0.0,8.6736
2020,CA-2015-113110,20150319,BK-11260,OFF-PA-10002749,LOC00343,Standard Class,40.14,6,0.0,19.6686
2021,CA-2016-168354,20160919,RH-19510,OFF-ST-10001490,LOC00260,First Class,1606.23,9,0.0,481.869
2022,CA-2016-168354,20160919,RH-19510,OFF-PA-10002377,LOC00260,First Class,17.04,3,0.0,7.668
2023,CA-2016-168354,20160919,RH-19510,OFF-BI-10004826,LOC00260,First Class,49.53,3,0.0,23.7744
2024,CA-2016-168354,20160919,RH-19510,FUR-CH-10004675,LOC00260,First Class,872.32,4,0.0,244.2496
2025,US-2017-111241,20170820,GM-14500,OFF-BI-10002867,LOC00254,Second Class,239.12,5,0.2,77.714
2026,CA-2015-114237,20150313,MC-17275,FUR-BO-10004409,LOC00006,First Class,141.96,2,0.0,39.7488
2027,CA-2016-113516,20160908,VM-21685,OFF-BI-10002225,LOC00195,Second Class,33.024,2,0.2,11.5584
2028,CA-2016-113516,20160908,VM-21685,OFF-BI-10001989,LOC00195,Second Class,67.136,4,0.2,23.4976
2029,CA-2015-117961,20151126,GP-14740,OFF-BI-10000343,LOC00344,Standard Class,14.73,3,0.0,6.9231
2030,CA-2015-117961,20151126,GP-14740,OFF-ST-10001172,LOC00344,Standard Class,104.9,5,0.0,25.176
2031,CA-2015-117961,20151126,GP-14740,OFF-BI-10003707,LOC00344,Standard Class,61.04,4,0.0,30.52
2032,CA-2015-117961,20151126,GP-14740,OFF-PA-10001274,LOC00344,Standard Class,10.95,3,0.0,5.1465
2033,CA-2016-128923,20161209,GB-14530,OFF-PA-10002250,LOC00007,Standard Class,9.392,2,0.2,3.2872
2034,CA-2016-128923,20161209,GB-14530,OFF-AR-10000475,LOC00007,Standard Class,9.328,1,0.2,0.8162
2035,CA-2017-162481,20170925,CT-11995,OFF-BI-10002976,LOC00039,Standard Class,8.26,2,0.0,3.8822
2036,CA-2017-162481,20170925,CT-11995,FUR-CH-10003061,LOC00039,Standard Class,269.97,3,0.0,51.2943
2037,CA-2015-119214,20150123,CW-11905,OFF-PA-10002893,LOC00345,Standard Class,29.04,3,0.0,13.9392
2038,CA-2015-119214,20150123,CW-11905,OFF-LA-10003077,LOC00345,Standard Class,14.62,2,0.0,6.8714
2039,CA-2015-122287,20150618,SN-20560,OFF-PA-10001661,LOC00346,Standard Class,11.952,3,0.2,4.3326
2040,CA-2015-122287,20150618,SN-20560,OFF-BI-10004656,LOC00346,Standard Class,4.536,7,0.7,-3.3264
2041,CA-2015-122287,20150618,SN-20560,OFF-BI-10003707,LOC00346,Standard Class,9.156,2,0.7,-6.104
2042,CA-2015-122287,20150618,SN-20560,FUR-FU-10004973,LOC00346,Standard Class,75.36,5,0.2,20.724
2043,CA-2015-104493,20151002,EB-13705,OFF-BI-10004817,LOC00189,Standard Class,57.504,6,0.2,20.1264
2044,US-2017-158946,20171118,JW-15220,OFF-AR-10001860,LOC00347,Standard Class,38.864,7,0.2,7.7728
2045,CA-2014-129168,20140817,KB-16585,OFF-PA-10001639,LOC00015,Standard Class,15.552,3,0.2,5.4432
2046,CA-2016-131835,20160717,MC-17590,OFF-AP-10004487,LOC00348,Standard Class,162.64,2,0.0,45.5392
2047,CA-2016-131835,20160717,MC-17590,TEC-PH-10001760,LOC00348,Standard Class,597.0,3,0.0,280.59
2048,CA-2016-131835,20160717,MC-17590,OFF-PA-10004071,LOC00348,Standard Class,55.48,1,0.0,26.6304
2049,CA-2015-142237,20150711,CK-12595,FUR-FU-10004848,LOC00064,First Class,289.8,7,0.2,36.225
2050,CA-2015-142237,20150711,CK-12595,OFF-BI-10004022,LOC00064,First Class,2.502,3,0.7,-2.0016
2051,CA-2015-142237,20150711,CK-12595,OFF-BI-10003669,LOC00064,First Class,6.48,4,0.7,-4.752
2052,CA-2015-142237,20150711,CK-12595,FUR-CH-10003833,LOC00064,First Class,341.488,8,0.3,-73.176
2053,CA-2015-142237,20150711,CK-12595,OFF-AR-10003732,LOC00064,First Class,11.12,5,0.2,0.834
2054,CA-2015-142237,20150711,CK-12595,FUR-FU-10003142,LOC00064,First Class,25.344,6,0.2,3.4848
2055,CA-2016-136434,20161201,RD-19480,FUR-FU-10001196,LOC00239,Standard Class,17.31,3,0.0,5.193
2056,CA-2017-120376,20171222,TP-21130,TEC-AC-10001114,LOC00084,First Class,199.95,5,0.0,63.984
2057,CA-2017-120376,20171222,TP-21130,FUR-CH-10002335,LOC00084,First Class,1586.69,7,0.0,412.5394
2058,CA-2017-120376,20171222,TP-21130,TEC-AC-10000844,LOC00084,First Class,84.99,1,0.0,30.5964
2059,CA-2017-120376,20171222,TP-21130,FUR-TA-10004534,LOC00084,First Class,411.8,2,0.0,70.006
2060,CA-2014-106439,20141031,GG-14650,OFF-FA-10002975,LOC00014,Standard Class,11.34,3,0.0,5.2164
2061,CA-2014-106439,20141031,GG-14650,OFF-ST-10003996,LOC00014,Standard Class,80.3,5,0.0,20.878
2062,CA-2014-106439,20141031,GG-14650,OFF-BI-10002571,LOC00014,Standard Class,15.968,2,0.2,5.3892
2063,CA-2014-106439,20141031,GG-14650,OFF-PA-10000477,LOC00014,Standard Class,64.74,13,0.0,30.4278
2064,CA-2014-106439,20141031,GG-14650,OFF-BI-10004209,LOC00014,Standard Class,19.296,3,0.2,6.03
2065,CA-2014-106439,20141031,GG-14650,OFF-ST-10001963,LOC00014,Standard Class,405.64,4,0.0,12.1692
2066,CA-2014-106439,20141031,GG-14650,FUR-CH-10003833,LOC00014,Standard Class,146.352,3,0.2,-9.147
2067,CA-2014-106439,20141031,GG-14650,TEC-AC-10004568,LOC00014,Standard Class,251.91,9,0.0,47.8629
2068,CA-2014-106439,20141031,GG-14650,OFF-AR-10001419,LOC00014,Standard Class,12.39,3,0.0,3.717
2069,CA-2015-133452,20150413,ZC-21910,TEC-AC-10002800,LOC00283,Standard Class,199.96,4,0.0,69.986
2070,CA-2015-133452,20150413,ZC-21910,FUR-TA-10003954,LOC00283,Standard Class,710.832,3,0.2,-97.7394
2071,CA-2016-146521,20160721,CC-12610,OFF-BI-10000301,LOC00064,Second Class,1.941,1,0.7,-1.294
2072,US-2017-110996,20171120,KA-16525,FUR-CH-10003956,LOC00349,Standard Class,283.92,5,0.2,-46.137
2073,CA-2016-129693,20161126,TC-20980,OFF-BI-10002954,LOC00060,Standard Class,7.312,2,0.2,2.5592
2074,CA-2017-122504,20171107,DB-13270,TEC-AC-10003289,LOC00091,Second Class,59.97,3,0.0,13.7931
2075,CA-2017-122504,20171107,DB-13270,TEC-PH-10002468,LOC00091,Second Class,761.544,7,0.2,66.6351
2076,CA-2014-131051,20141201,TR-21325,FUR-FU-10001861,LOC00035,Standard Class,58.2,3,0.0,28.518
2077,CA-2017-140676,20170912,BF-11080,OFF-PA-10004082,LOC00309,First Class,39.9,5,0.0,19.95
2078,CA-2017-140676,20170912,BF-11080,OFF-AP-10000358,LOC00309,First Class,90.86,7,0.0,26.3494
2079,CA-2017-140676,20170912,BF-11080,OFF-PA-10004243,LOC00309,First Class,94.85,5,0.0,45.528
2080,CA-2015-120103,20151224,MS-17365,OFF-PA-10001295,LOC00052,Standard Class,106.232,7,0.2,37.1812
2081,CA-2015-120103,20151224,MS-17365,TEC-PH-10002170,LOC00052,Standard Class,111.984,2,0.2,11.1984
2082,CA-2015-120103,20151224,MS-17365,FUR-FU-10002885,LOC00052,Standard Class,7.712,2,0.2,1.7352
2083,CA-2017-104647,20170223,CK-12595,OFF-PA-10002870,LOC00142,Standard Class,37.44,6,0.0,16.848
2084,CA-2014-110352,20141123,ED-13885,OFF-LA-10003923,LOC00067,Standard Class,23.68,2,0.2,8.88
2085,CA-2016-140501,20160623,IM-15070,OFF-LA-10003510,LOC00030,Standard Class,122.12,4,0.0,56.1752
2086,CA-2016-140501,20160623,IM-15070,OFF-LA-10000248,LOC00030,Standard Class,18.45,5,0.0,8.6715
2087,CA-2016-140501,20160623,IM-15070,OFF-ST-10000060,LOC00030,Standard Class,324.9,5,0.0,38.988
2088,CA-2016-140501,20160623,IM-15070,OFF-PA-10003129,LOC00030,Standard Class,146.73,3,0.0,68.9631
2089,CA-2016-140501,20160623,IM-15070,OFF-FA-10004076,LOC00030,Standard Class,3.96,2,0.0,1.4652
2090,CA-2015-139290,20151026,MY-17380,OFF-LA-10004008,LOC00350,Standard Class,5.76,2,0.0,2.6496
2091,CA-2017-166142,20170715,MM-17260,OFF-BI-10004094,LOC00050,Standard Class,26.55,3,0.0,13.0095
2092,CA-2017-166142,20170715,MM-17260,FUR-TA-10004607,LOC00050,Standard Class,310.443,3,0.3,-48.7839
2093,CA-2014-145926,20141117,MP-17470,FUR-CH-10004289,LOC00351,Standard Class,479.9,5,0.0,81.583
2094,CA-2015-149678,20150413,AW-10840,OFF-SU-10004498,LOC00215,Second Class,12.88,1,0.0,0.3864
2095,US-2015-164357,20151125,SF-20065,OFF-AR-10001177,LOC00125,Standard Class,13.12,5,0.2,1.476
2096,US-2016-146570,20160515,SN-20710,OFF-BI-10001718,LOC00130,Standard Class,511.84,8,0.0,240.5648
2097,US-2016-146570,20160515,SN-20710,OFF-AR-10004602,LOC00130,Standard Class,91.96,4,0.0,25.7488
2098,US-2016-146570,20160515,SN-20710,OFF-AR-10003856,LOC00130,Standard Class,8.34,3,0.0,2.1684
2099,CA-2017-124401,20170907,RD-19900,OFF-ST-10000649,LOC00041,Standard Class,37.68,3,0.2,2.355
2100,CA-2017-124401,20170907,RD-19900,TEC-AC-10002926,LOC00041,Standard Class,279.944,7,0.2,80.4839
2101,US-2014-140116,20140310,KT-16480,OFF-ST-10000078,LOC00077,Standard Class,636.408,3,0.2,-15.9102
2102,US-2014-140116,20140310,KT-16480,OFF-AR-10001044,LOC00077,Standard Class,83.168,4,0.2,9.3564
2103,CA-2014-123295,20140718,AH-10120,FUR-CH-10002372,LOC00116,Same Day,259.136,4,0.2,-25.9136
2104,CA-2017-167101,20170324,BM-11650,OFF-PA-10000357,LOC00030,Second Class,221.92,4,0.0,106.5216
2105,CA-2017-167101,20170324,BM-11650,TEC-AC-10001266,LOC00030,Second Class,26.0,2,0.0,11.7
2106,US-2014-167633,20140930,BW-11200,OFF-PA-10004888,LOC00252,Standard Class,15.552,3,0.2,5.4432
2107,US-2014-152723,20140926,HG-14965,OFF-BI-10003460,LOC00352,Same Day,0.876,1,0.8,-1.4016
2108,CA-2015-164882,20151031,SG-20080,OFF-PA-10000157,LOC00072,Same Day,19.98,1,0.0,9.3906
2109,CA-2015-164882,20151031,SG-20080,OFF-BI-10004519,LOC00072,Same Day,398.352,3,0.2,124.485
2110,CA-2015-164882,20151031,SG-20080,OFF-AR-10004272,LOC00072,Same Day,5.04,3,0.0,1.26
2111,CA-2015-164882,20151031,SG-20080,OFF-FA-10000585,LOC00072,Same Day,17.45,5,0.0,8.027
2112,CA-2015-164882,20151031,SG-20080,FUR-CH-10004218,LOC00072,Same Day,323.136,4,0.2,20.196
2113,CA-2015-164882,20151031,SG-20080,OFF-SU-10004231,LOC00072,Same Day,29.7,3,0.0,8.019
2114,CA-2015-164882,20151031,SG-20080,TEC-PH-10001578,LOC00072,Same Day,1295.84,4,0.2,145.782
2115,CA-2015-164882,20151031,SG-20080,OFF-ST-10003638,LOC00072,Same Day,46.84,2,0.0,12.6468
2116,CA-2015-164882,20151031,SG-20080,FUR-BO-10002213,LOC00072,Same Day,425.833,1,0.15,20.0392
2117,CA-2015-159786,20151012,RK-19300,FUR-TA-10001307,LOC00145,Second Class,209.67,1,0.4,-13.978
2118,CA-2016-130267,20160919,SW-20245,OFF-PA-10002222,LOC00353,Standard Class,159.88,7,0.0,73.5448
2119,CA-2017-155460,20170413,RW-19630,OFF-PA-10002479,LOC00060,First Class,5.28,1,0.0,2.376
2120,CA-2017-155460,20170413,RW-19630,OFF-BI-10003091,LOC00060,First Class,895.92,5,0.2,302.373
2121,US-2017-168690,20170107,TS-21085,OFF-BI-10000145,LOC00354,Standard Class,2.808,3,0.7,-1.9656
2122,CA-2017-158246,20171109,JB-15400,FUR-CH-10003061,LOC00355,First Class,215.976,3,0.2,-2.6997
2123,CA-2017-167381,20170922,EH-14005,FUR-BO-10001972,LOC00243,Second Class,241.96,2,0.0,41.1332
2124,CA-2017-167381,20170922,EH-14005,OFF-LA-10000134,LOC00243,Second Class,27.72,9,0.0,13.3056
2125,CA-2017-144862,20171201,EH-14005,OFF-EN-10003040,LOC00106,Standard Class,104.68,5,0.2,35.3295
2126,CA-2017-144862,20171201,EH-14005,TEC-PH-10000923,LOC00106,Standard Class,62.958,7,0.4,9.4437
2127,CA-2014-126032,20140623,BS-11665,TEC-AC-10000158,LOC00106,Standard Class,86.376,3,0.2,1.0797
2128,CA-2015-134859,20151004,JK-16120,FUR-FU-10003623,LOC00064,Standard Class,64.944,3,0.2,6.4944
2129,CA-2015-134859,20151004,JK-16120,OFF-PA-10001293,LOC00064,Standard Class,20.736,4,0.2,7.2576
2130,US-2014-114188,20140520,RF-19345,OFF-AP-10000124,LOC00356,Second Class,33.28,4,0.0,9.3184
2131,US-2014-114188,20140520,RF-19345,OFF-AR-10004511,LOC00356,Second Class,38.52,9,0.0,11.9412
2132,US-2014-114188,20140520,RF-19345,FUR-FU-10000076,LOC00356,Second Class,139.86,7,0.0,60.1398
2133,CA-2015-156524,20151120,DL-12865,OFF-PA-10003883,LOC00165,Standard Class,19.65,3,0.0,9.039
2134,CA-2015-122210,20151130,WB-21850,OFF-BI-10003656,LOC00064,Standard Class,152.991,3,0.7,-122.3928
2135,CA-2015-122210,20151130,WB-21850,OFF-FA-10000053,LOC00064,Standard Class,10.584,7,0.2,-2.3814
2136,CA-2015-122210,20151130,WB-21850,TEC-PH-10002807,LOC00064,Standard Class,94.92,4,0.4,15.82
2137,CA-2015-156377,20151231,TB-21625,FUR-FU-10002364,LOC00071,Standard Class,14.76,5,0.6,-11.439
2138,CA-2015-156377,20151231,TB-21625,OFF-BI-10002954,LOC00071,Standard Class,3.656,4,0.8,-5.8496
2139,US-2017-157896,20171116,CB-12415,OFF-PA-10004092,LOC00030,Same Day,146.82,3,0.0,73.41
2140,CA-2014-159520,20140606,GT-14635,OFF-BI-10003982,LOC00256,Standard Class,149.544,9,0.2,50.4711
2141,CA-2014-159520,20140606,GT-14635,OFF-SU-10001664,LOC00256,Standard Class,17.14,2,0.0,4.4564
2142,CA-2014-159520,20140606,GT-14635,FUR-TA-10003238,LOC00256,Standard Class,991.764,3,0.4,-347.1174
2143,CA-2016-155481,20160901,DK-13225,OFF-PA-10004675,LOC00012,Standard Class,30.48,6,0.2,9.906
2144,CA-2016-155481,20160901,DK-13225,TEC-PH-10002293,LOC00012,Standard Class,23.988,2,0.4,-4.7976
2145,CA-2016-155481,20160901,DK-13225,OFF-FA-10002780,LOC00012,Standard Class,16.688,7,0.2,5.4236
2146,US-2016-152051,20160625,TS-21160,FUR-CH-10002965,LOC00357,Standard Class,422.058,3,0.3,-18.0882
2147,US-2016-152051,20160625,TS-21160,OFF-BI-10004781,LOC00357,Standard Class,38.088,4,0.7,-27.9312
2148,US-2016-152051,20160625,TS-21160,OFF-ST-10001713,LOC00357,Standard Class,254.352,6,0.2,-50.8704
2149,CA-2014-141607,20141212,WB-21850,FUR-FU-10003975,LOC00138,Standard Class,43.31,1,0.0,4.331
2150,CA-2017-102771,20170331,DO-13435,TEC-PH-10001536,LOC00046,Standard Class,84.95,5,0.0,22.087
2151,US-2017-139969,20171119,AF-10870,FUR-CH-10001973,LOC00358,Standard Class,233.058,3,0.3,-53.2704
2152,CA-2014-167360,20141124,RB-19435,TEC-AC-10001772,LOC00359,Second Class,111.79,7,0.0,43.5981
2153,CA-2015-123505,20151122,AR-10540,OFF-PA-10002586,LOC00360,Standard Class,14.94,3,0.0,7.0218
2154,CA-2016-117282,20160714,DR-12880,OFF-BI-10004094,LOC00030,Standard Class,14.16,2,0.2,5.133
2155,US-2016-120460,20160430,BF-11170,FUR-FU-10004973,LOC00177,Standard Class,22.608,3,0.6,-10.1736
2156,CA-2016-111115,20160725,LB-16735,OFF-FA-10000624,LOC00004,Second Class,21.48,6,0.0,10.74
2157,CA-2014-124646,20140622,DV-13465,OFF-ST-10001097,LOC00040,First Class,501.81,3,0.0,0.0
2158,CA-2014-124646,20140622,DV-13465,OFF-ST-10001469,LOC00040,First Class,161.94,3,0.0,9.7164
2159,CA-2017-148166,20171021,NK-18490,OFF-AR-10004956,LOC00263,Standard Class,17.856,4,0.2,2.0088
2160,CA-2016-159737,20160903,CS-11950,OFF-BI-10004236,LOC00027,Standard Class,8.808,3,0.8,-14.9736
2161,CA-2016-141019,20160514,LH-17155,FUR-FU-10002937,LOC00094,Same Day,79.384,1,0.2,29.769
2162,CA-2016-101938,20160107,DW-13480,OFF-AR-10003696,LOC00233,Standard Class,34.58,1,0.0,10.0282
2163,CA-2017-166296,20170313,KF-16285,OFF-PA-10004359,LOC00361,Standard Class,314.55,3,0.0,150.984
2164,CA-2016-154018,20161013,HA-14920,TEC-AC-10002402,LOC00162,Standard Class,191.976,3,0.2,23.997
2165,CA-2016-154018,20161013,HA-14920,OFF-PA-10000551,LOC00162,Standard Class,8.288,2,0.2,3.0044
2166,CA-2016-154018,20161013,HA-14920,FUR-FU-10003394,LOC00162,Standard Class,139.92,5,0.6,-150.414
2167,CA-2016-154018,20161013,HA-14920,OFF-AR-10002067,LOC00162,Standard Class,15.872,1,0.2,1.1904
2168,CA-2016-154018,20161013,HA-14920,OFF-BI-10004140,LOC00162,Standard Class,6.286,7,0.8,-11.0005
2169,CA-2017-117870,20170127,JH-15820,OFF-AR-10004078,LOC00362,Second Class,14.016,3,0.2,1.752
2170,CA-2017-117870,20170127,JH-15820,TEC-AC-10000927,LOC00362,Second Class,71.976,3,0.2,-8.997
2171,CA-2017-117870,20170127,JH-15820,TEC-PH-10003931,LOC00362,Second Class,107.982,3,0.4,-26.9955
2172,US-2017-137491,20171119,LC-16930,FUR-CH-10004675,LOC00363,Standard Class,305.312,2,0.3,-8.7232
2173,CA-2014-152296,20140801,IL-15100,OFF-BI-10004506,LOC00035,First Class,19.752,3,0.2,6.9132
2174,CA-2016-112025,20160730,LS-16975,OFF-BI-10002353,LOC00033,Standard Class,9.264,3,0.8,-13.896
2175,CA-2015-132507,20150730,CC-12610,OFF-ST-10000943,LOC00017,Second Class,61.792,4,0.2,6.1792
2176,CA-2016-125738,20161015,PB-18805,OFF-PA-10000740,LOC00364,Standard Class,45.68,2,0.0,21.0128
2177,CA-2016-125738,20161015,PB-18805,OFF-PA-10003001,LOC00364,Standard Class,60.12,9,0.0,28.8576
2178,CA-2016-125738,20161015,PB-18805,OFF-BI-10001628,LOC00364,Standard Class,41.72,5,0.2,13.0375
2179,CA-2016-125738,20161015,PB-18805,OFF-PA-10001509,LOC00364,Standard Class,71.6,8,0.0,32.936
2180,CA-2016-128818,20160507,CJ-12010,OFF-BI-10000309,LOC00030,Standard Class,85.232,7,0.2,30.8966
2181,CA-2016-128818,20160507,CJ-12010,OFF-LA-10003923,LOC00030,Standard Class,44.4,3,0.0,22.2
2182,CA-2016-128818,20160507,CJ-12010,FUR-CH-10002084,LOC00030,Standard Class,442.764,4,0.1,59.0352
2183,CA-2016-128818,20160507,CJ-12010,TEC-MA-10000488,LOC00030,Standard Class,3999.95,5,0.0,1159.9855
2184,CA-2016-128818,20160507,CJ-12010,TEC-AC-10001767,LOC00030,Standard Class,199.95,5,0.0,21.9945
2185,CA-2016-128818,20160507,CJ-12010,FUR-FU-10001940,LOC00030,Standard Class,63.68,8,0.0,28.0192
2186,CA-2017-124576,20170801,HK-14890,OFF-BI-10002735,LOC00206,Second Class,54.896,2,0.2,18.5274
2187,CA-2016-101378,20160714,RH-19600,TEC-AC-10002345,LOC00365,Same Day,29.0,2,0.0,7.25
2188,CA-2017-143063,20170810,IL-15100,OFF-EN-10003134,LOC00135,Standard Class,70.08,6,0.0,35.04
2189,CA-2017-143063,20170810,IL-15100,FUR-FU-10003708,LOC00135,Standard Class,121.3,2,0.0,25.473
2190,CA-2017-143063,20170810,IL-15100,TEC-PH-10003645,LOC00135,Standard Class,1454.49,9,0.0,378.1674
2191,CA-2016-118913,20160625,AS-10240,OFF-AP-10000692,LOC00014,Standard Class,60.81,3,0.0,17.0268
2192,CA-2016-128412,20161210,AP-10915,OFF-BI-10001718,LOC00060,Standard Class,153.552,3,0.2,51.8238
2193,CA-2016-128412,20161210,AP-10915,OFF-AP-10002082,LOC00060,Standard Class,65.34,3,0.0,22.869
2194,CA-2016-128412,20161210,AP-10915,OFF-PA-10001125,LOC00060,Standard Class,123.92,4,0.0,55.764
2195,CA-2016-128412,20161210,AP-10915,OFF-AP-10000252,LOC00060,Standard Class,35.1,3,0.0,12.285
2196,CA-2016-128412,20161210,AP-10915,TEC-AC-10003038,LOC00060,Standard Class,44.75,5,0.0,8.5025
2197,CA-2016-136483,20161201,AG-10390,OFF-AR-10000940,LOC00366,Standard Class,4.704,2,0.2,0.4116
2198,CA-2014-163013,20141128,BF-11080,OFF-AR-10001954,LOC00154,Standard Class,14.67,3,0.0,3.9609
2199,CA-2015-135363,20150328,CK-12205,OFF-PA-10003177,LOC00075,Standard Class,15.552,3,0.2,5.4432
2200,CA-2015-135363,20150328,CK-12205,OFF-PA-10000533,LOC00075,Standard Class,5.232,1,0.2,1.7004
2201,US-2014-165659,20140601,LT-17110,FUR-FU-10001935,LOC00367,Standard Class,22.2,6,0.0,9.102
2202,US-2014-165659,20140601,LT-17110,TEC-PH-10002563,LOC00367,Standard Class,881.93,7,0.0,229.3018
2203,CA-2015-138002,20150906,BT-11305,OFF-BI-10002160,LOC00006,Standard Class,6.096,2,0.2,2.1336
2204,CA-2015-138002,20150906,BT-11305,FUR-FU-10004748,LOC00006,Standard Class,191.82,3,0.0,74.8098
2205,CA-2015-128860,20150629,SC-20725,FUR-FU-10001473,LOC00208,Standard Class,20.104,1,0.2,1.7591
2206,CA-2016-164350,20160910,CG-12040,OFF-AR-10000538,LOC00049,Second Class,67.56,3,0.2,8.445
2207,US-2014-103905,20140714,AW-10930,OFF-BI-10001098,LOC00174,Standard Class,29.932,7,0.8,-46.3946
2208,US-2014-103905,20140714,AW-10930,TEC-PH-10001552,LOC00174,Standard Class,38.272,4,0.2,3.8272
2209,CA-2015-129854,20150822,RB-19705,OFF-AR-10000390,LOC00030,Standard Class,16.52,4,0.0,7.5992
2210,CA-2014-125556,20141114,ML-17410,TEC-PH-10001079,LOC00070,Second Class,832.93,7,0.0,233.2204
2211,CA-2014-125556,20141114,ML-17410,OFF-BI-10003460,LOC00070,Second Class,43.8,10,0.0,21.024
2212,CA-2016-162313,20161127,VB-21745,OFF-AP-10003842,LOC00368,First Class,167.292,6,0.1,29.7408
2213,CA-2017-107874,20171121,SW-20275,FUR-FU-10003535,LOC00046,Standard Class,27.42,1,0.0,11.2422
2214,CA-2017-129378,20171001,NS-18505,OFF-BI-10002012,LOC00059,First Class,1.44,1,0.2,0.504
2215,CA-2017-129378,20171001,NS-18505,OFF-BI-10001922,LOC00059,First Class,61.776,13,0.2,20.8494
2216,CA-2017-129378,20171001,NS-18505,OFF-AP-10000576,LOC00059,First Class,241.96,2,0.0,60.49
2217,CA-2017-129378,20171001,NS-18505,FUR-CH-10000553,LOC00059,First Class,108.608,4,0.2,9.5032
2218,CA-2014-151953,20140920,DB-13555,OFF-AR-10003469,LOC00134,Standard Class,2.816,2,0.2,0.9856
2219,CA-2017-130841,20170728,MH-17620,OFF-BI-10000145,LOC00095,Standard Class,9.984,4,0.2,3.6192
2220,CA-2017-130841,20170728,MH-17620,OFF-ST-10001580,LOC00095,Standard Class,14.98,1,0.0,4.1944
2221,CA-2017-130841,20170728,MH-17620,TEC-PH-10001817,LOC00095,Standard Class,1145.6,4,0.2,100.24
2222,CA-2015-131884,20151206,DK-13375,TEC-PH-10001578,LOC00369,Same Day,485.94,2,0.4,-89.089
2223,CA-2015-131884,20151206,DK-13375,OFF-AR-10004078,LOC00369,Same Day,37.376,8,0.2,4.672
2224,CA-2015-131884,20151206,DK-13375,FUR-CH-10004860,LOC00369,Same Day,70.686,1,0.3,-24.2352
2225,CA-2017-121909,20170731,EA-14035,OFF-PA-10003790,LOC00064,Standard Class,54.816,3,0.2,17.8152
2226,CA-2016-106383,20160319,BT-11440,FUR-BO-10002202,LOC00370,Second Class,72.294,1,0.7,-98.8018
2227,CA-2017-130771,20170729,LA-16780,OFF-FA-10003059,LOC00111,Standard Class,2.896,2,0.2,0.4706
2228,CA-2017-130771,20170729,LA-16780,TEC-PH-10002496,LOC00111,Standard Class,124.792,1,0.2,15.599
2229,CA-2016-139157,20161001,GM-14680,FUR-TA-10003238,LOC00024,Standard Class,330.588,1,0.4,-115.7058
2230,CA-2014-128055,20140331,AA-10315,OFF-BI-10004390,LOC00035,Standard Class,673.568,2,0.2,252.588
2231,CA-2014-128055,20140331,AA-10315,OFF-AP-10002765,LOC00035,Standard Class,52.98,2,0.0,14.8344
2232,CA-2017-157091,20170626,DB-13405,FUR-FU-10000293,LOC00242,Standard Class,526.45,5,0.0,31.587
2233,CA-2017-132122,20170709,JH-15820,OFF-ST-10003692,LOC00027,Standard Class,228.92,5,0.2,14.3075
2234,CA-2015-123232,20151214,DJ-13630,TEC-PH-10001051,LOC00041,Second Class,319.968,4,0.2,35.9964
2235,CA-2017-104066,20171205,QJ-19255,TEC-AC-10001013,LOC00371,Standard Class,205.03,7,0.0,67.6599
2236,CA-2015-145849,20150915,CT-11995,OFF-ST-10000025,LOC00305,Second Class,190.86,2,0.0,11.4516
2237,CA-2015-145849,20150915,CT-11995,OFF-AR-10000817,LOC00305,Second Class,24.32,8,0.0,8.2688
2238,CA-2016-122322,20160715,RH-19510,OFF-SU-10000952,LOC00268,Standard Class,44.4,5,0.0,12.432
2239,CA-2017-166849,20170420,SJ-20125,FUR-FU-10004597,LOC00027,Standard Class,44.4,2,0.6,-52.17
2240,CA-2016-146633,20161115,TG-21310,OFF-BI-10003527,LOC00014,Second Class,1016.792,1,0.2,381.297
2241,CA-2016-146633,20161115,TG-21310,OFF-BI-10002982,LOC00014,Second Class,38.136,7,0.2,13.3476
2242,US-2016-126893,20161126,CT-11995,TEC-PH-10004165,LOC00064,Standard Class,494.982,3,0.4,-115.4958
2243,CA-2017-103380,20171121,BF-11005,OFF-ST-10003442,LOC00055,Standard Class,56.56,2,0.0,15.2712
2244,CA-2017-103380,20171121,BF-11005,OFF-AR-10003856,LOC00055,Standard Class,5.56,2,0.0,1.4456
2245,CA-2017-103380,20171121,BF-11005,OFF-FA-10004248,LOC00055,Standard Class,9.02,2,0.0,3.5178
2246,CA-2017-103380,20171121,BF-11005,OFF-AP-10001492,LOC00055,Standard Class,8.62,1,0.0,2.2412
2247,CA-2017-103380,20171121,BF-11005,TEC-PH-10004165,LOC00055,Standard Class,659.976,3,0.2,49.4982
2248,CA-2015-116092,20150215,JM-16195,OFF-PA-10004285,LOC00026,Second Class,13.36,2,0.0,6.4128
2249,CA-2015-116092,20150215,JM-16195,OFF-BI-10001628,LOC00026,Second Class,41.72,5,0.2,13.0375
2250,CA-2015-116092,20150215,JM-16195,OFF-BI-10000546,LOC00026,Second Class,11.52,5,0.2,4.176
2251,CA-2015-116092,20150215,JM-16195,OFF-AP-10001391,LOC00026,Second Class,541.44,6,0.0,157.0176
2252,CA-2015-116092,20150215,JM-16195,OFF-PA-10000477,LOC00026,Second Class,19.44,3,0.0,9.3312
2253,CA-2016-117849,20160415,JK-16120,OFF-PA-10004327,LOC00189,Second Class,143.7,3,0.0,68.976
2254,CA-2015-169201,20150928,HG-14965,OFF-AP-10000696,LOC00095,First Class,43.26,3,0.0,14.2758
2255,CA-2015-169201,20150928,HG-14965,OFF-AP-10002082,LOC00095,First Class,43.56,2,0.0,15.246
2256,CA-2016-164091,20160917,LA-16780,TEC-PH-10001944,LOC00372,Standard Class,437.85,3,0.0,131.355
2257,CA-2016-164091,20160917,LA-16780,FUR-FU-10004952,LOC00372,Standard Class,109.48,2,0.0,33.9388
2258,CA-2017-105214,20170616,TS-21610,FUR-CH-10000015,LOC00035,First Class,1212.96,7,0.2,90.972
2259,CA-2017-105214,20170616,TS-21610,OFF-PA-10001776,LOC00035,First Class,18.54,2,0.0,8.7138
2260,CA-2015-117611,20151108,MZ-17335,OFF-FA-10002280,LOC00143,Second Class,5.0,1,0.0,2.4
2261,CA-2015-117611,20151108,MZ-17335,TEC-AC-10002049,LOC00143,Second Class,371.97,3,0.0,66.9546
2262,US-2015-137960,20151218,MW-18220,TEC-AC-10002253,LOC00046,Same Day,166.24,1,0.0,24.936
2263,CA-2017-122994,20170206,MV-17485,FUR-BO-10004015,LOC00102,First Class,359.97,3,0.0,79.1934
2264,CA-2016-131065,20161114,AA-10375,TEC-AC-10004145,LOC00149,Second Class,499.98,2,0.0,114.9954
2265,CA-2016-131065,20161114,AA-10375,OFF-PA-10002479,LOC00149,Second Class,5.28,1,0.0,2.376
2266,CA-2016-131065,20161114,AA-10375,OFF-BI-10004970,LOC00149,Second Class,8.26,2,0.0,3.8822
2267,CA-2017-149146,20171012,SM-20320,OFF-PA-10003919,LOC00234,Same Day,7.968,2,0.2,2.6892
2268,CA-2017-137470,20170917,TP-21415,OFF-PA-10002001,LOC00061,Same Day,12.96,2,0.0,6.3504
2269,CA-2017-105480,20171220,DK-13225,OFF-PA-10002787,LOC00145,Standard Class,6.48,1,0.0,3.1104
2270,CA-2017-105480,20171220,DK-13225,OFF-BI-10003291,LOC00145,Standard Class,6.984,1,0.2,2.3571
2271,CA-2017-164917,20171202,MK-17905,OFF-AR-10004344,LOC00124,Standard Class,47.96,5,0.2,4.1965
2272,CA-2015-102036,20150921,CS-12130,OFF-ST-10003123,LOC00060,Standard Class,199.74,6,0.0,47.9376
2273,CA-2015-142944,20150306,JL-15850,FUR-FU-10000308,LOC00035,Standard Class,435.26,7,0.0,95.7572
2274,CA-2015-142944,20150306,JL-15850,TEC-CO-10003763,LOC00035,Standard Class,1119.984,2,0.2,377.9946
2275,CA-2014-157882,20141003,AR-10405,FUR-TA-10001866,LOC00002,Second Class,143.432,1,0.2,3.5858
2276,CA-2014-157882,20141003,AR-10405,FUR-CH-10002774,LOC00002,Second Class,122.352,3,0.2,13.7646
2277,CA-2014-104283,20140627,LM-17065,OFF-ST-10004337,LOC00373,Standard Class,306.2,5,0.0,0.0
2278,CA-2014-104283,20140627,LM-17065,FUR-TA-10001039,LOC00373,Standard Class,85.98,1,0.0,22.3548
2279,CA-2014-104283,20140627,LM-17065,TEC-AC-10000109,LOC00373,Standard Class,223.96,4,0.0,53.7504
2280,CA-2017-142622,20171030,JK-15625,FUR-CH-10003833,LOC00061,First Class,97.568,2,0.2,-6.098
2281,CA-2017-142622,20171030,JK-15625,FUR-CH-10004289,LOC00061,First Class,614.272,8,0.2,-23.0352
2282,CA-2017-142622,20171030,JK-15625,FUR-BO-10004467,LOC00061,First Class,199.98,2,0.0,37.9962
2283,CA-2016-132143,20160903,FM-14215,OFF-PA-10002713,LOC00265,First Class,48.16,7,0.0,22.1536
2284,CA-2015-153108,20150305,SF-20200,TEC-PH-10001552,LOC00374,Standard Class,23.92,2,0.0,6.6976
2285,CA-2015-153108,20150305,SF-20200,OFF-AP-10002222,LOC00374,Standard Class,60.69,7,0.0,16.3863
2286,CA-2016-112676,20160505,PJ-18835,OFF-PA-10003971,LOC00109,First Class,14.352,3,0.2,5.2026
2287,CA-2017-165687,20171117,CS-12355,OFF-AP-10004036,LOC00271,Standard Class,35.04,2,0.0,12.264
2288,US-2017-112928,20170601,BB-10990,OFF-AP-10002287,LOC00214,Second Class,17.48,5,0.2,1.311
2289,CA-2017-143343,20170610,BW-11200,OFF-AR-10002375,LOC00004,First Class,16.4,5,0.0,4.756
2290,CA-2017-115154,20170108,RS-19420,FUR-TA-10001950,LOC00061,First Class,892.98,2,0.0,80.3682
2291,CA-2015-149342,20150420,TS-21160,TEC-PH-10001557,LOC00113,Standard Class,287.97,3,0.0,77.7519
2292,CA-2015-149342,20150420,TS-21160,FUR-FU-10002937,LOC00113,Standard Class,595.38,6,0.0,297.69
2293,CA-2015-149342,20150420,TS-21160,OFF-PA-10001166,LOC00113,Standard Class,12.96,2,0.0,6.2208
2294,CA-2015-130995,20151101,QJ-19255,TEC-PH-10000347,LOC00030,Standard Class,4.95,1,0.0,1.3365
2295,CA-2017-127929,20171223,FM-14215,FUR-FU-10003708,LOC00265,Standard Class,181.95,3,0.0,38.2095
2296,CA-2015-113145,20151101,VD-21670,OFF-PA-10002659,LOC00165,Standard Class,13.52,4,0.0,6.2192
2297,CA-2015-113145,20151101,VD-21670,FUR-FU-10000965,LOC00165,Standard Class,259.7,5,0.0,106.477
2298,CA-2015-113145,20151101,VD-21670,TEC-PH-10001527,LOC00165,Standard Class,42.95,1,0.0,1.2885
2299,CA-2015-113145,20151101,VD-21670,TEC-AC-10001838,LOC00165,Standard Class,1399.93,7,0.0,601.9699
2300,CA-2015-113145,20151101,VD-21670,TEC-PH-10002597,LOC00165,Standard Class,503.96,4,0.0,125.99
2301,CA-2014-162362,20141114,JL-15505,OFF-BI-10000756,LOC00375,Standard Class,12.72,3,0.0,6.36
2302,CA-2014-162362,20141114,JL-15505,OFF-BI-10000546,LOC00375,Standard Class,11.52,4,0.0,5.6448
2303,CA-2016-106558,20160117,DL-13495,TEC-AC-10001142,LOC00113,Standard Class,316.0,4,0.0,31.6
2304,CA-2017-157931,20170917,MO-17800,FUR-CH-10000785,LOC00237,Second Class,723.92,4,0.0,188.2192
2305,CA-2017-157931,20170917,MO-17800,OFF-PA-10000474,LOC00237,Second Class,106.32,3,0.0,49.9704
2306,CA-2016-115574,20161223,BP-11185,FUR-BO-10003441,LOC00037,First Class,141.372,2,0.3,-14.1372
2307,CA-2015-160794,20150806,MS-17980,OFF-PA-10004156,LOC00017,First Class,27.216,3,0.2,9.8658
2308,CA-2017-116225,20171105,SV-20935,TEC-AC-10001432,LOC00030,Standard Class,390.75,5,0.0,171.93
2309,US-2017-120418,20170611,BC-11125,FUR-CH-10001394,LOC00346,First Class,280.792,1,0.2,35.099
2310,US-2017-120418,20170611,BC-11125,OFF-ST-10002370,LOC00346,First Class,68.448,4,0.2,7.7004
2311,US-2017-120418,20170611,BC-11125,OFF-AR-10002956,LOC00346,First Class,88.04,5,0.2,6.603
2312,US-2017-120418,20170611,BC-11125,OFF-AR-10001955,LOC00346,First Class,15.872,1,0.2,1.984
2313,US-2017-120418,20170611,BC-11125,OFF-ST-10001809,LOC00346,First Class,215.592,3,0.2,-48.5082
2314,CA-2017-122035,20170720,EM-13825,OFF-LA-10004093,LOC00376,Standard Class,14.62,2,0.0,6.8714
2315,CA-2017-122035,20170720,EM-13825,OFF-AP-10002118,LOC00376,Standard Class,416.32,2,0.0,112.4064
2316,CA-2017-122035,20170720,EM-13825,OFF-BI-10000404,LOC00376,Standard Class,43.0,5,0.0,20.21
2317,CA-2017-122035,20170720,EM-13825,FUR-CH-10003833,LOC00376,Standard Class,182.94,3,0.0,27.441
2318,CA-2017-122035,20170720,EM-13825,OFF-BI-10002072,LOC00376,Standard Class,60.83,7,0.0,30.415
2319,CA-2017-122035,20170720,EM-13825,TEC-AC-10003095,LOC00376,Standard Class,389.97,3,0.0,132.5898
2320,CA-2015-117828,20151223,BD-11500,OFF-AP-10001563,LOC00196,First Class,194.32,4,0.0,56.3528
2321,CA-2017-165491,20170320,HW-14935,TEC-AC-10000358,LOC00061,Standard Class,265.93,7,0.0,63.8232
2322,CA-2015-109470,20151231,KC-16255,OFF-BI-10004492,LOC00001,Second Class,94.74,3,0.0,44.5278
2323,CA-2015-109470,20151231,KC-16255,OFF-BI-10001072,LOC00001,Second Class,60.64,4,0.0,27.8944
2324,CA-2015-109470,20151231,KC-16255,OFF-BI-10003707,LOC00001,Second Class,76.3,5,0.0,38.15
2325,CA-2015-109470,20151231,KC-16255,OFF-BI-10000977,LOC00001,Second Class,364.8,12,0.0,167.808
2326,CA-2015-105102,20150915,BM-11575,OFF-BI-10002082,LOC00046,Second Class,79.872,3,0.2,29.952
2327,CA-2015-105102,20150915,BM-11575,FUR-BO-10004709,LOC00046,Second Class,46.384,1,0.2,1.1596
2328,CA-2015-105102,20150915,BM-11575,OFF-PA-10002365,LOC00046,Second Class,12.96,2,0.0,6.2208
2329,CA-2017-138422,20170923,KN-16705,OFF-EN-10004147,LOC00377,First Class,14.352,3,0.2,5.2026
2330,US-2015-147739,20151225,JD-16150,FUR-FU-10001468,LOC00012,Standard Class,547.136,4,0.2,-68.392
2331,CA-2016-155187,20160924,LA-16780,OFF-ST-10000642,LOC00026,Second Class,41.96,2,0.0,2.9372
2332,CA-2016-155187,20160924,LA-16780,OFF-PA-10000380,LOC00026,Second Class,41.7,5,0.0,20.85
2333,CA-2017-169285,20170321,RW-19690,OFF-PA-10004071,LOC00378,Standard Class,277.4,5,0.0,133.152
2334,CA-2017-169285,20170321,RW-19690,OFF-PA-10004971,LOC00378,Standard Class,5.78,1,0.0,2.8322
2335,CA-2014-140886,20140930,KW-16570,OFF-AP-10000696,LOC00379,Standard Class,69.216,6,0.2,11.2476
2336,CA-2017-152695,20171210,CC-12220,OFF-EN-10004030,LOC00070,Same Day,10.86,3,0.0,5.1042
2337,CA-2017-152695,20171210,CC-12220,OFF-AP-10000026,LOC00070,Same Day,426.79,7,0.0,123.7691
2338,CA-2014-110639,20140823,RH-19495,OFF-PA-10003936,LOC00030,Same Day,25.92,4,0.0,12.4416
2339,CA-2014-110639,20140823,RH-19495,OFF-PA-10004530,LOC00030,Same Day,45.92,4,0.0,22.5008
2340,CA-2014-121727,20140819,JK-15625,OFF-AR-10004930,LOC00048,Standard Class,10.72,2,0.2,1.742
2341,CA-2016-137736,20161110,DC-13285,OFF-AR-10004999,LOC00167,Standard Class,41.86,7,0.0,10.465
2342,US-2014-143231,20141231,GM-14455,FUR-FU-10002501,LOC00118,First Class,63.2,5,0.0,23.384
2343,US-2014-143231,20141231,GM-14455,TEC-AC-10000358,LOC00118,First Class,113.97,3,0.0,27.3528
2344,US-2014-155894,20140726,CL-11890,OFF-ST-10004804,LOC00037,Second Class,123.552,3,0.2,-29.3436
2345,CA-2016-119025,20160222,PV-18985,OFF-AP-10001205,LOC00202,Standard Class,490.32,9,0.0,137.2896
2346,CA-2016-159373,20160313,LT-17110,OFF-PA-10000659,LOC00066,Standard Class,70.08,5,0.2,24.528
2347,CA-2016-159373,20160313,LT-17110,OFF-BI-10004141,LOC00066,Standard Class,1.272,2,0.8,-2.1624
2348,CA-2016-159373,20160313,LT-17110,FUR-TA-10004619,LOC00066,Standard Class,557.585,5,0.3,0.0
2349,CA-2017-109701,20171202,AM-10360,OFF-BI-10004187,LOC00004,Same Day,9.024,6,0.2,3.1584
2350,CA-2017-109701,20171202,AM-10360,OFF-BI-10000632,LOC00004,Same Day,69.456,2,0.2,22.5732
2351,CA-2017-109701,20171202,AM-10360,OFF-PA-10003724,LOC00004,Same Day,10.86,2,0.0,5.3214
2352,CA-2017-109701,20171202,AM-10360,OFF-AP-10002765,LOC00004,Same Day,79.47,3,0.0,22.2516
2353,CA-2017-109701,20171202,AM-10360,OFF-AR-10001868,LOC00004,Same Day,10.08,6,0.0,5.04
2354,CA-2015-111514,20150831,SC-20260,FUR-BO-10002545,LOC00035,First Class,1552.831,7,0.15,200.9546
2355,CA-2015-111514,20150831,SC-20260,OFF-BI-10002735,LOC00035,First Class,137.24,5,0.2,46.3185
2356,CA-2015-111514,20150831,SC-20260,TEC-AC-10004864,LOC00035,First Class,36.51,1,0.0,15.6993
2357,CA-2015-111514,20150831,SC-20260,TEC-MA-10000597,LOC00035,First Class,239.976,3,0.2,80.9919
2358,US-2014-148838,20140317,CP-12340,FUR-TA-10003473,LOC00024,Standard Class,1579.746,7,0.4,-447.5947
2359,US-2014-148838,20140317,CP-12340,FUR-TA-10001950,LOC00024,Standard Class,1071.576,4,0.4,-553.6476
2360,US-2014-148838,20140317,CP-12340,FUR-TA-10004175,LOC00024,Standard Class,613.908,3,0.4,-122.7816
2361,US-2014-148838,20140317,CP-12340,OFF-PA-10002960,LOC00024,Standard Class,34.86,7,0.0,16.3842
2362,US-2014-148838,20140317,CP-12340,OFF-PA-10000919,LOC00024,Standard Class,155.04,4,0.0,75.9696
2363,CA-2017-136497,20170416,RF-19840,OFF-BI-10001553,LOC00048,Standard Class,13.71,5,0.7,-10.054
2364,US-2016-108637,20160313,AB-10060,FUR-FU-10004864,LOC00181,Standard Class,127.88,2,0.0,40.9216
2365,US-2016-108637,20160313,AB-10060,OFF-AP-10004540,LOC00181,Standard Class,160.32,2,0.0,44.8896
2366,US-2016-108637,20160313,AB-10060,OFF-BI-10004965,LOC00181,Standard Class,46.0,4,0.0,20.7
2367,CA-2014-102295,20141124,EH-13990,FUR-CH-10001714,LOC00380,Second Class,120.712,1,0.2,-18.1068
2368,CA-2017-123659,20170210,MN-17935,OFF-PA-10002464,LOC00235,First Class,23.12,4,0.0,11.3288
2369,US-2016-129469,20160923,KL-16555,FUR-FU-10002298,LOC00324,Standard Class,532.704,6,0.2,-26.6352
2370,US-2016-129469,20160923,KL-16555,OFF-AR-10000315,LOC00324,Standard Class,4.912,2,0.2,0.307
2371,CA-2017-155152,20170707,MP-17965,TEC-AC-10004353,LOC00123,Second Class,252.0,4,0.0,93.24
2372,CA-2016-159940,20160707,BF-11020,FUR-FU-10004973,LOC00174,Second Class,60.288,8,0.6,-27.1296
2373,CA-2016-159940,20160707,BF-11020,OFF-FA-10000936,LOC00174,Second Class,2.632,1,0.2,0.8225
2374,CA-2016-159940,20160707,BF-11020,OFF-PA-10001609,LOC00174,Second Class,23.688,9,0.2,7.6986
2375,CA-2016-159940,20160707,BF-11020,FUR-CH-10000785,LOC00174,Second Class,253.372,2,0.3,-14.4784
2376,CA-2017-119669,20170124,TP-21130,OFF-FA-10000053,LOC00270,Standard Class,5.67,3,0.0,0.1134
2377,US-2014-164616,20140819,MS-17770,OFF-BI-10001718,LOC00048,Second Class,76.776,4,0.7,-58.8616
2378,US-2014-164616,20140819,MS-17770,OFF-SU-10004768,LOC00048,Second Class,9.184,2,0.2,1.148
2379,CA-2015-148628,20151206,KM-16375,OFF-PA-10003883,LOC00381,Standard Class,32.75,5,0.0,15.065
2380,CA-2016-118052,20160506,BE-11455,OFF-FA-10004248,LOC00204,Standard Class,7.216,2,0.2,1.7138
2381,CA-2016-118052,20160506,BE-11455,OFF-PA-10002581,LOC00204,Standard Class,49.568,2,0.2,15.49
2382,CA-2016-118052,20160506,BE-11455,FUR-FU-10004848,LOC00204,Standard Class,54.712,7,0.2,11.6263
2383,US-2017-117534,20170325,CV-12295,OFF-AP-10002403,LOC00254,First Class,176.04,4,0.0,45.7704
2384,US-2017-117534,20170325,CV-12295,OFF-AR-10003087,LOC00254,First Class,16.02,9,0.0,4.4856
2385,US-2017-117534,20170325,CV-12295,OFF-BI-10002026,LOC00254,First Class,185.92,4,0.2,62.748
2386,US-2017-117534,20170325,CV-12295,TEC-PH-10000141,LOC00254,First Class,211.168,4,0.2,15.8376
2387,US-2017-117534,20170325,CV-12295,TEC-CO-10000971,LOC00254,First Class,479.984,2,0.2,59.998
2388,CA-2015-145065,20151212,DK-13375,OFF-FA-10001229,LOC00189,First Class,7.86,2,0.0,3.6156
2389,CA-2015-145065,20151212,DK-13375,OFF-BI-10002437,LOC00189,First Class,24.448,2,0.2,8.8624
2390,US-2015-127040,20151206,SG-20605,OFF-PA-10004255,LOC00030,Standard Class,6.48,1,0.0,3.1104
2391,US-2015-127040,20151206,SG-20605,OFF-PA-10001184,LOC00030,Standard Class,41.86,7,0.0,20.5114
2392,US-2015-127040,20151206,SG-20605,TEC-AC-10002637,LOC00030,Standard Class,1619.91,9,0.0,97.1946
2393,US-2015-127040,20151206,SG-20605,FUR-FU-10002878,LOC00030,Standard Class,113.92,4,0.0,42.1504
2394,CA-2016-128111,20160317,CS-12355,OFF-AR-10000588,LOC00382,Standard Class,39.68,2,0.0,10.3168
2395,CA-2015-137897,20151114,PJ-18835,TEC-AC-10002217,LOC00046,Standard Class,37.6,2,0.0,2.256
2396,CA-2015-137897,20151114,PJ-18835,TEC-AC-10001267,LOC00046,Standard Class,59.9,2,0.0,23.96
2397,CA-2015-137897,20151114,PJ-18835,OFF-PA-10004041,LOC00046,Standard Class,37.0,5,0.0,16.65
2398,CA-2017-169264,20170814,NP-18700,OFF-LA-10001613,LOC00010,Second Class,5.76,2,0.0,2.8224
2399,CA-2017-169264,20170814,NP-18700,OFF-AR-10000246,LOC00010,Second Class,16.68,6,0.0,4.3368
2400,CA-2017-147361,20170909,SB-20290,OFF-ST-10001809,LOC00330,Standard Class,628.81,7,0.0,12.5762
2401,CA-2017-147361,20170909,SB-20290,OFF-ST-10002214,LOC00330,Standard Class,56.45,5,0.0,14.677
2402,CA-2017-145877,20170401,AS-10090,OFF-ST-10000649,LOC00335,Second Class,94.2,6,0.0,23.55
2403,CA-2017-145877,20170401,AS-10090,OFF-EN-10001990,LOC00335,Second Class,28.4,5,0.0,13.348
2404,US-2016-110170,20160927,HM-14860,FUR-BO-10000780,LOC00144,Standard Class,956.6648,7,0.32,-225.0976
2405,CA-2017-108574,20171007,MG-18145,TEC-AC-10002049,LOC00063,Standard Class,1115.91,9,0.0,200.8638
2406,CA-2017-108574,20171007,MG-18145,TEC-PH-10003555,LOC00063,Standard Class,128.744,7,0.2,-28.9674
2407,CA-2017-108574,20171007,MG-18145,TEC-PH-10000702,LOC00063,Standard Class,79.92,10,0.2,26.973
2408,CA-2017-144589,20170120,TM-21010,OFF-AR-10003631,LOC00035,Standard Class,24.2,5,0.0,7.986
2409,CA-2017-144589,20170120,TM-21010,TEC-PH-10003072,LOC00035,Standard Class,359.976,3,0.2,130.4913
2410,CA-2017-155985,20170323,BE-11335,FUR-FU-10000758,LOC00035,First Class,211.84,8,0.0,76.2624
2411,CA-2014-162684,20140801,AS-10630,OFF-FA-10000992,LOC00075,Standard Class,5.68,2,0.2,1.917
2412,CA-2015-142041,20150607,EM-13810,OFF-BI-10004187,LOC00002,Second Class,7.52,5,0.2,2.632
2413,CA-2014-151295,20141112,JA-15970,OFF-PA-10001947,LOC00063,Standard Class,11.96,2,0.0,5.8604
2414,CA-2014-151295,20141112,JA-15970,FUR-TA-10002356,LOC00063,Standard Class,629.064,3,0.2,31.4532
2415,CA-2016-156300,20161229,TB-21595,FUR-CH-10001714,LOC00202,Standard Class,754.45,5,0.0,60.356
2416,CA-2015-146087,20150706,PP-18955,FUR-BO-10002824,LOC00383,Standard Class,301.96,2,0.0,60.392
2417,CA-2017-168655,20171012,ML-18040,TEC-AC-10002842,LOC00384,Standard Class,595.0,5,0.0,95.2
2418,CA-2017-168655,20171012,ML-18040,OFF-BI-10002082,LOC00384,Standard Class,79.872,3,0.2,29.952
2419,CA-2016-107202,20160521,LC-16930,TEC-MA-10000112,LOC00385,Standard Class,2396.4,10,0.2,179.73
2420,CA-2017-159597,20171109,MC-17590,OFF-ST-10002289,LOC00386,Standard Class,63.56,2,0.0,3.178
2421,CA-2017-159597,20171109,MC-17590,TEC-AC-10004171,LOC00386,Standard Class,99.99,1,0.0,43.9956
2422,CA-2016-155551,20160418,CR-12580,OFF-ST-10003656,LOC00387,Standard Class,230.376,3,0.2,-48.9549
2423,CA-2016-155551,20160418,CR-12580,OFF-PA-10001560,LOC00387,Standard Class,9.664,2,0.2,3.2616
2424,US-2017-147669,20171225,SV-20935,TEC-AC-10002473,LOC00324,Standard Class,158.928,7,0.2,41.7186
2425,US-2017-147669,20171225,SV-20935,OFF-BI-10000632,LOC00324,Standard Class,13.023,1,0.7,-10.4184
2426,US-2017-147669,20171225,SV-20935,FUR-TA-10002645,LOC00324,Standard Class,273.06,2,0.4,-104.673
2427,US-2017-147669,20171225,SV-20935,OFF-FA-10002975,LOC00324,Standard Class,39.312,13,0.2,12.7764
2428,CA-2016-169922,20160611,MZ-17515,OFF-BI-10003784,LOC00175,Standard Class,1.344,4,0.8,-2.1504
2429,CA-2016-169922,20160611,MZ-17515,OFF-BI-10001617,LOC00175,Standard Class,8.272,4,0.8,-13.6488
2430,CA-2016-169922,20160611,MZ-17515,FUR-FU-10004415,LOC00175,Standard Class,12.544,7,0.6,-9.0944
2431,CA-2017-100748,20170513,RB-19795,OFF-LA-10000240,LOC00095,Standard Class,58.48,8,0.0,27.4856
2432,CA-2017-129805,20171228,HM-14860,FUR-FU-10001935,LOC00006,Standard Class,7.4,2,0.0,3.034
2433,CA-2014-148586,20140325,AZ-10750,FUR-CH-10002439,LOC00030,Standard Class,366.786,7,0.1,65.2064
2434,US-2017-112613,20170528,JH-15910,TEC-PH-10001536,LOC00033,Standard Class,54.368,4,0.2,4.0776
2435,CA-2015-154746,20151114,PJ-18835,OFF-EN-10001532,LOC00029,First Class,33.96,2,0.0,16.98
2436,CA-2015-154746,20151114,PJ-18835,OFF-AP-10003057,LOC00029,First Class,826.11,3,0.0,322.1829
2437,CA-2017-140053,20170703,CA-12265,FUR-FU-10003708,LOC00215,Standard Class,545.85,9,0.0,114.6285
2438,CA-2014-164210,20141118,PW-19240,FUR-TA-10000849,LOC00128,Second Class,145.98,2,0.5,-99.2664
2439,CA-2014-164210,20141118,PW-19240,OFF-PA-10002259,LOC00128,Second Class,35.808,4,0.2,12.5328
2440,CA-2017-139948,20170717,SW-20455,FUR-FU-10002597,LOC00086,Standard Class,7.904,2,0.2,2.1736
2441,CA-2016-146934,20160522,AF-10870,TEC-PH-10004614,LOC00388,Standard Class,345.0,5,0.0,86.25
2442,CA-2016-146934,20160522,AF-10870,FUR-TA-10003748,LOC00388,Standard Class,174.286,2,0.3,-19.9184
2443,CA-2016-146934,20160522,AF-10870,OFF-AP-10003217,LOC00388,Standard Class,662.84,4,0.0,172.3384
2444,CA-2016-146934,20160522,AF-10870,TEC-AC-10002399,LOC00388,Standard Class,95.1,5,0.0,30.432
2445,CA-2016-146934,20160522,AF-10870,OFF-EN-10002973,LOC00388,Standard Class,26.88,6,0.0,12.9024
2446,CA-2016-146934,20160522,AF-10870,TEC-PH-10001336,LOC00388,Standard Class,257.98,2,0.0,74.8142
2447,CA-2015-100573,20150925,AM-10705,OFF-EN-10000461,LOC00026,Standard Class,17.48,2,0.0,8.2156
2448,CA-2016-119165,20161031,BD-11320,FUR-CH-10000988,LOC00106,Standard Class,492.835,5,0.3,-14.081
2449,CA-2015-128027,20150914,CM-12385,OFF-ST-10001809,LOC00389,Second Class,269.49,3,0.0,5.3898
2450,CA-2016-140207,20161105,CS-12400,OFF-BI-10003963,LOC00059,Standard Class,29.12,5,0.2,9.828
2451,CA-2017-140949,20170317,DB-13405,OFF-LA-10000081,LOC00165,Second Class,18.75,5,0.0,9.0
2452,CA-2017-140949,20170317,DB-13405,TEC-PH-10000149,LOC00165,Second Class,119.7,6,0.0,31.122
2453,CA-2017-140949,20170317,DB-13405,OFF-BI-10000605,LOC00165,Second Class,9.144,3,0.2,3.0861
2454,CA-2017-140949,20170317,DB-13405,TEC-AC-10002399,LOC00165,Second Class,57.06,3,0.0,18.2592
2455,CA-2017-140949,20170317,DB-13405,TEC-AC-10003038,LOC00165,Second Class,71.6,8,0.0,13.604
2456,CA-2017-140949,20170317,DB-13405,OFF-ST-10000344,LOC00165,Second Class,107.44,8,0.0,27.9344
2457,CA-2017-140949,20170317,DB-13405,OFF-LA-10004093,LOC00165,Second Class,7.31,1,0.0,3.4357
2458,CA-2017-140949,20170317,DB-13405,OFF-AR-10001683,LOC00165,Second Class,59.1,6,0.0,22.458
2459,CA-2017-140949,20170317,DB-13405,OFF-ST-10003455,LOC00165,Second Class,46.53,3,0.0,12.0978
2460,CA-2017-138548,20170815,JG-15160,OFF-AP-10002578,LOC00171,Standard Class,97.84,2,0.0,25.4384
2461,CA-2015-142419,20150711,SC-20380,OFF-PA-10001763,LOC00061,Second Class,29.97,3,0.0,13.4865
2462,CA-2015-142419,20150711,SC-20380,OFF-BI-10001597,LOC00061,Second Class,98.352,3,0.2,34.4232
2463,CA-2017-148691,20171203,CS-12460,OFF-BI-10001524,LOC00030,Standard Class,83.92,5,0.2,29.372
2464,CA-2017-148691,20171203,CS-12460,OFF-BI-10001553,LOC00030,Standard Class,14.624,2,0.2,5.1184
2465,CA-2017-148691,20171203,CS-12460,TEC-PH-10000576,LOC00030,Standard Class,136.99,1,0.0,36.9873
2466,CA-2017-148691,20171203,CS-12460,OFF-LA-10001317,LOC00030,Standard Class,3.15,1,0.0,1.512
2467,CA-2017-128755,20170504,MK-18160,OFF-PA-10000726,LOC00390,Standard Class,9.11,1,0.0,4.0995
2468,CA-2017-128755,20170504,MK-18160,OFF-ST-10003306,LOC00390,Standard Class,571.44,4,0.0,165.7176
2469,CA-2017-128755,20170504,MK-18160,OFF-PA-10004983,LOC00390,Standard Class,32.4,5,0.0,15.552
2470,CA-2017-128755,20170504,MK-18160,OFF-ST-10001291,LOC00390,Standard Class,16.91,1,0.0,4.5657
2471,US-2016-135923,20160122,CM-11935,FUR-FU-10002107,LOC00307,Standard Class,14.272,8,0.2,4.2816
2472,US-2016-135923,20160122,CM-11935,FUR-BO-10002213,LOC00307,Standard Class,451.136,4,0.2,-67.6704
2473,US-2016-135923,20160122,CM-11935,OFF-AP-10000692,LOC00307,Standard Class,64.864,4,0.2,6.4864
2474,CA-2016-114972,20161103,PF-19225,FUR-CH-10001190,LOC00004,First Class,217.584,2,0.2,-29.9178
2475,CA-2016-114972,20161103,PF-19225,TEC-AC-10000682,LOC00004,First Class,82.95,5,0.0,29.0325
2476,CA-2016-114972,20161103,PF-19225,OFF-LA-10004545,LOC00004,First Class,87.71,7,0.0,41.2237
2477,CA-2016-114972,20161103,PF-19225,OFF-AP-10003057,LOC00004,First Class,1101.48,4,0.0,429.5772
2478,CA-2017-102750,20170904,GM-14695,FUR-TA-10000198,LOC00002,Second Class,1322.352,3,0.2,-99.1764
2479,CA-2014-145212,20140913,DC-12850,OFF-AR-10002833,LOC00165,Standard Class,5.46,3,0.0,1.4742
2480,CA-2017-141992,20170619,FO-14305,OFF-SU-10002557,LOC00078,Standard Class,11.184,1,0.2,0.8388
2481,CA-2017-141992,20170619,FO-14305,OFF-ST-10003656,LOC00078,Standard Class,153.584,2,0.2,-32.6366
2482,CA-2017-147956,20171224,AH-10210,OFF-ST-10001097,LOC00060,Standard Class,1003.62,6,0.0,0.0
2483,CA-2017-126067,20170828,KN-16705,TEC-PH-10000912,LOC00060,Standard Class,35.168,4,0.2,11.4296
2484,CA-2017-126067,20170828,KN-16705,FUR-TA-10000617,LOC00060,Standard Class,1137.75,5,0.0,250.305
2485,CA-2017-126067,20170828,KN-16705,OFF-BI-10001658,LOC00060,Standard Class,99.68,5,0.2,32.396
2486,CA-2017-126067,20170828,KN-16705,OFF-AR-10003856,LOC00060,Standard Class,5.56,2,0.0,1.4456
2487,CA-2015-104514,20150102,CB-12535,OFF-ST-10001837,LOC00286,Second Class,85.52,2,0.0,22.2352
2488,CA-2015-104514,20150102,CB-12535,OFF-AR-10001473,LOC00286,Second Class,9.84,3,0.0,2.6568
2489,CA-2015-104514,20150102,CB-12535,OFF-PA-10004285,LOC00286,Second Class,20.04,3,0.0,9.6192
2490,CA-2015-141040,20151009,TB-21250,TEC-PH-10001835,LOC00024,Second Class,631.96,4,0.0,303.3408
2491,CA-2015-141040,20151009,TB-21250,OFF-PA-10002245,LOC00024,Second Class,23.92,4,0.0,10.764
2492,CA-2014-113579,20141213,KD-16345,OFF-PA-10001457,LOC00014,Second Class,90.24,6,0.0,41.5104
2493,CA-2014-144624,20141119,JM-15865,TEC-PH-10002885,LOC00391,Standard Class,4548.81,7,0.0,1228.1787
2494,CA-2016-146206,20160910,KT-16480,FUR-TA-10004086,LOC00015,Second Class,300.93,5,0.3,-34.392
2495,CA-2016-146206,20160910,KT-16480,TEC-PH-10000895,LOC00015,Second Class,719.96,5,0.2,53.997
2496,CA-2014-136644,20140616,SC-20575,FUR-CH-10000225,LOC00392,Standard Class,647.84,8,0.0,32.392
2497,CA-2015-122371,20150926,BS-11800,OFF-ST-10002370,LOC00089,Standard Class,64.17,3,0.0,18.6093
2498,CA-2015-122371,20150926,BS-11800,OFF-EN-10000056,LOC00089,Standard Class,124.46,2,0.0,58.4962
2499,CA-2016-126935,20160519,BT-11395,OFF-BI-10004817,LOC00010,Standard Class,9.584,1,0.2,3.3544
2500,US-2017-133781,20170622,DC-12850,OFF-EN-10004483,LOC00329,First Class,37.608,3,0.2,12.6927
2501,CA-2017-131618,20170617,LS-17200,OFF-PA-10001892,LOC00302,First Class,12.224,2,0.2,4.4312
2502,CA-2017-131618,20170617,LS-17200,OFF-BI-10000546,LOC00302,First Class,2.304,4,0.8,-3.5712
2503,CA-2017-131618,20170617,LS-17200,OFF-BI-10001294,LOC00302,First Class,9.36,4,0.8,-16.38
2504,CA-2016-149482,20161114,RR-19315,OFF-LA-10000248,LOC00095,Standard Class,7.38,2,0.0,3.4686
2505,CA-2014-143917,20140725,KL-16645,OFF-ST-10001228,LOC00035,Second Class,53.72,4,0.0,15.0416
2506,CA-2014-143917,20140725,KL-16645,OFF-SU-10000151,LOC00035,Second Class,8187.65,5,0.0,327.506
2507,CA-2014-143917,20140725,KL-16645,FUR-FU-10004351,LOC00035,Second Class,77.92,8,0.0,34.2848
2508,CA-2015-120397,20150702,RB-19435,OFF-AP-10001293,LOC00033,Same Day,32.784,4,0.8,-85.2384
2509,CA-2017-163902,20170302,MY-17380,TEC-PH-10000675,LOC00063,Standard Class,196.776,3,0.2,14.7582
2510,CA-2017-163902,20170302,MY-17380,TEC-AC-10000580,LOC00063,Standard Class,479.94,6,0.0,52.7934
2511,CA-2016-136812,20161118,AW-10930,OFF-ST-10003470,LOC00337,Standard Class,1117.92,4,0.0,55.896
2512,CA-2015-102722,20150418,KW-16570,TEC-AC-10003116,LOC00069,First Class,106.5,6,0.0,41.535
2513,CA-2017-155089,20171202,DB-12910,OFF-BI-10002429,LOC00086,Standard Class,45.66,5,0.7,-33.484
2514,CA-2016-124506,20161111,BB-11545,TEC-AC-10003280,LOC00037,Standard Class,95.968,4,0.2,1.1996
2515,CA-2016-124506,20161111,BB-11545,FUR-CH-10004540,LOC00037,Standard Class,47.992,2,0.3,-2.0568
2516,CA-2014-106572,20140905,NP-18700,OFF-ST-10000585,LOC00393,Standard Class,264.32,2,0.2,19.824
2517,CA-2014-128888,20141115,PB-19105,OFF-EN-10003001,LOC00015,Standard Class,604.656,9,0.2,204.0714
2518,CA-2017-123134,20170502,DW-13585,FUR-FU-10003975,LOC00074,Standard Class,129.93,3,0.0,12.993
2519,CA-2016-124352,20161015,CD-12790,OFF-LA-10004559,LOC00337,Standard Class,20.16,7,0.0,9.8784
2520,CA-2016-124352,20161015,CD-12790,OFF-LA-10003223,LOC00337,Standard Class,29.46,6,0.0,14.4354
2521,CA-2016-124352,20161015,CD-12790,OFF-AP-10002651,LOC00337,Standard Class,868.59,3,0.0,251.8911
2522,CA-2016-124352,20161015,CD-12790,OFF-PA-10003177,LOC00337,Standard Class,12.96,2,0.0,6.2208
2523,CA-2016-124352,20161015,CD-12790,TEC-PH-10003442,LOC00337,Standard Class,5.5,1,0.0,1.375
2524,CA-2016-124352,20161015,CD-12790,OFF-BI-10000977,LOC00337,Standard Class,121.6,4,0.0,55.936
2525,CA-2015-124541,20150406,TT-21220,OFF-AR-10004078,LOC00017,Standard Class,42.048,9,0.2,5.256
2526,CA-2015-124541,20150406,TT-21220,TEC-AC-10002550,LOC00017,Standard Class,25.488,2,0.2,4.4604
2527,CA-2015-124541,20150406,TT-21220,OFF-BI-10004965,LOC00017,Standard Class,6.9,3,0.8,-12.075
2528,CA-2015-124541,20150406,TT-21220,OFF-BI-10004209,LOC00017,Standard Class,9.648,6,0.8,-16.884
2529,CA-2015-124541,20150406,TT-21220,OFF-PA-10001526,LOC00017,Standard Class,7.968,2,0.2,2.8884
2530,CA-2014-108707,20141024,DB-12910,OFF-PA-10000788,LOC00003,Standard Class,10.368,2,0.2,3.6288
2531,CA-2014-111500,20140817,DJ-13510,OFF-PA-10000595,LOC00367,Standard Class,114.2,5,0.0,52.532
2532,CA-2014-111500,20140817,DJ-13510,OFF-BI-10000829,LOC00367,Standard Class,17.96,4,0.0,8.2616
2533,CA-2014-111500,20140817,DJ-13510,OFF-FA-10002676,LOC00367,Standard Class,12.67,7,0.0,4.5612
2534,CA-2014-111500,20140817,DJ-13510,TEC-AC-10000844,LOC00367,Standard Class,339.96,4,0.0,122.3856
2535,US-2017-117723,20170815,DL-13495,OFF-ST-10004459,LOC00075,Second Class,1801.632,6,0.2,-337.806
2536,CA-2015-143238,20150906,LO-17170,TEC-AC-10003499,LOC00394,First Class,46.32,4,0.0,18.0648
2537,CA-2015-168746,20150127,SV-20365,FUR-CH-10000513,LOC00178,Second Class,181.986,2,0.3,-54.5958
2538,CA-2015-168746,20150127,SV-20365,TEC-PH-10000895,LOC00178,Second Class,431.976,4,0.4,-100.7944
2539,CA-2015-168746,20150127,SV-20365,TEC-PH-10002555,LOC00178,Second Class,155.37,1,0.4,-36.253
2540,CA-2015-113404,20150716,EM-13810,FUR-CH-10003312,LOC00035,Same Day,1348.704,6,0.2,-219.1644
2541,CA-2015-113404,20150716,EM-13810,FUR-CH-10004086,LOC00035,Same Day,700.152,3,0.2,78.7671
2542,CA-2016-144792,20160430,KD-16615,FUR-FU-10002759,LOC00058,Standard Class,111.888,7,0.2,22.3776
2543,CA-2014-164385,20140926,NB-18580,OFF-AP-10002191,LOC00064,Second Class,143.952,3,0.2,14.3952
2544,US-2016-114174,20160908,AP-10720,FUR-BO-10003450,LOC00382,Standard Class,173.94,3,0.0,13.9152
2545,US-2016-114174,20160908,AP-10720,OFF-LA-10000248,LOC00382,Standard Class,14.76,4,0.0,6.9372
2546,CA-2017-108070,20170416,JE-15745,OFF-ST-10004804,LOC00059,Standard Class,205.92,4,0.0,2.0592
2547,CA-2017-108070,20170416,JE-15745,FUR-BO-10001337,LOC00059,Standard Class,102.833,1,0.15,-6.049
2548,US-2015-128090,20150816,JM-15865,OFF-AR-10002255,LOC00052,Standard Class,2.304,1,0.2,0.2592
2549,US-2015-128090,20150816,JM-15865,TEC-PH-10002624,LOC00052,Standard Class,1879.96,5,0.2,211.4955
2550,US-2015-128090,20150816,JM-15865,OFF-PA-10001878,LOC00052,Standard Class,313.024,8,0.2,105.6456
2551,US-2015-128090,20150816,JM-15865,OFF-LA-10000452,LOC00052,Standard Class,5.04,2,0.2,1.764
2552,CA-2017-101042,20171119,AB-10105,FUR-FU-10004665,LOC00001,Standard Class,821.88,6,0.0,213.6888
2553,CA-2017-101042,20171119,AB-10105,OFF-BI-10000088,LOC00001,Standard Class,21.96,2,0.0,10.7604
2554,CA-2016-155439,20160914,PN-18775,OFF-PA-10000029,LOC00038,Standard Class,25.92,4,0.0,12.4416
2555,CA-2016-118626,20160815,JC-15775,TEC-PH-10000369,LOC00395,Standard Class,705.544,7,0.2,70.5544
2556,CA-2015-111458,20150926,PF-19165,TEC-AC-10001590,LOC00046,Standard Class,50.0,2,0.0,12.0
2557,US-2016-126844,20161008,BW-11110,FUR-FU-10004909,LOC00033,Standard Class,51.712,8,0.6,-32.32
2558,US-2015-112508,20150324,BP-11185,OFF-AP-10002287,LOC00250,Standard Class,6.992,2,0.2,0.5244
2559,CA-2015-147788,20150531,TM-21010,FUR-BO-10004357,LOC00013,Standard Class,1406.86,7,0.0,140.686
2560,CA-2015-147788,20150531,TM-21010,OFF-LA-10003766,LOC00013,Standard Class,15.75,5,0.0,7.56
2561,CA-2015-147788,20150531,TM-21010,OFF-ST-10000046,LOC00013,Standard Class,323.1,2,0.0,61.389
2562,CA-2015-144288,20151225,MB-17305,OFF-LA-10003190,LOC00396,Standard Class,9.216,4,0.2,3.3408
2563,CA-2015-144288,20151225,MB-17305,OFF-PA-10002787,LOC00396,Standard Class,10.368,2,0.2,3.6288
2564,CA-2015-110632,20150317,HR-14830,TEC-AC-10000387,LOC00030,Second Class,15.02,1,0.0,2.7036
2565,CA-2015-110632,20150317,HR-14830,OFF-ST-10001291,LOC00030,Second Class,33.82,2,0.0,9.1314
2566,CA-2017-109589,20171221,BD-11635,TEC-AC-10003116,LOC00318,First Class,71.0,4,0.0,27.69
2567,CA-2017-123967,20171101,SF-20200,OFF-BI-10001308,LOC00397,Second Class,25.12,5,0.2,7.85
2568,CA-2017-123967,20171101,SF-20200,FUR-TA-10003954,LOC00397,Second Class,2665.62,9,0.0,239.9058
2569,CA-2017-148929,20170907,SP-20620,OFF-ST-10003282,LOC00165,Standard Class,478.08,8,0.0,133.8624
2570,CA-2017-134404,20171227,DR-12880,TEC-PH-10000576,LOC00056,Same Day,164.388,2,0.4,-35.6174
2571,CA-2017-134404,20171227,DR-12880,OFF-AR-10004441,LOC00056,Same Day,13.248,4,0.2,3.6432
2572,CA-2017-109778,20170716,VM-21685,OFF-AR-10003759,LOC00398,Standard Class,2.912,2,0.2,0.91
2573,CA-2016-155845,20160812,CM-12235,TEC-AC-10004145,LOC00297,Second Class,1399.944,7,0.2,52.4979
2574,CA-2017-145128,20170709,SM-20320,FUR-FU-10000293,LOC00378,Standard Class,526.45,5,0.0,31.587
2575,CA-2014-129091,20141122,RA-19885,OFF-EN-10004955,LOC00113,Standard Class,16.23,3,0.0,7.9527
2576,CA-2014-129091,20141122,RA-19885,OFF-BI-10001071,LOC00113,Standard Class,319.9,5,0.0,156.751
2577,CA-2014-129091,20141122,RA-19885,OFF-EN-10001990,LOC00113,Standard Class,11.36,2,0.0,5.3392
2578,CA-2014-129091,20141122,RA-19885,OFF-AP-10002734,LOC00113,Standard Class,675.12,3,0.0,290.3016
2579,US-2014-155502,20140126,SD-20485,FUR-FU-10004587,LOC00213,Standard Class,62.82,3,0.0,30.7818
2580,US-2014-155502,20140126,SD-20485,OFF-ST-10004337,LOC00213,Standard Class,489.92,8,0.0,0.0
2581,US-2014-155502,20140126,SD-20485,OFF-PA-10003072,LOC00213,Standard Class,19.44,3,0.0,9.3312
2582,US-2014-155502,20140126,SD-20485,OFF-PA-10000380,LOC00213,Standard Class,16.68,2,0.0,8.34
2583,US-2014-155502,20140126,SD-20485,TEC-PH-10004833,LOC00213,Standard Class,155.35,13,0.0,0.0
2584,US-2014-155502,20140126,SD-20485,FUR-FU-10001847,LOC00213,Standard Class,12.42,3,0.0,4.4712
2585,US-2014-155502,20140126,SD-20485,TEC-PH-10002103,LOC00213,Standard Class,187.98,2,0.0,52.6344
2586,CA-2015-121041,20151103,CS-12250,OFF-EN-10001137,LOC00399,Standard Class,6.608,2,0.2,2.1476
2587,CA-2017-131695,20170630,RA-19285,OFF-ST-10001476,LOC00024,Standard Class,248.57,7,0.0,67.1139
2588,CA-2017-131695,20170630,RA-19285,FUR-FU-10002045,LOC00024,Standard Class,22.23,1,0.0,9.7812
2589,CA-2016-137729,20160505,BF-11005,OFF-ST-10001505,LOC00026,Standard Class,5.98,1,0.0,1.0166
2590,CA-2016-137729,20160505,BF-11005,TEC-PH-10001433,LOC00026,Standard Class,246.168,3,0.2,21.5397
2591,US-2016-115455,20160908,SE-20110,FUR-FU-10004671,LOC00400,Standard Class,14.136,2,0.6,-7.7748
2592,US-2016-115455,20160908,SE-20110,FUR-TA-10003569,LOC00400,Standard Class,601.47,3,0.5,-300.735
2593,CA-2017-128300,20171124,RS-19765,TEC-PH-10002807,LOC00401,Second Class,79.1,2,0.0,39.55
2594,CA-2017-128300,20171124,RS-19765,OFF-BI-10001597,LOC00401,Second Class,327.84,8,0.0,157.3632
2595,CA-2017-149048,20170513,BM-11650,OFF-EN-10003296,LOC00135,Standard Class,180.96,2,0.0,81.432
2596,CA-2017-149048,20170513,BM-11650,OFF-BI-10004632,LOC00135,Standard Class,914.97,3,0.0,411.7365
2597,CA-2017-149048,20170513,BM-11650,TEC-PH-10002310,LOC00135,Standard Class,587.97,3,0.0,158.7519
2598,CA-2017-149048,20170513,BM-11650,OFF-ST-10000078,LOC00135,Standard Class,530.34,2,0.0,95.4612
2599,CA-2017-149048,20170513,BM-11650,OFF-PA-10001752,LOC00135,Standard Class,14.94,3,0.0,7.3206
2600,CA-2017-108553,20170423,SK-19990,OFF-AP-10000026,LOC00024,Standard Class,121.94,2,0.0,35.3626
2601,CA-2017-108553,20170423,SK-19990,OFF-SU-10002573,LOC00024,Standard Class,122.71,7,0.0,36.813
2602,CA-2016-165848,20160604,EN-13780,OFF-PA-10000349,LOC00046,Same Day,14.94,3,0.0,7.0218
2603,CA-2016-165848,20160604,EN-13780,TEC-MA-10003356,LOC00046,Same Day,1349.85,3,0.0,364.4595
2604,CA-2016-165848,20160604,EN-13780,FUR-BO-10000362,LOC00046,Same Day,136.784,1,0.2,5.1294
2605,CA-2016-165848,20160604,EN-13780,FUR-FU-10003878,LOC00046,Same Day,61.12,4,0.0,20.7808
2606,CA-2014-112718,20141216,KN-16450,OFF-BI-10000591,LOC00134,Standard Class,1.167,1,0.7,-0.8558
2607,CA-2016-154053,20160304,MG-17890,OFF-AR-10003727,LOC00143,Standard Class,16.99,1,0.0,4.9271
2608,CA-2014-127446,20141125,MC-17590,TEC-AC-10001635,LOC00175,Standard Class,24.672,3,0.2,0.0
2609,CA-2014-127446,20141125,MC-17590,OFF-LA-10001317,LOC00175,Standard Class,2.52,1,0.2,0.882
2610,CA-2014-127446,20141125,MC-17590,FUR-TA-10000577,LOC00175,Standard Class,1218.735,5,0.3,-121.8735
2611,CA-2014-127446,20141125,MC-17590,OFF-LA-10000248,LOC00175,Standard Class,5.904,2,0.2,1.9926
2612,CA-2014-127446,20141125,MC-17590,OFF-PA-10000955,LOC00175,Standard Class,15.696,3,0.2,5.1012
2613,CA-2014-127446,20141125,MC-17590,FUR-FU-10000221,LOC00175,Standard Class,6.096,3,0.6,-3.9624
2614,CA-2016-137204,20160428,BO-11350,FUR-CH-10002304,LOC00063,Standard Class,41.568,2,0.2,2.598
2615,CA-2014-147298,20140426,AG-10300,FUR-CH-10004886,LOC00014,Standard Class,230.28,3,0.2,23.028
2616,CA-2014-147298,20140426,AG-10300,OFF-BI-10001525,LOC00014,Standard Class,18.288,6,0.2,5.715
2617,CA-2017-147942,20170401,MS-17365,OFF-LA-10003663,LOC00095,Standard Class,5.78,2,0.0,2.7166
2618,CA-2017-147942,20170401,MS-17365,OFF-BI-10001294,LOC00095,Standard Class,121.68,13,0.2,38.025
2619,CA-2017-115931,20171222,JM-15655,OFF-AR-10000369,LOC00065,Standard Class,4.17,3,0.0,1.0842
2620,CA-2017-115931,20171222,JM-15655,TEC-PH-10001300,LOC00065,Standard Class,67.04,4,0.2,6.704
2621,CA-2017-115931,20171222,JM-15655,OFF-ST-10000876,LOC00065,Standard Class,37.32,3,0.0,10.4496
2622,CA-2017-115931,20171222,JM-15655,OFF-LA-10001404,LOC00065,Standard Class,18.45,5,0.0,8.6715
2623,CA-2014-164861,20141203,MC-17635,OFF-PA-10001972,LOC00359,Second Class,25.92,4,0.0,12.4416
2624,CA-2017-127180,20171022,TA-21385,TEC-CO-10004722,LOC00024,First Class,11199.968,4,0.2,3919.9888
2625,CA-2017-127180,20171022,TA-21385,TEC-PH-10001494,LOC00024,First Class,2399.6,8,0.0,647.892
2626,CA-2017-127180,20171022,TA-21385,OFF-EN-10002500,LOC00024,First Class,63.9,5,0.0,28.755
2627,CA-2017-127180,20171022,TA-21385,TEC-PH-10003800,LOC00024,First Class,52.99,1,0.0,0.5299
2628,US-2017-165344,20171113,SB-20290,TEC-AC-10002399,LOC00158,First Class,60.864,4,0.2,9.1296
2629,US-2017-165344,20171113,SB-20290,TEC-MA-10002210,LOC00158,First Class,652.995,7,0.7,-935.9595
2630,US-2017-165344,20171113,SB-20290,OFF-BI-10003196,LOC00158,First Class,11.22,10,0.7,-7.48
2631,CA-2015-168186,20150910,AB-10150,OFF-PA-10000477,LOC00313,Standard Class,14.94,3,0.0,7.0218
2632,US-2017-110604,20170515,JF-15295,FUR-FU-10000076,LOC00006,Standard Class,39.96,2,0.0,17.1828
2633,US-2017-110604,20170515,JF-15295,FUR-CH-10002017,LOC00006,Standard Class,42.624,2,0.2,4.2624
2634,US-2017-110604,20170515,JF-15295,FUR-CH-10004287,LOC00006,Standard Class,220.96,1,0.2,24.858
2635,CA-2015-116750,20150705,BF-10975,FUR-FU-10003829,LOC00307,Second Class,4.928,2,0.2,0.7392
2636,CA-2015-116750,20150705,BF-10975,OFF-BI-10004728,LOC00307,Second Class,7.23,5,0.7,-5.784
2637,CA-2015-162369,20150815,TT-21265,OFF-ST-10000046,LOC00063,Standard Class,323.1,2,0.0,61.389
2638,CA-2017-108441,20170612,SB-20170,OFF-PA-10000697,LOC00046,Standard Class,19.04,4,0.0,9.3296
2639,CA-2017-108441,20170612,SB-20170,OFF-BI-10000848,LOC00046,Standard Class,13.128,3,0.2,4.2666
2640,CA-2017-108441,20170612,SB-20170,OFF-AR-10004691,LOC00046,Standard Class,64.14,3,0.0,16.6764
2641,CA-2017-108441,20170612,SB-20170,FUR-CH-10000595,LOC00046,Standard Class,858.24,4,0.1,143.04
2642,CA-2015-169740,20150220,LM-17065,TEC-AC-10000927,LOC00402,Standard Class,29.99,1,0.0,2.999
2643,CA-2016-124051,20161229,KA-16525,OFF-PA-10001289,LOC00174,First Class,186.048,6,0.2,67.4424
2644,CA-2016-149111,20160417,BF-11170,TEC-PH-10003092,LOC00315,Second Class,36.792,1,0.2,4.1391
2645,CA-2016-149111,20160417,BF-11170,FUR-FU-10000206,LOC00315,Second Class,18.624,8,0.2,6.2856
2646,CA-2014-131002,20140907,TB-21400,FUR-FU-10004270,LOC00313,Second Class,57.69,3,0.0,23.6529
2647,CA-2014-131002,20140907,TB-21400,OFF-BI-10000948,LOC00313,Second Class,42.81,3,0.0,20.1207
2648,CA-2014-131002,20140907,TB-21400,OFF-PA-10000223,LOC00313,Second Class,12.96,2,0.0,6.2208
2649,CA-2014-131002,20140907,TB-21400,FUR-FU-10004665,LOC00313,Second Class,821.88,6,0.0,213.6888
2650,CA-2014-131002,20140907,TB-21400,TEC-PH-10000215,LOC00313,Second Class,104.85,3,0.0,28.3095
2651,US-2016-146794,20160926,SH-19975,FUR-BO-10004467,LOC00108,Standard Class,424.9575,5,0.15,19.998
2652,CA-2017-112515,20170917,AS-10225,OFF-BI-10000829,LOC00268,Second Class,10.776,3,0.2,3.5022
2653,CA-2017-112515,20170917,AS-10225,OFF-BI-10003712,LOC00268,Second Class,11.784,3,0.2,4.2717
2654,CA-2017-112515,20170917,AS-10225,OFF-PA-10000062,LOC00268,Second Class,164.88,3,0.0,80.7912
2655,CA-2017-112515,20170917,AS-10225,FUR-BO-10003404,LOC00268,Second Class,1292.94,3,0.0,77.5764
2656,CA-2017-112515,20170917,AS-10225,OFF-BI-10004233,LOC00268,Second Class,25.584,2,0.2,8.9544
2657,CA-2017-112515,20170917,AS-10225,OFF-ST-10001272,LOC00268,Second Class,261.74,2,0.0,65.435
2658,CA-2017-112515,20170917,AS-10225,OFF-LA-10001175,LOC00268,Second Class,14.4,5,0.0,7.056
2659,CA-2016-150343,20160816,PK-19075,OFF-EN-10004030,LOC00095,Standard Class,10.86,3,0.0,5.1042
2660,CA-2015-135538,20151224,HR-14830,FUR-CH-10004287,LOC00028,Standard Class,883.84,4,0.2,99.432
2661,CA-2017-123372,20171128,DG-13300,TEC-PH-10002834,LOC00046,Standard Class,1979.89,11,0.0,494.9725
2662,CA-2017-123372,20171128,DG-13300,OFF-EN-10003055,LOC00046,Standard Class,79.96,2,0.0,35.982
2663,CA-2017-159604,20170414,CL-12700,OFF-BI-10003460,LOC00335,First Class,8.76,2,0.0,4.2048
2664,CA-2016-164784,20160501,HF-14995,OFF-LA-10001569,LOC00032,First Class,3.984,1,0.2,1.2948
2665,CA-2016-164784,20160501,HF-14995,FUR-TA-10004534,LOC00032,First Class,370.62,3,0.4,-142.071
2666,CA-2016-164784,20160501,HF-14995,OFF-BI-10002954,LOC00032,First Class,2.742,2,0.7,-2.0108
2667,CA-2016-111794,20161001,HG-15025,TEC-AC-10003832,LOC00140,Same Day,79.512,3,0.2,20.8719
2668,CA-2016-111794,20161001,HG-15025,OFF-PA-10000474,LOC00140,Same Day,28.352,1,0.2,9.5688
2669,US-2015-139759,20150825,NL-18310,FUR-CH-10002774,LOC00063,Standard Class,40.784,1,0.2,4.5882
2670,US-2015-139759,20150825,NL-18310,OFF-AP-10002765,LOC00063,Standard Class,105.96,4,0.0,29.6688
2671,CA-2014-126403,20140909,RR-19525,OFF-PA-10001144,LOC00112,Second Class,166.44,3,0.0,79.8912
2672,CA-2014-126403,20140909,RR-19525,FUR-CH-10003761,LOC00112,Second Class,785.88,6,0.0,212.1876
2673,CA-2014-126403,20140909,RR-19525,OFF-PA-10004665,LOC00112,Second Class,26.2,2,0.0,12.838
2674,CA-2014-126403,20140909,RR-19525,OFF-ST-10000078,LOC00112,Second Class,1325.85,5,0.0,238.653
2675,CA-2017-136875,20171203,TC-21295,OFF-PA-10000357,LOC00143,Same Day,166.44,3,0.0,79.8912
2676,CA-2017-132185,20171127,DB-13615,OFF-AR-10000422,LOC00197,Standard Class,8.76,5,0.2,0.7665
2677,CA-2017-132185,20171127,DB-13615,OFF-AP-10001205,LOC00197,Standard Class,43.584,1,0.2,4.3584
2678,US-2014-160780,20140621,SV-20785,OFF-BI-10001116,LOC00261,Same Day,11.088,7,0.7,-8.1312
2679,US-2014-160780,20140621,SV-20785,OFF-BI-10002931,LOC00261,Same Day,25.164,2,0.7,-16.776
2680,CA-2017-127026,20170121,MH-18115,OFF-BI-10000546,LOC00031,Standard Class,14.4,5,0.0,7.056
2681,CA-2017-127026,20170121,MH-18115,TEC-AC-10002049,LOC00031,Standard Class,619.95,5,0.0,111.591
2682,CA-2017-127026,20170121,MH-18115,OFF-BI-10001196,LOC00031,Standard Class,89.52,4,0.0,42.0744
2683,CA-2017-127026,20170121,MH-18115,TEC-MA-10002981,LOC00031,Standard Class,350.973,3,0.1,152.0883
2684,CA-2017-127026,20170121,MH-18115,TEC-PH-10003601,LOC00031,Standard Class,164.99,1,0.0,49.497
2685,CA-2017-137085,20170629,CT-11995,OFF-BI-10000632,LOC00026,Standard Class,312.552,9,0.2,101.5794
2686,CA-2016-133123,20160906,KB-16315,OFF-EN-10003055,LOC00279,Standard Class,95.952,3,0.2,29.985
2687,CA-2016-133123,20160906,KB-16315,OFF-BI-10001031,LOC00279,Standard Class,3.204,2,0.7,-2.4564
2688,US-2016-128195,20160804,RA-19285,OFF-BI-10002003,LOC00121,First Class,3.98,5,0.8,-6.567
2689,CA-2015-153220,20151112,YC-21895,OFF-PA-10003016,LOC00004,First Class,15.7,5,0.0,7.065
2690,CA-2014-123064,20140630,RA-19915,OFF-AR-10004582,LOC00156,First Class,5.248,4,0.2,1.64
2691,CA-2017-156412,20171204,CM-12160,OFF-BI-10004364,LOC00064,Standard Class,5.346,3,0.7,-4.455
2692,US-2016-144211,20160828,CS-12130,OFF-PA-10002246,LOC00403,Standard Class,15.48,3,0.2,5.6115
2693,US-2016-144211,20160828,CS-12130,TEC-PH-10002890,LOC00403,Standard Class,108.576,3,0.2,8.1432
2694,CA-2016-138079,20160122,AJ-10795,FUR-FU-10001475,LOC00061,Standard Class,109.9,5,0.0,37.366
2695,CA-2014-143182,20141015,DL-12865,FUR-FU-10004270,LOC00187,Standard Class,15.384,1,0.2,4.0383
2696,CA-2016-161662,20160207,BE-11410,OFF-PA-10003465,LOC00404,First Class,30.352,2,0.2,10.6232
2697,CA-2014-145317,20140318,SM-20320,TEC-MA-10003626,LOC00134,Standard Class,821.3,4,0.5,-16.426
2698,CA-2014-145317,20140318,SM-20320,TEC-MA-10002412,LOC00134,Standard Class,22638.48,6,0.5,-1811.0784
2699,CA-2014-145317,20140318,SM-20320,OFF-PA-10001804,LOC00134,Standard Class,21.376,4,0.2,7.4816
2700,CA-2014-145317,20140318,SM-20320,OFF-AR-10003183,LOC00134,Standard Class,8.016,3,0.2,1.002
2701,CA-2014-145317,20140318,SM-20320,FUR-FU-10004270,LOC00134,Standard Class,30.768,2,0.2,8.0766
2702,CA-2014-145317,20140318,SM-20320,OFF-FA-10003112,LOC00134,Standard Class,18.936,3,0.2,5.9175
2703,CA-2014-145317,20140318,SM-20320,FUR-FU-10001986,LOC00134,Standard Class,122.352,3,0.2,15.294
2704,CA-2014-143413,20140524,RP-19390,OFF-PA-10002319,LOC00309,Standard Class,116.28,3,0.0,56.9772
2705,CA-2017-156818,20170711,JD-16015,TEC-AC-10002323,LOC00030,Second Class,132.6,6,0.0,17.238
2706,CA-2017-155873,20170616,AB-10255,OFF-SU-10001165,LOC00065,Standard Class,16.68,2,0.0,4.3368
2707,CA-2017-155873,20170616,AB-10255,OFF-PA-10001246,LOC00065,Standard Class,19.44,3,0.0,9.3312
2708,CA-2017-155873,20170616,AB-10255,OFF-PA-10001815,LOC00065,Standard Class,192.16,4,0.0,92.2368
2709,CA-2015-121797,20150130,CC-12145,FUR-FU-10001876,LOC00014,Standard Class,227.36,7,0.0,81.8496
2710,CA-2015-121797,20150130,CC-12145,TEC-MA-10000488,LOC00014,Standard Class,1919.976,3,0.2,215.9973
2711,US-2015-120572,20151211,GH-14425,OFF-BI-10001098,LOC00134,Standard Class,12.828,2,0.7,-8.9796
2712,CA-2017-132430,20171009,CP-12085,FUR-FU-10003577,LOC00347,First Class,45.888,4,0.2,9.1776
2713,CA-2017-146031,20170729,GM-14440,OFF-AR-10002656,LOC00025,Second Class,60.12,9,0.0,22.2444
2714,CA-2014-110100,20140425,LC-16885,TEC-PH-10004531,LOC00125,Standard Class,302.376,3,0.2,37.797
2715,CA-2015-103723,20151201,BT-11305,OFF-AR-10003251,LOC00060,Standard Class,13.9,5,0.0,5.56
2716,CA-2014-127187,20141204,CP-12085,TEC-PH-10000673,LOC00024,Standard Class,129.98,2,0.0,62.3904
2717,CA-2017-128475,20170826,SC-20680,TEC-AC-10000158,LOC00113,Standard Class,71.98,2,0.0,15.1158
2718,CA-2014-100006,20140907,DK-13375,TEC-PH-10002075,LOC00024,Standard Class,377.97,3,0.0,109.6113
2719,CA-2017-144827,20171221,SE-20110,OFF-ST-10004340,LOC00147,Standard Class,124.36,2,0.0,33.5772
2720,CA-2014-110030,20141206,LF-17185,FUR-FU-10002759,LOC00015,Second Class,23.976,3,0.6,-14.3856
2721,CA-2014-121286,20141104,ON-18715,OFF-FA-10000585,LOC00183,Second Class,8.376,3,0.2,2.7222
2722,CA-2014-121286,20141104,ON-18715,OFF-AP-10004859,LOC00183,Second Class,58.24,5,0.2,5.096
2723,CA-2016-164735,20160414,TB-21400,OFF-ST-10001558,LOC00213,Second Class,81.2,5,0.0,12.18
2724,CA-2014-153479,20141004,DF-13135,OFF-LA-10004689,LOC00168,Standard Class,14.45,5,0.0,6.7915
2725,CA-2014-153479,20141004,DF-13135,OFF-BI-10002867,LOC00168,Standard Class,95.648,2,0.2,31.0856
2726,CA-2017-149888,20171107,EP-13915,TEC-PH-10003811,LOC00075,Standard Class,359.97,5,0.4,-71.994
2727,CA-2017-149888,20171107,EP-13915,FUR-TA-10000849,LOC00075,Standard Class,350.352,4,0.4,-140.1408
2728,CA-2017-119193,20171222,SK-19990,OFF-BI-10000848,LOC00214,First Class,1.641,1,0.7,-1.3128
2729,CA-2017-119193,20171222,SK-19990,TEC-PH-10003072,LOC00214,First Class,629.958,7,0.4,94.4937
2730,CA-2017-104801,20170213,FH-14350,OFF-AR-10001547,LOC00060,Standard Class,6.63,3,0.0,1.7901
2731,CA-2017-104801,20170213,FH-14350,TEC-AC-10001838,LOC00060,Standard Class,799.96,4,0.0,343.9828
2732,CA-2017-104801,20170213,FH-14350,FUR-FU-10004017,LOC00060,Standard Class,107.53,1,0.0,21.506
2733,CA-2014-107594,20140702,EH-13945,TEC-PH-10002923,LOC00171,Standard Class,73.98,2,0.0,19.9746
2734,CA-2014-107594,20140702,EH-13945,OFF-AR-10000716,LOC00171,Standard Class,5.58,1,0.0,2.1762
2735,CA-2015-129770,20150221,JE-15715,OFF-PA-10000249,LOC00405,Second Class,49.12,4,0.0,23.0864
2736,CA-2015-115798,20151113,KL-16645,TEC-PH-10003691,LOC00286,Standard Class,377.97,3,0.0,94.4925
2737,CA-2015-115798,20151113,KL-16645,OFF-PA-10001560,LOC00286,Standard Class,42.28,7,0.0,19.8716
2738,CA-2015-115798,20151113,KL-16645,FUR-BO-10004467,LOC00286,Standard Class,299.97,3,0.0,56.9943
2739,CA-2015-115798,20151113,KL-16645,TEC-PH-10001819,LOC00286,Standard Class,89.98,2,0.0,43.1904
2740,CA-2017-122707,20170416,EB-13750,OFF-SU-10000157,LOC00406,First Class,477.24,4,0.0,9.5448
2741,CA-2017-122707,20170416,EB-13750,TEC-AC-10004227,LOC00406,First Class,25.98,2,0.0,1.5588
2742,CA-2016-165015,20160225,BD-11725,OFF-EN-10003134,LOC00056,Second Class,46.72,5,0.2,17.52
2743,CA-2014-149244,20141104,MS-17530,FUR-FU-10004671,LOC00089,Standard Class,35.34,2,0.0,13.4292
2744,CA-2015-140144,20150620,SC-20770,FUR-FU-10002253,LOC00035,Second Class,257.64,6,0.0,100.4796
2745,CA-2015-140144,20150620,SC-20770,TEC-PH-10002726,LOC00035,Second Class,125.976,3,0.2,47.241
2746,CA-2017-163321,20170807,FM-14380,TEC-AC-10004571,LOC00223,Second Class,79.992,1,0.2,21.9978
2747,CA-2014-155887,20140512,KT-16480,FUR-TA-10002228,LOC00118,Standard Class,700.056,3,0.3,-130.0104
2748,US-2015-165449,20151122,AP-10720,TEC-AC-10004127,LOC00407,Standard Class,27.168,4,0.2,-1.3584
2749,CA-2015-110247,20151204,RH-19555,OFF-BI-10001553,LOC00395,Standard Class,8.226,3,0.7,-6.0324
2750,US-2014-141257,20140608,CS-11950,FUR-CH-10002758,LOC00061,Standard Class,585.552,3,0.2,73.194
2751,CA-2014-154669,20140808,TM-21010,OFF-ST-10000532,LOC00408,Second Class,423.28,11,0.0,110.0528
2752,CA-2014-158029,20140526,HF-14995,FUR-CH-10000988,LOC00142,Standard Class,225.296,2,0.2,22.5296
2753,CA-2015-155306,20150417,GA-14515,OFF-AR-10003251,LOC00035,Standard Class,5.56,2,0.0,2.224
2754,CA-2015-155306,20150417,GA-14515,TEC-AC-10003174,LOC00035,Standard Class,323.37,3,0.0,129.348
2755,CA-2015-155306,20150417,GA-14515,TEC-PH-10002310,LOC00035,Standard Class,783.96,5,0.2,68.5965
2756,CA-2015-155306,20150417,GA-14515,OFF-AP-10002651,LOC00035,Standard Class,1447.65,5,0.0,419.8185
2757,CA-2015-155306,20150417,GA-14515,OFF-PA-10001184,LOC00035,Standard Class,11.96,2,0.0,5.8604
2758,CA-2016-127775,20160611,ES-14020,TEC-AC-10002402,LOC00046,Second Class,239.97,3,0.0,71.991
2759,CA-2016-146171,20160311,JP-16135,FUR-FU-10004270,LOC00113,Standard Class,76.92,4,0.0,31.5372
2760,CA-2016-146171,20160311,JP-16135,OFF-ST-10001526,LOC00113,Standard Class,481.32,4,0.0,125.1432
2761,CA-2014-129574,20140526,Dp-13240,OFF-PA-10002893,LOC00409,First Class,48.4,5,0.0,23.232
2762,CA-2017-126536,20171012,NK-18490,TEC-AC-10003709,LOC00095,First Class,0.99,1,0.0,0.4356
2763,CA-2017-126536,20171012,NK-18490,OFF-BI-10001191,LOC00095,First Class,101.84,5,0.2,36.917
2764,CA-2017-165757,20170622,PL-18925,OFF-BI-10003166,LOC00012,Standard Class,10.332,3,0.7,-7.5768
2765,CA-2017-165757,20170622,PL-18925,OFF-BI-10003982,LOC00012,Standard Class,31.155,5,0.7,-23.8855
2766,CA-2017-165757,20170622,PL-18925,OFF-ST-10004835,LOC00012,Standard Class,8.928,2,0.2,0.6696
2767,CA-2017-167752,20170115,RW-19690,OFF-AP-10000159,LOC00064,First Class,34.384,1,0.2,3.8682
2768,CA-2017-167752,20170115,RW-19690,OFF-AP-10002945,LOC00064,First Class,1924.16,8,0.2,312.676
2769,US-2015-122140,20150402,MO-17950,OFF-AP-10001242,LOC00078,Standard Class,32.192,2,0.8,-80.48
2770,US-2015-122140,20150402,MO-17950,TEC-AC-10003038,LOC00078,Standard Class,50.12,7,0.2,-0.6265
2771,US-2015-122140,20150402,MO-17950,TEC-AC-10003289,LOC00078,Standard Class,47.976,3,0.2,1.7991
2772,CA-2016-163986,20160903,JJ-15445,OFF-ST-10000918,LOC00410,Standard Class,54.5,5,0.0,14.17
2773,CA-2017-158967,20171210,BT-11680,FUR-FU-10001940,LOC00003,First Class,19.104,3,0.2,5.7312
2774,CA-2016-131576,20161122,RD-19585,OFF-BI-10002852,LOC00186,Standard Class,49.44,3,0.0,24.2256
2775,CA-2017-143455,20171111,ML-17755,OFF-PA-10004451,LOC00158,Standard Class,10.368,2,0.2,3.6288
2776,CA-2016-144729,20161021,JE-15745,OFF-ST-10004804,LOC00089,Standard Class,154.44,3,0.0,1.5444
2777,CA-2015-127019,20151221,ER-13855,OFF-AP-10003971,LOC00098,Standard Class,60.984,7,0.2,4.5738
2778,CA-2015-138534,20150717,JM-15535,FUR-BO-10003159,LOC00411,Second Class,195.466,2,0.15,-13.7976
2779,CA-2017-108322,20170430,SS-20140,FUR-FU-10001935,LOC00412,Standard Class,23.68,8,0.2,6.216
2780,CA-2017-108322,20170430,SS-20140,TEC-AC-10003433,LOC00412,Standard Class,2.376,3,0.2,0.7425
2781,CA-2017-167668,20170506,TC-21295,OFF-LA-10004544,LOC00046,First Class,59.2,4,0.0,29.6
2782,CA-2017-146724,20171120,HG-15025,OFF-AR-10001026,LOC00088,Standard Class,22.0,10,0.0,9.68
2783,CA-2016-139878,20161111,LD-17005,TEC-PH-10001336,LOC00152,Standard Class,257.98,2,0.0,74.8142
2784,US-2016-106677,20161105,AS-10285,TEC-PH-10003187,LOC00064,Standard Class,23.988,2,0.4,-15.992
2785,CA-2016-116974,20161009,MP-17965,TEC-PH-10004897,LOC00413,Standard Class,23.976,4,0.4,-15.5844
2786,CA-2015-149972,20150921,CD-12790,FUR-CH-10004997,LOC00002,First Class,601.536,4,0.2,0.0
2787,CA-2015-149972,20150921,CD-12790,OFF-FA-10002763,LOC00002,First Class,7.9,2,0.0,2.528
2788,US-2014-117744,20141202,MD-17860,FUR-FU-10001588,LOC00414,Standard Class,58.36,5,0.6,-24.803
2789,US-2014-117744,20141202,MD-17860,OFF-AR-10000940,LOC00414,Standard Class,16.464,7,0.2,1.4406
2790,US-2014-117744,20141202,MD-17860,FUR-FU-10002759,LOC00414,Standard Class,39.96,5,0.6,-23.976
2791,CA-2014-125514,20140921,BM-11650,OFF-AP-10000358,LOC00199,First Class,25.96,2,0.0,7.5284
2792,CA-2014-125514,20140921,BM-11650,OFF-AP-10003281,LOC00199,First Class,36.27,3,0.0,10.881
2793,CA-2014-125514,20140921,BM-11650,OFF-PA-10000029,LOC00199,First Class,6.48,1,0.0,3.1104
2794,CA-2014-154599,20140412,KN-16450,TEC-PH-10001557,LOC00415,Standard Class,1075.088,14,0.2,94.0702
2795,CA-2014-154599,20140412,KN-16450,TEC-PH-10000576,LOC00415,Standard Class,438.368,4,0.2,38.3572
2796,CA-2014-154599,20140412,KN-16450,OFF-BI-10002764,LOC00415,Standard Class,18.088,7,0.2,6.5569
2797,CA-2014-154599,20140412,KN-16450,FUR-BO-10001337,LOC00415,Standard Class,308.499,3,0.15,-18.147
2798,CA-2017-158743,20171020,IG-15085,OFF-AR-10002257,LOC00367,Standard Class,13.36,4,0.0,4.1416
2799,CA-2017-158743,20171020,IG-15085,OFF-PA-10001019,LOC00367,Standard Class,39.96,2,0.0,18.7812
2800,CA-2017-158743,20171020,IG-15085,OFF-BI-10003364,LOC00367,Standard Class,145.85,5,0.0,70.008
2801,CA-2016-153318,20161025,JS-15595,TEC-PH-10000984,LOC00124,First Class,783.96,5,0.2,78.396
2802,US-2015-110163,20151101,GA-14725,OFF-AR-10001683,LOC00161,First Class,7.88,1,0.2,1.773
2803,CA-2017-143329,20171103,DL-13330,FUR-FU-10000629,LOC00405,Standard Class,41.37,3,0.0,17.3754
2804,CA-2015-159380,20150512,CS-12505,OFF-PA-10003893,LOC00035,Standard Class,12.84,3,0.0,5.778
2805,CA-2015-159380,20150512,CS-12505,OFF-PA-10004239,LOC00035,Standard Class,25.68,6,0.0,11.556
2806,CA-2015-122623,20150907,CC-12145,FUR-CH-10000553,LOC00295,Standard Class,47.516,2,0.3,-2.0364
2807,CA-2015-148635,20150725,MH-18025,OFF-FA-10004395,LOC00061,Second Class,9.42,2,0.0,0.471
2808,CA-2015-148635,20150725,MH-18025,OFF-PA-10004782,LOC00061,Second Class,12.96,2,0.0,6.2208
2809,CA-2015-148635,20150725,MH-18025,FUR-BO-10002213,LOC00061,Second Class,704.9,5,0.0,56.392
2810,CA-2015-148635,20150725,MH-18025,FUR-CH-10001854,LOC00061,Second Class,561.568,2,0.2,28.0784
2811,CA-2015-135685,20151116,MP-18175,OFF-PA-10000157,LOC00202,Second Class,179.82,9,0.0,84.5154
2812,CA-2015-135685,20151116,MP-18175,FUR-FU-10001185,LOC00202,Second Class,185.58,6,0.0,76.0878
2813,CA-2015-135685,20151116,MP-18175,FUR-TA-10001520,LOC00202,Second Class,214.11,3,0.0,36.3987
2814,CA-2015-135685,20151116,MP-18175,TEC-AC-10004145,LOC00202,Second Class,999.96,4,0.0,229.9908
2815,CA-2015-135685,20151116,MP-18175,FUR-TA-10000688,LOC00202,Second Class,653.55,3,0.0,111.1035
2816,CA-2015-104626,20150901,DR-12940,OFF-BI-10001510,LOC00118,Standard Class,114.6,5,0.0,51.57
2817,CA-2015-104626,20150901,DR-12940,FUR-CH-10003817,LOC00118,Standard Class,60.74,1,0.0,15.185
2818,CA-2015-104626,20150901,DR-12940,FUR-FU-10000308,LOC00118,Standard Class,124.36,2,0.0,27.3592
2819,CA-2015-104626,20150901,DR-12940,OFF-ST-10003208,LOC00118,Standard Class,1088.76,6,0.0,315.7404
2820,CA-2016-160500,20160505,DM-13015,OFF-BI-10003784,LOC00236,First Class,6.72,5,0.2,2.352
2821,CA-2016-160500,20160505,DM-13015,FUR-TA-10003748,LOC00236,First Class,298.776,3,0.2,7.4694
2822,CA-2017-100202,20161231,BD-11620,TEC-PH-10002563,LOC00159,Standard Class,302.376,3,0.2,22.6782
2823,CA-2017-131016,20170918,DC-12850,OFF-AR-10000122,LOC00175,First Class,8.928,2,0.2,0.558
2824,CA-2017-131016,20170918,DC-12850,OFF-ST-10000352,LOC00175,First Class,47.584,2,0.2,-2.974
2825,US-2014-112914,20140925,MT-18070,OFF-PA-10003270,LOC00017,Standard Class,33.792,8,0.2,10.56
2826,US-2014-112914,20140925,MT-18070,FUR-BO-10003272,LOC00017,Standard Class,300.5328,2,0.32,-97.2312
2827,US-2014-112914,20140925,MT-18070,OFF-BI-10002982,LOC00017,Standard Class,2.724,2,0.8,-4.3584
2828,US-2014-112914,20140925,MT-18070,OFF-EN-10001509,LOC00017,Standard Class,3.264,2,0.2,1.1016
2829,CA-2016-124149,20160423,MJ-17740,OFF-PA-10002421,LOC00404,First Class,108.336,6,0.2,37.9176
2830,CA-2016-124149,20160423,MJ-17740,OFF-ST-10000760,LOC00404,First Class,55.92,5,0.2,6.291
2831,CA-2016-124149,20160423,MJ-17740,OFF-PA-10002923,LOC00404,First Class,78.304,2,0.2,29.364
2832,CA-2014-148915,20141101,ND-18370,OFF-ST-10001128,LOC00041,Standard Class,443.92,5,0.2,-94.333
2833,CA-2014-148915,20141101,ND-18370,TEC-PH-10000673,LOC00041,Standard Class,155.976,3,0.2,54.5916
2834,CA-2017-134649,20170126,CA-11965,OFF-AR-10001547,LOC00406,Second Class,15.47,7,0.0,4.1769
2835,CA-2017-134649,20170126,CA-11965,OFF-BI-10001890,LOC00406,Second Class,7.16,2,0.0,3.4368
2836,CA-2017-110842,20171111,GA-14725,OFF-AP-10003971,LOC00002,Standard Class,10.89,1,0.0,2.8314
2837,CA-2017-110842,20171111,GA-14725,OFF-PA-10000520,LOC00002,Standard Class,19.44,3,0.0,9.3312
2838,CA-2017-110842,20171111,GA-14725,OFF-BI-10000977,LOC00002,Standard Class,121.6,5,0.2,39.52
2839,CA-2016-147368,20160609,TC-21295,TEC-MA-10002178,LOC00395,First Class,695.7,2,0.5,-27.828
2840,US-2015-104185,20150903,JB-15400,OFF-ST-10001526,LOC00030,Second Class,120.33,1,0.0,31.2858
2841,US-2014-125521,20140314,CK-12325,FUR-CH-10003379,LOC00338,Standard Class,1139.92,4,0.0,284.98
2842,US-2017-135062,20170831,RL-19615,OFF-PA-10000100,LOC00307,Second Class,229.544,7,0.2,83.2097
2843,CA-2017-135650,20170323,AC-10660,OFF-ST-10001809,LOC00144,Standard Class,143.728,2,0.2,-32.3388
2844,CA-2017-112865,20170518,BH-11710,TEC-AC-10000387,LOC00012,Standard Class,36.048,3,0.2,-0.9012
2845,US-2016-162852,20161227,BG-11695,FUR-CH-10004853,LOC00398,Standard Class,845.488,8,0.3,-12.0784
2846,CA-2017-138163,20171117,XP-21865,OFF-AR-10001958,LOC00290,First Class,50.94,3,0.0,14.2632
2847,CA-2017-152093,20170910,SN-20560,OFF-BI-10003527,LOC00156,Standard Class,762.594,3,0.8,-1143.891
2848,CA-2017-157854,20170408,DM-13345,FUR-FU-10003832,LOC00237,Standard Class,56.28,6,0.0,15.7584
2849,CA-2017-157854,20170408,DM-13345,OFF-BI-10001359,LOC00237,Standard Class,2690.97,3,0.0,1264.7559
2850,CA-2016-123617,20161128,AJ-10780,OFF-BI-10002976,LOC00184,Standard Class,7.434,6,0.7,-5.6994
2851,US-2016-128293,20160602,KC-16255,OFF-ST-10000736,LOC00075,First Class,64.784,1,0.2,-12.9568
2852,CA-2017-107342,20171217,VF-21715,OFF-PA-10001745,LOC00135,Standard Class,28.16,4,0.0,13.2352
2853,CA-2016-136371,20160319,SV-20935,FUR-FU-10000409,LOC00188,Second Class,14.98,1,0.0,6.8908
2854,CA-2016-136371,20160319,SV-20935,FUR-FU-10000221,LOC00188,Second Class,20.32,4,0.0,6.9088
2855,CA-2017-137344,20170820,EM-13810,OFF-ST-10000344,LOC00118,Same Day,40.29,3,0.0,10.4754
2856,CA-2017-169810,20170725,RB-19360,OFF-LA-10003663,LOC00376,Standard Class,20.23,7,0.0,9.5081
2857,CA-2016-128594,20160826,DJ-13510,FUR-CH-10001215,LOC00089,First Class,1603.136,4,0.2,100.196
2858,CA-2016-154690,20160815,CC-12370,FUR-CH-10000988,LOC00307,Second Class,225.296,2,0.2,22.5296
2859,CA-2017-138975,20170519,SC-20380,TEC-AC-10003441,LOC00149,Standard Class,67.8,4,0.0,4.068
2860,CA-2017-138975,20170519,SC-20380,TEC-PH-10004389,LOC00149,Standard Class,377.97,3,0.0,98.2722
2861,CA-2017-138975,20170519,SC-20380,FUR-BO-10004695,LOC00149,Standard Class,1628.82,9,0.0,374.6286
2862,CA-2017-138975,20170519,SC-20380,OFF-PA-10000100,LOC00149,Standard Class,286.93,7,0.0,140.5957
2863,CA-2017-106537,20170812,RH-19495,OFF-PA-10000223,LOC00416,Standard Class,20.736,4,0.2,7.2576
2864,US-2017-103828,20170813,JK-15370,OFF-ST-10001325,LOC00035,Same Day,31.44,3,0.0,8.4888
2865,US-2017-103828,20170813,JK-15370,OFF-AP-10004249,LOC00035,Same Day,83.79,7,0.0,22.6233
2866,US-2017-103828,20170813,JK-15370,OFF-AR-10000588,LOC00035,Same Day,59.52,3,0.0,15.4752
2867,US-2017-103828,20170813,JK-15370,OFF-SU-10000946,LOC00035,Same Day,31.92,4,0.0,9.2568
2868,CA-2016-115588,20161110,AF-10885,OFF-SU-10001225,LOC00214,Second Class,14.72,5,0.2,-3.312
2869,CA-2016-115588,20161110,AF-10885,OFF-ST-10001558,LOC00214,Second Class,38.976,3,0.2,-2.436
2870,CA-2017-143861,20170612,LC-16885,FUR-FU-10001546,LOC00105,Standard Class,17.088,2,0.2,1.068
2871,CA-2014-148040,20140322,BF-11275,OFF-PA-10002581,LOC00116,Standard Class,74.352,3,0.2,23.235
2872,CA-2014-148040,20140322,BF-11275,FUR-CH-10001482,LOC00116,Standard Class,314.352,3,0.2,-35.3646
2873,CA-2017-135167,20170615,SC-20800,OFF-AR-10002399,LOC00002,Standard Class,4.26,1,0.0,1.7466
2874,CA-2017-137022,20171116,SW-20275,OFF-ST-10001963,LOC00189,Standard Class,811.28,8,0.0,24.3384
2875,US-2017-102638,20171229,MC-17845,OFF-FA-10002988,LOC00046,First Class,6.03,3,0.0,2.9547
2876,US-2016-167339,20160121,TD-20995,FUR-CH-10004289,LOC00089,Second Class,153.568,2,0.2,-5.7588
2877,US-2016-167339,20160121,TD-20995,FUR-CH-10000785,LOC00089,Second Class,1013.488,7,0.2,76.0116
2878,CA-2016-152072,20160115,Dp-13240,OFF-EN-10003040,LOC00074,Standard Class,52.34,2,0.0,24.5998
2879,CA-2016-152072,20160115,Dp-13240,OFF-AR-10001573,LOC00074,Standard Class,4.66,2,0.0,1.3514
2880,CA-2016-152072,20160115,Dp-13240,TEC-AC-10000844,LOC00074,Standard Class,254.97,3,0.0,91.7892
2881,CA-2016-102932,20160919,SD-20485,OFF-BI-10000756,LOC00417,Second Class,25.44,6,0.0,12.72
2882,CA-2016-102932,20160919,SD-20485,OFF-SU-10000381,LOC00417,Second Class,27.93,3,0.0,8.0997
2883,CA-2014-165540,20140221,TM-21010,OFF-BI-10004094,LOC00398,Standard Class,8.85,5,0.8,-13.7175
2884,CA-2016-130799,20161111,BK-11260,FUR-FU-10001852,LOC00095,Second Class,6.96,4,0.0,2.2272
2885,CA-2016-164483,20160130,JF-15490,OFF-BI-10000014,LOC00035,Standard Class,17.456,2,0.2,5.8914
2886,US-2016-159856,20161018,EP-13915,FUR-CH-10003396,LOC00287,Standard Class,307.92,5,0.2,-34.641
2887,CA-2017-102099,20171218,EP-13915,OFF-AR-10003811,LOC00142,First Class,6.63,3,0.0,1.7901
2888,CA-2017-102099,20171218,EP-13915,OFF-PA-10003172,LOC00142,First Class,12.96,2,0.0,6.2208
2889,CA-2017-102099,20171218,EP-13915,OFF-PA-10000289,LOC00142,First Class,32.4,5,0.0,15.552
2890,CA-2017-164049,20171102,KH-16630,OFF-PA-10000791,LOC00060,Standard Class,23.85,5,0.0,10.7325
2891,CA-2014-142727,20140429,HG-14845,FUR-CH-10002304,LOC00418,Second Class,51.96,2,0.0,12.99
2892,CA-2014-142727,20140429,HG-14845,OFF-BI-10000136,LOC00418,Second Class,17.94,3,0.0,8.6112
2893,CA-2017-139913,20171023,JC-16105,OFF-PA-10003739,LOC00145,Standard Class,11.56,2,0.0,5.6644
2894,CA-2017-139913,20171023,JC-16105,OFF-PA-10002479,LOC00145,Standard Class,26.4,5,0.0,11.88
2895,CA-2017-139913,20171023,JC-16105,FUR-FU-10000771,LOC00145,Standard Class,69.08,11,0.0,29.0136
2896,CA-2017-139913,20171023,JC-16105,TEC-PH-10001552,LOC00145,Standard Class,35.88,3,0.0,10.0464
2897,CA-2014-169033,20140330,KM-16720,OFF-AR-10001915,LOC00256,Standard Class,49.65,5,0.0,20.853
2898,US-2016-164630,20160104,EB-13975,TEC-CO-10000971,LOC00044,Standard Class,959.968,4,0.2,119.996
2899,US-2015-114839,20150426,PW-19240,FUR-CH-10004086,LOC00067,Standard Class,408.422,2,0.3,-5.8346
2900,CA-2015-166464,20150912,PG-18895,TEC-CO-10000971,LOC00046,Standard Class,479.984,2,0.2,59.998
2901,CA-2015-166464,20150912,PG-18895,OFF-LA-10001317,LOC00046,Standard Class,12.6,4,0.0,6.048
2902,CA-2017-124898,20170911,DB-12910,OFF-PA-10003656,LOC00113,Standard Class,184.66,7,0.0,84.9436
2903,CA-2016-164035,20160612,CR-12730,OFF-PA-10002160,LOC00027,Standard Class,23.12,5,0.2,8.381
2904,CA-2016-153577,20160627,KH-16330,OFF-PA-10000575,LOC00419,Standard Class,37.464,7,0.2,12.1758
2905,CA-2016-153577,20160627,KH-16330,FUR-CH-10003981,LOC00419,Standard Class,539.658,3,0.3,-7.7094
2906,CA-2014-127586,20140926,CS-12400,OFF-ST-10002615,LOC00061,Standard Class,310.12,2,0.0,80.6312
2907,CA-2017-121615,20171103,DL-12925,OFF-PA-10000327,LOC00020,Standard Class,8.56,2,0.0,3.852
2908,CA-2017-121615,20171103,DL-12925,OFF-ST-10001325,LOC00020,Standard Class,52.4,5,0.0,14.148
2909,CA-2017-121615,20171103,DL-12925,OFF-LA-10001771,LOC00020,Standard Class,14.94,3,0.0,6.8724
2910,CA-2017-166415,20170219,ME-17725,OFF-FA-10004968,LOC00006,Standard Class,11.22,3,0.0,0.2244
2911,CA-2015-118444,20151105,VD-21670,OFF-AP-10000576,LOC00250,Standard Class,387.136,4,0.2,24.196
2912,CA-2014-113929,20140616,CK-12205,OFF-EN-10003286,LOC00420,Standard Class,41.4,5,0.0,19.458
2913,CA-2014-113929,20140616,CK-12205,OFF-AR-10003772,LOC00420,Standard Class,35.0,4,0.0,10.5
2914,CA-2014-113929,20140616,CK-12205,OFF-BI-10002852,LOC00420,Standard Class,39.552,3,0.2,14.3376
2915,CA-2015-134747,20151012,DL-12925,TEC-PH-10002890,LOC00421,Second Class,135.72,3,0.0,35.2872
2916,CA-2015-134747,20151012,DL-12925,OFF-BI-10001308,LOC00421,Second Class,12.56,2,0.0,5.652
2917,CA-2015-134747,20151012,DL-12925,TEC-PH-10001750,LOC00421,Second Class,263.96,4,0.0,71.2692
2918,CA-2017-155047,20170827,SE-20110,OFF-AR-10003338,LOC00078,First Class,5.952,1,0.2,0.372
2919,CA-2016-160129,20161123,LS-17200,OFF-FA-10002763,LOC00012,Same Day,15.8,5,0.2,2.37
2920,CA-2016-160129,20161123,LS-17200,FUR-FU-10002088,LOC00012,Same Day,14.368,2,0.2,3.9512
2921,CA-2016-160129,20161123,LS-17200,FUR-FU-10003976,LOC00012,Same Day,70.448,7,0.2,12.3284
2922,CA-2017-164329,20170130,MM-17920,OFF-ST-10001511,LOC00010,Same Day,129.3,2,0.0,6.465
2923,US-2015-141453,20151130,DB-13270,OFF-BI-10000301,LOC00111,Second Class,3.882,3,0.8,-5.823
2924,CA-2014-156993,20140628,RW-19630,OFF-FA-10003495,LOC00152,Standard Class,6.08,1,0.0,3.04
2925,CA-2014-157721,20140902,JM-16195,OFF-AP-10001303,LOC00291,First Class,19.9,1,0.0,8.955
2926,CA-2014-157721,20140902,JM-16195,FUR-FU-10002116,LOC00291,First Class,70.71,1,0.0,4.9497
2927,CA-2017-128629,20170710,BP-11155,FUR-FU-10000771,LOC00113,Second Class,18.84,3,0.0,7.9128
2928,CA-2017-158106,20170604,CT-11995,OFF-AR-10002255,LOC00422,Standard Class,8.64,3,0.0,2.5056
2929,US-2017-120390,20171019,TH-21550,OFF-BI-10004995,LOC00180,Standard Class,1633.188,4,0.7,-1306.5504
2930,CA-2017-143434,20171118,ME-17320,FUR-FU-10002597,LOC00081,Standard Class,19.76,4,0.0,8.2992
2931,CA-2015-168564,20150808,TT-21220,OFF-BI-10004970,LOC00010,Same Day,6.608,2,0.2,2.2302
2932,CA-2015-168564,20150808,TT-21220,OFF-BI-10002557,LOC00010,Same Day,7.28,2,0.2,2.73
2933,CA-2015-168564,20150808,TT-21220,FUR-CH-10000785,LOC00010,Same Day,144.784,1,0.2,10.8588
2934,US-2016-169040,20161206,GT-14710,TEC-PH-10002310,LOC00060,Standard Class,156.792,1,0.2,13.7193
2935,US-2016-169040,20161206,GT-14710,TEC-PH-10002834,LOC00060,Standard Class,431.976,3,0.2,26.9985
2936,US-2016-169040,20161206,GT-14710,OFF-EN-10000927,LOC00060,Standard Class,35.89,1,0.0,16.1505
2937,US-2016-169040,20161206,GT-14710,OFF-BI-10001636,LOC00060,Standard Class,47.208,7,0.2,15.3426
2938,US-2016-169040,20161206,GT-14710,OFF-PA-10001736,LOC00060,Standard Class,248.08,7,0.0,116.5976
2939,US-2016-169040,20161206,GT-14710,OFF-PA-10000482,LOC00060,Standard Class,189.7,5,0.0,89.159
2940,US-2016-169040,20161206,GT-14710,OFF-BI-10001658,LOC00060,Standard Class,59.808,3,0.2,19.4376
2941,CA-2017-155880,20170325,JD-16150,FUR-CH-10000422,LOC00202,Standard Class,90.99,1,0.0,14.5584
2942,CA-2017-155880,20170325,JD-16150,FUR-CH-10004675,LOC00202,Standard Class,1526.56,7,0.0,427.4368
2943,CA-2017-155880,20170325,JD-16150,FUR-CH-10002880,LOC00202,Standard Class,368.97,3,0.0,40.5867
2944,CA-2017-126242,20171119,MC-18100,OFF-ST-10000675,LOC00014,Standard Class,305.01,9,0.0,76.2525
2945,CA-2017-126242,20171119,MC-18100,FUR-FU-10002685,LOC00014,Standard Class,18.7,1,0.0,7.106
2946,CA-2016-166443,20161104,LH-17020,FUR-FU-10004020,LOC00035,First Class,38.29,7,0.0,16.4647
2947,CA-2017-169859,20171214,MP-18175,FUR-FU-10004963,LOC00143,Standard Class,26.25,3,0.0,11.025
2948,CA-2017-169859,20171214,MP-18175,OFF-BI-10000174,LOC00143,Standard Class,64.96,14,0.2,22.736
2949,CA-2017-169859,20171214,MP-18175,OFF-EN-10000461,LOC00143,Standard Class,43.7,5,0.0,20.539
2950,CA-2017-134915,20171112,EM-14140,TEC-AC-10001266,LOC00277,Same Day,41.6,4,0.2,13.0
2951,CA-2017-134915,20171112,EM-14140,OFF-PA-10002160,LOC00277,Same Day,23.12,5,0.2,8.381
2952,CA-2017-134915,20171112,EM-14140,FUR-CH-10004875,LOC00277,Same Day,113.888,2,0.2,9.9652
2953,CA-2017-134915,20171112,EM-14140,FUR-FU-10000305,LOC00277,Same Day,113.568,2,0.2,-5.6784
2954,CA-2017-134915,20171112,EM-14140,TEC-PH-10000347,LOC00277,Same Day,7.92,2,0.2,0.693
2955,CA-2017-134915,20171112,EM-14140,TEC-PH-10001459,LOC00277,Same Day,671.984,2,0.2,50.3988
2956,CA-2016-153353,20160818,GG-14650,TEC-PH-10000439,LOC00046,Standard Class,39.99,1,0.0,11.5971
2957,CA-2017-123638,20170627,MA-17995,FUR-CH-10002647,LOC00291,Standard Class,191.646,3,0.1,31.941
2958,CA-2017-168900,20170504,SH-20395,OFF-BI-10003910,LOC00158,Standard Class,2.313,1,0.7,-1.9275
2959,CA-2015-158456,20151224,KT-16465,OFF-BI-10001097,LOC00004,Standard Class,19.936,4,0.2,7.2268
2960,CA-2015-158456,20151224,KT-16465,OFF-FA-10004854,LOC00004,Standard Class,45.92,4,0.0,21.5824
2961,CA-2017-143665,20170426,PO-19180,OFF-PA-10003673,LOC00061,Standard Class,20.34,3,0.0,9.3564
2962,CA-2017-143665,20170426,PO-19180,OFF-LA-10002034,LOC00061,Standard Class,39.28,8,0.0,19.2472
2963,CA-2017-137428,20171216,AY-10555,FUR-CH-10002774,LOC00219,Second Class,81.568,2,0.2,9.1764
2964,CA-2017-137428,20171216,AY-10555,FUR-CH-10003817,LOC00219,Second Class,97.184,2,0.2,6.074
2965,CA-2017-137428,20171216,AY-10555,OFF-BI-10002949,LOC00219,Second Class,24.32,5,0.2,8.208
2966,CA-2017-137428,20171216,AY-10555,FUR-FU-10002445,LOC00219,Second Class,18.96,2,0.0,7.584
2967,CA-2014-162866,20141227,Co-12640,FUR-FU-10001473,LOC00302,Standard Class,32.952,6,0.6,-19.7712
2968,CA-2014-162866,20141227,Co-12640,OFF-ST-10002562,LOC00302,Standard Class,30.016,4,0.2,3.0016
2969,CA-2017-167941,20171106,JF-15565,OFF-AP-10002118,LOC00307,Second Class,499.584,3,0.2,43.7136
2970,CA-2017-167941,20171106,JF-15565,OFF-PA-10001800,LOC00307,Second Class,31.104,6,0.2,10.8864
2971,CA-2017-167941,20171106,JF-15565,OFF-BI-10002827,LOC00307,Second Class,13.272,8,0.7,-10.6176
2972,CA-2017-167941,20171106,JF-15565,FUR-FU-10004671,LOC00307,Second Class,28.272,2,0.2,6.3612
2973,CA-2017-167941,20171106,JF-15565,OFF-ST-10000736,LOC00307,Second Class,259.136,4,0.2,-51.8272
2974,CA-2017-111808,20171216,AR-10510,OFF-BI-10004656,LOC00313,Standard Class,10.8,5,0.0,5.184
2975,CA-2015-137512,20150507,AG-10675,FUR-TA-10001095,LOC00294,Standard Class,244.006,2,0.3,-31.3722
2976,CA-2015-137512,20150507,AG-10675,OFF-PA-10000213,LOC00294,Standard Class,15.936,4,0.2,5.3784
2977,CA-2017-139773,20171204,DV-13045,FUR-CH-10001797,LOC00106,Same Day,188.552,7,0.3,-2.6936
2978,CA-2017-134607,20171003,HL-15040,OFF-ST-10002214,LOC00145,Second Class,22.58,2,0.0,5.8708
2979,CA-2014-109232,20140113,ND-18370,FUR-CH-10000422,LOC00423,Second Class,545.94,6,0.0,87.3504
2980,CA-2015-139850,20150612,GB-14575,OFF-PA-10003848,LOC00064,Standard Class,20.736,4,0.2,7.2576
2981,CA-2015-139850,20150612,GB-14575,FUR-FU-10003623,LOC00064,Standard Class,43.296,2,0.2,4.3296
2982,CA-2014-131310,20140712,CL-12565,FUR-CH-10001797,LOC00061,Standard Class,123.136,4,0.2,13.8528
2983,CA-2014-131310,20140712,CL-12565,OFF-BI-10003094,LOC00061,Standard Class,11.264,4,0.2,3.8016
2984,US-2014-112872,20141206,RC-19960,OFF-ST-10002205,LOC00331,Second Class,53.424,3,0.2,4.6746
2985,US-2014-112872,20141206,RC-19960,FUR-TA-10003238,LOC00331,Second Class,275.49,1,0.5,-170.8038
2986,CA-2016-139269,20160525,JB-16045,FUR-FU-10000755,LOC00113,Standard Class,24.96,4,0.0,6.24
2987,CA-2016-139269,20160525,JB-16045,OFF-PA-10002893,LOC00113,Standard Class,19.36,2,0.0,9.2928
2988,CA-2016-139269,20160525,JB-16045,OFF-ST-10000689,LOC00113,Standard Class,1267.65,9,0.0,152.118
2989,CA-2016-139010,20160221,MC-17635,TEC-AC-10004227,LOC00004,Second Class,12.99,1,0.0,0.7794
2990,CA-2016-139010,20160221,MC-17635,OFF-BI-10000174,LOC00004,Second Class,18.56,4,0.2,6.496
2991,CA-2016-139010,20160221,MC-17635,OFF-ST-10001809,LOC00004,Second Class,449.15,5,0.0,8.983
2992,CA-2016-139010,20160221,MC-17635,OFF-BI-10002309,LOC00004,Second Class,31.248,7,0.2,10.9368
2993,CA-2016-134376,20161002,TT-21265,OFF-AP-10004532,LOC00024,Standard Class,61.44,3,0.0,16.5888
2994,CA-2017-147291,20170311,MJ-17740,OFF-BI-10003091,LOC00084,Standard Class,895.92,4,0.0,421.0824
2995,CA-2016-112893,20160909,AT-10735,OFF-BI-10004654,LOC00353,Second Class,55.36,4,0.2,18.684
2996,US-2014-150532,20140714,PB-19150,OFF-ST-10000760,LOC00052,Standard Class,55.92,5,0.2,6.291
2997,CA-2014-138317,20140621,NW-18400,OFF-EN-10001539,LOC00075,Standard Class,24.896,4,0.2,8.4024
2998,CA-2014-138317,20140621,NW-18400,FUR-FU-10000550,LOC00075,Standard Class,3.984,1,0.2,0.6474
2999,CA-2014-138317,20140621,NW-18400,TEC-AC-10003628,LOC00075,Standard Class,95.968,4,0.2,28.7904
3000,CA-2014-138317,20140621,NW-18400,TEC-MA-10004521,LOC00075,Standard Class,206.991,3,0.7,-172.4925
3001,CA-2014-138317,20140621,NW-18400,OFF-AP-10003860,LOC00075,Standard Class,44.416,2,0.2,3.8864
3002,CA-2014-138317,20140621,NW-18400,OFF-BI-10000069,LOC00075,Standard Class,9.006,2,0.7,-7.2048
3003,CA-2015-130610,20150705,VP-21730,OFF-BI-10003655,LOC00424,Standard Class,19.0,5,0.0,8.93
3004,CA-2017-104381,20171216,RD-19810,OFF-BI-10001628,LOC00145,Standard Class,33.376,4,0.2,10.43
3005,CA-2016-131499,20160908,MG-17875,OFF-AP-10003779,LOC00165,First Class,207.48,1,0.0,62.244
3006,CA-2014-148761,20140517,PA-19060,OFF-BI-10000666,LOC00425,Standard Class,91.68,3,0.0,45.84
3007,CA-2017-116519,20171013,CR-12730,OFF-AP-10000828,LOC00030,First Class,904.9,5,0.0,253.372
3008,CA-2014-130729,20141024,AA-10375,OFF-BI-10002706,LOC00350,Standard Class,34.272,3,0.2,11.1384
3009,CA-2016-124772,20161205,JG-15160,FUR-FU-10004748,LOC00264,First Class,191.82,3,0.0,74.8098
3010,CA-2016-115525,20160725,RR-19525,OFF-AP-10000026,LOC00214,Standard Class,243.88,5,0.2,27.4365
3011,CA-2017-134845,20170417,SR-20425,OFF-BI-10000773,LOC00128,Standard Class,12.03,5,0.7,-9.223
3012,CA-2017-134845,20170417,SR-20425,TEC-MA-10000822,LOC00128,Standard Class,2549.985,5,0.7,-3399.98
3013,CA-2017-134845,20170417,SR-20425,OFF-BI-10001543,LOC00128,Standard Class,21.594,2,0.7,-15.8356
3014,CA-2017-134845,20170417,SR-20425,OFF-BI-10003355,LOC00128,Standard Class,8.964,6,0.7,-6.5736
3015,CA-2017-134845,20170417,SR-20425,OFF-PA-10002005,LOC00128,Standard Class,20.736,4,0.2,7.2576
3016,US-2015-138919,20150917,LS-16975,FUR-TA-10004154,LOC00046,Standard Class,344.22,2,0.4,-103.266
3017,US-2016-160528,20160823,MH-18115,OFF-ST-10002743,LOC00426,Standard Class,727.296,8,0.2,-172.7328
3018,US-2016-160528,20160823,MH-18115,FUR-FU-10004973,LOC00426,Standard Class,22.608,3,0.6,-10.1736
3019,US-2016-160528,20160823,MH-18115,TEC-AC-10002842,LOC00426,Standard Class,666.4,7,0.2,-33.32
3020,CA-2015-123568,20151108,SC-20095,OFF-FA-10002701,LOC00009,Standard Class,5.04,3,0.0,0.2016
3021,CA-2015-123568,20151108,SC-20095,OFF-PA-10001125,LOC00009,Standard Class,92.94,3,0.0,41.823
3022,CA-2015-123568,20151108,SC-20095,FUR-FU-10004090,LOC00009,Standard Class,66.69,3,0.0,22.0077
3023,CA-2015-123568,20151108,SC-20095,OFF-BI-10001510,LOC00009,Standard Class,91.68,5,0.2,28.65
3024,CA-2017-124674,20171117,JB-16000,FUR-BO-10002202,LOC00231,Standard Class,327.7328,2,0.32,-14.4588
3025,CA-2015-164441,20151108,AC-10450,OFF-BI-10001922,LOC00165,Standard Class,52.272,11,0.2,17.6418
3026,CA-2015-164441,20151108,AC-10450,OFF-PA-10001667,LOC00165,Standard Class,17.94,3,0.0,8.073
3027,CA-2017-169054,20170422,MO-17800,FUR-FU-10001488,LOC00012,Standard Class,254.352,3,0.2,0.0
3028,CA-2014-106719,20140824,RB-19645,OFF-BI-10002799,LOC00427,Same Day,8.288,2,0.2,2.6936
3029,CA-2017-116855,20171217,AI-10855,FUR-CH-10003846,LOC00338,Standard Class,504.9,5,0.0,80.784
3030,US-2016-164189,20160324,DR-12880,TEC-PH-10003691,LOC00428,Standard Class,403.168,4,0.2,25.198
3031,CA-2015-168480,20150921,DM-12955,FUR-BO-10000468,LOC00368,Standard Class,194.32,4,0.0,31.0912
3032,CA-2015-168480,20150921,DM-12955,OFF-AR-10001044,LOC00368,Standard Class,25.99,1,0.0,7.5371
3033,US-2016-114293,20161121,JH-16180,FUR-CH-10003833,LOC00428,Standard Class,195.136,4,0.2,-12.196
3034,CA-2017-134173,20170916,AB-10060,OFF-PA-10004355,LOC00106,Standard Class,20.736,4,0.2,7.2576
3035,US-2015-123960,20150611,BD-11605,TEC-AC-10003038,LOC00069,Standard Class,53.7,6,0.0,10.203
3036,US-2015-123960,20150611,BD-11605,OFF-BI-10002799,LOC00069,Standard Class,36.26,7,0.0,16.6796
3037,US-2015-123960,20150611,BD-11605,OFF-AR-10003582,LOC00069,Standard Class,56.3,2,0.0,15.764
3038,US-2015-123960,20150611,BD-11605,OFF-PA-10004451,LOC00069,Standard Class,32.4,5,0.0,15.552
3039,US-2015-123960,20150611,BD-11605,FUR-FU-10004666,LOC00069,Standard Class,29.16,2,0.0,10.7892
3040,CA-2017-101749,20171003,AS-10045,FUR-TA-10001520,LOC00055,Standard Class,171.288,3,0.2,-6.4233
3041,US-2016-147991,20160505,ZD-21925,FUR-FU-10004270,LOC00429,Standard Class,16.72,5,0.2,3.344
3042,CA-2017-149559,20170911,KF-16285,OFF-PA-10003172,LOC00107,Same Day,12.96,2,0.0,6.2208
3043,CA-2017-149559,20170911,KF-16285,OFF-EN-10002312,LOC00107,Same Day,22.18,2,0.0,10.8682
3044,CA-2017-149559,20170911,KF-16285,FUR-CH-10002320,LOC00107,Same Day,2054.272,8,0.2,256.784
3045,CA-2015-135174,20150430,BP-11230,TEC-PH-10001530,LOC00413,Second Class,1022.97,5,0.4,-255.7425
3046,CA-2017-125290,20171106,CC-12430,OFF-AR-10001216,LOC00040,Second Class,13.9,5,0.0,3.614
3047,CA-2017-125290,20171106,CC-12430,OFF-PA-10003127,LOC00040,Second Class,26.38,1,0.0,12.1348
3048,CA-2014-137351,20140930,DB-13615,OFF-BI-10003910,LOC00060,Standard Class,43.176,7,0.2,13.4925
3049,CA-2017-121419,20170402,TC-21475,FUR-TA-10004534,LOC00113,First Class,411.8,2,0.0,70.006
3050,CA-2017-121419,20170402,TC-21475,TEC-AC-10000892,LOC00113,First Class,360.0,4,0.0,129.6
3051,US-2017-148054,20171006,NZ-18565,FUR-FU-10003247,LOC00430,Standard Class,41.96,2,0.0,2.9372
3052,US-2017-148054,20171006,NZ-18565,OFF-AP-10004336,LOC00430,Standard Class,227.84,4,0.0,66.0736
3053,US-2017-148054,20171006,NZ-18565,OFF-PA-10001295,LOC00430,Standard Class,37.94,2,0.0,18.2112
3054,CA-2016-128517,20160409,SW-20350,TEC-PH-10002555,LOC00084,Second Class,517.9,2,0.0,134.654
3055,CA-2016-128517,20160409,SW-20350,OFF-BI-10000831,LOC00084,Second Class,5.28,2,0.0,2.4288
3056,US-2015-100377,20150828,TS-21370,TEC-CO-10001046,LOC00037,Standard Class,2799.96,5,0.2,874.9875
3057,CA-2017-131492,20171019,HH-15010,OFF-EN-10002973,LOC00095,Second Class,8.96,2,0.0,4.3008
3058,CA-2017-131492,20171019,HH-15010,OFF-LA-10001641,LOC00095,Second Class,31.5,10,0.0,15.12
3059,CA-2017-131492,20171019,HH-15010,FUR-FU-10003878,LOC00095,Second Class,30.56,2,0.0,10.3904
3060,CA-2017-131492,20171019,HH-15010,FUR-TA-10003837,LOC00095,Second Class,24.368,2,0.2,-3.3506
3061,CA-2016-144554,20161107,DM-13345,TEC-AC-10002800,LOC00056,Standard Class,119.976,3,0.2,22.4955
3062,CA-2017-127621,20170303,RE-19450,OFF-PA-10001307,LOC00177,Standard Class,26.88,8,0.2,9.744
3063,CA-2015-145184,20151127,JD-16150,TEC-PH-10002350,LOC00286,First Class,83.97,3,0.0,23.5116
3064,CA-2015-145184,20151127,JD-16150,TEC-AC-10000397,LOC00286,First Class,104.97,3,0.0,7.3479
3065,CA-2017-106859,20170313,BF-11215,OFF-ST-10000615,LOC00384,Second Class,90.8,8,0.0,25.424
3066,CA-2017-106859,20170313,BF-11215,TEC-PH-10004531,LOC00384,Second Class,140.736,8,0.2,49.2576
3067,CA-2017-106859,20170313,BF-11215,TEC-AC-10004001,LOC00384,Second Class,214.95,5,0.0,88.1295
3068,CA-2017-106859,20170313,BF-11215,OFF-PA-10001534,LOC00384,Second Class,45.36,7,0.0,21.7728
3069,CA-2017-106859,20170313,BF-11215,OFF-PA-10001815,LOC00384,Second Class,288.24,6,0.0,138.3552
3070,US-2017-120089,20171130,ML-17755,OFF-AP-10003779,LOC00214,Same Day,663.936,4,0.2,82.992
3071,CA-2014-119375,20141117,YC-21895,OFF-ST-10002011,LOC00286,Standard Class,2934.33,7,0.0,792.2691
3072,CA-2014-119375,20141117,YC-21895,FUR-FU-10002379,LOC00286,Standard Class,124.41,3,0.0,14.9292
3073,CA-2014-119375,20141117,YC-21895,OFF-AR-10003752,LOC00286,Standard Class,57.75,5,0.0,26.565
3074,CA-2016-125206,20160103,LR-16915,OFF-ST-10003692,LOC00063,First Class,114.46,2,0.0,28.615
3075,CA-2015-126137,20151003,BS-11755,FUR-BO-10004409,LOC00004,Standard Class,120.666,2,0.15,18.4548
3076,CA-2014-143903,20140720,KM-16375,OFF-ST-10003306,LOC00163,Standard Class,342.864,3,0.2,38.5722
3077,CA-2014-143903,20140720,KM-16375,FUR-FU-10003724,LOC00163,Standard Class,16.74,5,0.6,-14.229
3078,CA-2014-143903,20140720,KM-16375,FUR-CH-10002024,LOC00163,Standard Class,981.372,2,0.3,-140.196
3079,CA-2014-104780,20140521,BT-11530,OFF-AR-10003514,LOC00089,Standard Class,31.84,8,0.0,10.5072
3080,CA-2017-101182,20170904,KB-16405,OFF-PA-10001800,LOC00431,First Class,12.96,2,0.0,6.2208
3081,CA-2017-101182,20170904,KB-16405,TEC-PH-10003589,LOC00431,First Class,43.176,3,0.2,15.1116
3082,US-2017-132297,20170527,DW-13480,OFF-BI-10003364,LOC00176,Standard Class,58.34,2,0.0,28.0032
3083,US-2017-132297,20170527,DW-13480,TEC-PH-10002834,LOC00176,Standard Class,539.97,3,0.0,134.9925
3084,CA-2014-100328,20140128,JC-15340,OFF-BI-10000343,LOC00024,Standard Class,3.928,1,0.2,1.3257
3085,CA-2017-118773,20170209,TP-21415,OFF-BI-10004584,LOC00033,Standard Class,252.784,4,0.8,-417.0936
3086,CA-2017-118773,20170209,TP-21415,TEC-AC-10002402,LOC00033,Standard Class,127.984,2,0.2,15.998
3087,CA-2017-118773,20170209,TP-21415,FUR-FU-10000550,LOC00033,Standard Class,3.984,2,0.6,-2.6892
3088,CA-2017-118773,20170209,TP-21415,OFF-AP-10000055,LOC00033,Standard Class,12.992,2,0.8,-32.48
3089,US-2017-159205,20170331,DB-12910,FUR-FU-10001591,LOC00001,Second Class,61.0,5,0.0,25.62
3090,US-2017-159205,20170331,DB-12910,TEC-PH-10000526,LOC00001,Second Class,671.93,7,0.0,188.1404
3091,CA-2016-112123,20160303,BH-11710,OFF-BI-10001071,LOC00286,Standard Class,447.86,7,0.0,219.4514
3092,CA-2016-112123,20160303,BH-11710,TEC-PH-10001557,LOC00286,Standard Class,479.95,5,0.0,129.5865
3093,CA-2016-112123,20160303,BH-11710,OFF-PA-10001977,LOC00286,Standard Class,166.44,3,0.0,79.8912
3094,CA-2015-114468,20150823,TD-20995,OFF-SU-10004231,LOC00432,Same Day,31.68,4,0.2,2.772
3095,CA-2015-114468,20150823,TD-20995,OFF-PA-10000809,LOC00432,Same Day,10.368,2,0.2,3.6288
3096,CA-2015-114468,20150823,TD-20995,OFF-FA-10003021,LOC00432,Same Day,12.032,8,0.2,2.256
3097,CA-2015-114468,20150823,TD-20995,OFF-AP-10000696,LOC00432,Same Day,5.768,2,0.8,-13.5548
3098,CA-2017-135692,20170427,CV-12805,OFF-LA-10001158,LOC00007,Standard Class,33.12,4,0.2,11.592
3099,CA-2017-135692,20170427,CV-12805,FUR-BO-10002268,LOC00007,Standard Class,220.2656,4,0.32,-42.1096
3100,CA-2017-131233,20170414,CS-12355,OFF-BI-10000829,LOC00024,Standard Class,10.776,3,0.2,3.5022
3101,CA-2017-131233,20170414,CS-12355,FUR-BO-10003441,LOC00024,Standard Class,242.352,3,0.2,9.0882
3102,CA-2017-119578,20171222,JG-15310,OFF-SU-10003505,LOC00260,Second Class,695.16,6,0.0,34.758
3103,CA-2017-119578,20171222,JG-15310,FUR-BO-10003660,LOC00260,Second Class,220.98,1,0.0,50.8254
3104,CA-2016-124562,20161208,JP-16135,OFF-BI-10001267,LOC00048,Standard Class,12.957,7,0.7,-9.5018
3105,US-2017-140074,20170323,EC-14050,OFF-PA-10002741,LOC00024,Standard Class,25.68,6,0.0,11.556
3106,CA-2016-103037,20160725,KH-16630,OFF-LA-10004345,LOC00033,Standard Class,15.712,4,0.2,5.6956
3107,CA-2017-127460,20170710,FG-14260,OFF-ST-10004340,LOC00174,Standard Class,298.464,6,0.2,26.1156
3108,CA-2016-121671,20160717,AA-10480,OFF-PA-10001471,LOC00335,Standard Class,21.93,3,0.0,10.0878
3109,CA-2016-121671,20160717,AA-10480,OFF-ST-10002344,LOC00335,Standard Class,242.94,3,0.0,4.8588
3110,CA-2016-121671,20160717,AA-10480,OFF-PA-10001892,LOC00335,Standard Class,7.64,1,0.0,3.7436
3111,CA-2016-121671,20160717,AA-10480,OFF-PA-10001934,LOC00335,Standard Class,51.84,8,0.0,25.4016
3112,CA-2016-121671,20160717,AA-10480,OFF-ST-10000078,LOC00335,Standard Class,265.17,1,0.0,47.7306
3113,CA-2016-150350,20160823,MS-17770,TEC-MA-10001972,LOC00060,Standard Class,837.6,3,0.2,62.82
3114,CA-2016-150350,20160823,MS-17770,OFF-EN-10002504,LOC00060,Standard Class,135.9,5,0.0,63.873
3115,CA-2016-150350,20160823,MS-17770,OFF-PA-10002160,LOC00060,Standard Class,34.68,6,0.0,16.9932
3116,CA-2016-150350,20160823,MS-17770,FUR-CH-10001973,LOC00060,Standard Class,532.704,6,0.2,-39.9528
3117,CA-2016-150350,20160823,MS-17770,OFF-AP-10001492,LOC00060,Standard Class,43.1,5,0.0,11.206
3118,CA-2016-150350,20160823,MS-17770,OFF-SU-10002189,LOC00060,Standard Class,15.88,4,0.0,0.1588
3119,CA-2015-121720,20150611,JE-15610,FUR-CH-10003312,LOC00153,First Class,1123.92,5,0.2,-182.637
3120,CA-2015-121720,20150611,JE-15610,TEC-PH-10002496,LOC00153,First Class,249.584,2,0.2,31.198
3121,CA-2015-121720,20150611,JE-15610,FUR-FU-10003464,LOC00153,First Class,48.672,3,0.2,7.3008
3122,CA-2015-121720,20150611,JE-15610,OFF-AR-10000380,LOC00153,First Class,60.768,2,0.2,7.596
3123,CA-2015-121720,20150611,JE-15610,OFF-BI-10004593,LOC00153,First Class,78.6,5,0.7,-62.88
3124,CA-2015-121720,20150611,JE-15610,OFF-BI-10001308,LOC00153,First Class,3.768,2,0.7,-3.14
3125,CA-2015-121720,20150611,JE-15610,OFF-ST-10001780,LOC00153,First Class,1036.624,2,0.2,51.8312
3126,CA-2015-121720,20150611,JE-15610,OFF-ST-10003816,LOC00153,First Class,563.808,4,0.2,21.1428
3127,CA-2017-149895,20170908,EB-14110,TEC-PH-10002200,LOC00064,Standard Class,258.528,2,0.4,-47.3968
3128,CA-2017-147564,20171002,BP-11155,OFF-PA-10004438,LOC00165,Standard Class,49.12,4,0.0,23.0864
3129,CA-2014-136399,20141216,CC-12100,FUR-FU-10004090,LOC00014,First Class,44.46,2,0.0,14.6718
3130,CA-2014-136399,20141216,CC-12100,FUR-CH-10002602,LOC00014,First Class,241.568,2,0.2,18.1176
3131,CA-2014-136399,20141216,CC-12100,TEC-AC-10001142,LOC00014,First Class,395.0,5,0.0,39.5
3132,CA-2014-136399,20141216,CC-12100,TEC-PH-10004977,LOC00014,First Class,627.168,4,0.2,70.5564
3133,CA-2014-107916,20140824,JP-15460,FUR-FU-10004586,LOC00188,First Class,13.28,2,0.0,6.3744
3134,CA-2014-107916,20140824,JP-15460,OFF-BI-10001116,LOC00188,First Class,12.672,3,0.2,4.4352
3135,CA-2017-164168,20171112,LS-16975,OFF-BI-10000666,LOC00177,Standard Class,30.56,5,0.8,-45.84
3136,CA-2017-164168,20171112,LS-16975,OFF-ST-10002583,LOC00177,Standard Class,77.952,3,0.2,-15.5904
3137,CA-2017-164168,20171112,LS-16975,TEC-PH-10004908,LOC00177,Standard Class,67.992,1,0.2,8.499
3138,CA-2017-164168,20171112,LS-16975,OFF-EN-10001219,LOC00177,Standard Class,12.224,2,0.2,4.4312
3139,CA-2017-164168,20171112,LS-16975,TEC-AC-10004568,LOC00177,Standard Class,44.784,2,0.2,-0.5598
3140,CA-2017-164168,20171112,LS-16975,FUR-FU-10001756,LOC00177,Standard Class,22.848,3,0.6,-17.7072
3141,CA-2015-112557,20150425,JL-15850,OFF-AP-10002311,LOC00046,First Class,206.43,3,0.0,90.8292
3142,US-2014-122959,20141212,CY-12745,OFF-BI-10003650,LOC00066,Same Day,210.392,2,0.8,-336.6272
3143,CA-2017-162572,20170925,RB-19360,TEC-AC-10003628,LOC00094,Second Class,119.96,5,0.2,35.988
3144,CA-2017-162572,20170925,RB-19360,OFF-AR-10001547,LOC00094,Second Class,10.608,6,0.2,0.9282
3145,US-2016-148110,20160905,AR-10825,FUR-CH-10002647,LOC00111,Standard Class,347.802,7,0.3,-24.843
3146,CA-2017-131828,20170211,CS-11845,FUR-CH-10004495,LOC00060,Second Class,963.136,4,0.2,108.3528
3147,CA-2017-131828,20170211,CS-11845,TEC-PH-10002923,LOC00060,Second Class,88.776,3,0.2,7.7679
3148,CA-2014-109218,20140630,AR-10825,OFF-AR-10001374,LOC00026,Second Class,32.4,5,0.0,10.368
3149,CA-2016-120558,20160607,RD-19810,OFF-PA-10003441,LOC00046,First Class,32.4,5,0.0,15.552
3150,US-2014-109036,20141220,KH-16510,OFF-LA-10002043,LOC00006,Standard Class,31.05,3,0.0,14.904
3151,CA-2015-147830,20151215,NF-18385,TEC-AC-10002049,LOC00056,First Class,2025.36,6,0.2,607.608
3152,CA-2015-147830,20151215,NF-18385,TEC-MA-10000418,LOC00056,First Class,1799.994,2,0.7,-2639.9912
3153,CA-2015-147830,20151215,NF-18385,TEC-PH-10004908,LOC00056,First Class,101.988,2,0.4,-16.998
3154,CA-2015-147830,20151215,NF-18385,FUR-FU-10004091,LOC00056,First Class,262.864,7,0.2,69.0018
3155,CA-2017-150497,20170720,SM-20950,OFF-BI-10004600,LOC00433,Standard Class,735.98,2,0.0,331.191
3156,CA-2014-128986,20140803,GH-14410,OFF-PA-10001289,LOC00277,Second Class,93.024,3,0.2,33.7212
3157,CA-2015-139584,20150824,EM-13810,FUR-TA-10001539,LOC00030,Standard Class,284.364,2,0.4,-75.8304
3158,CA-2015-139584,20150824,EM-13810,TEC-AC-10001266,LOC00030,Standard Class,26.0,2,0.0,11.7
3159,US-2016-162677,20160326,DB-13210,OFF-ST-10001291,LOC00223,First Class,67.64,5,0.2,5.9185
3160,US-2016-162677,20160326,DB-13210,TEC-AC-10001314,LOC00223,First Class,119.976,3,0.2,-17.9964
3161,US-2014-150924,20140912,PT-19090,OFF-BI-10004040,LOC00033,Second Class,5.18,5,0.8,-8.029
3162,CA-2014-153969,20140921,HF-14995,OFF-EN-10001539,LOC00010,Standard Class,15.56,2,0.0,7.3132
3163,CA-2014-153969,20140921,HF-14995,OFF-EN-10004483,LOC00010,Standard Class,78.35,5,0.0,36.8245
3164,CA-2014-153969,20140921,HF-14995,OFF-AR-10001615,LOC00010,Standard Class,59.52,3,0.0,15.4752
3165,CA-2014-153969,20140921,HF-14995,OFF-PA-10000327,LOC00010,Standard Class,38.52,9,0.0,17.334
3166,CA-2014-153969,20140921,HF-14995,TEC-PH-10001299,LOC00010,Standard Class,239.984,2,0.2,23.9984
3167,CA-2014-153969,20140921,HF-14995,OFF-PA-10002246,LOC00010,Standard Class,19.35,3,0.0,9.4815
3168,CA-2016-146682,20161029,KW-16435,FUR-FU-10002671,LOC00243,First Class,67.0,5,0.0,32.16
3169,CA-2016-138695,20160528,KC-16675,FUR-CH-10003833,LOC00395,Standard Class,390.272,8,0.2,-24.392
3170,CA-2016-138695,20160528,KC-16675,OFF-PA-10001667,LOC00395,Standard Class,62.192,13,0.2,19.435
3171,CA-2017-107461,20171221,PK-19075,OFF-BI-10002003,LOC00038,Second Class,23.88,6,0.0,11.2236
3172,US-2016-133879,20160321,KT-16465,OFF-BI-10004465,LOC00037,Standard Class,3.168,2,0.8,-4.752
3173,US-2016-133879,20160321,KT-16465,FUR-CH-10000665,LOC00037,Standard Class,528.43,5,0.3,0.0
3174,US-2016-133879,20160321,KT-16465,OFF-AR-10004956,LOC00037,Standard Class,13.392,3,0.2,1.5066
3175,CA-2017-157483,20171111,EP-13915,OFF-AR-10004260,LOC00084,Standard Class,181.86,7,0.0,50.9208
3176,US-2017-132059,20170923,AP-10915,FUR-BO-10001811,LOC00377,Standard Class,180.588,2,0.7,-240.784
3177,US-2017-132059,20170923,AP-10915,TEC-AC-10003280,LOC00377,Standard Class,47.984,2,0.2,0.5998
3178,CA-2017-122280,20170910,SH-20395,OFF-PA-10004911,LOC00024,Same Day,18.76,2,0.0,9.0048
3179,CA-2017-105235,20171205,SM-20950,FUR-FU-10001487,LOC00165,Standard Class,20.94,3,0.0,6.0726
3180,CA-2017-105235,20171205,SM-20950,FUR-FU-10000521,LOC00165,Standard Class,58.68,2,0.0,18.1908
3181,CA-2017-105235,20171205,SM-20950,OFF-AP-10001271,LOC00165,Standard Class,254.9,5,0.0,68.823
3182,CA-2017-152912,20171109,BM-11650,OFF-BI-10004728,LOC00210,Second Class,9.64,2,0.0,4.4344
3183,CA-2017-152912,20171109,BM-11650,TEC-AC-10004666,LOC00210,Second Class,826.62,3,0.0,355.4466
3184,CA-2017-152912,20171109,BM-11650,OFF-ST-10003208,LOC00210,Second Class,1633.14,9,0.0,473.6106
3185,CA-2017-152912,20171109,BM-11650,OFF-ST-10003208,LOC00210,Second Class,544.38,3,0.0,157.8702
3186,CA-2014-123498,20141107,TC-20980,OFF-BI-10000632,LOC00017,First Class,26.046,3,0.8,-44.2782
3187,CA-2014-123498,20141107,TC-20980,OFF-EN-10004773,LOC00017,First Class,74.352,3,0.2,26.9526
3188,CA-2017-159352,20170312,KB-16585,TEC-PH-10004700,LOC00112,Standard Class,69.93,7,0.0,32.1678
3189,US-2017-146416,20171020,JE-16165,OFF-LA-10003714,LOC00434,Second Class,3.75,1,0.0,1.8
3190,US-2017-146416,20171020,JE-16165,OFF-BI-10001787,LOC00434,Second Class,20.928,4,0.2,7.5864
3191,US-2015-163783,20151227,DR-12940,OFF-ST-10002957,LOC00027,Standard Class,12.672,3,0.2,-3.168
3192,CA-2017-123981,20171002,RW-19630,TEC-PH-10002115,LOC00046,Standard Class,65.99,1,0.0,17.1574
3193,CA-2017-158953,20170604,ML-18040,OFF-BI-10002557,LOC00435,Standard Class,6.37,7,0.8,-9.555
3194,CA-2014-165428,20140901,JL-15130,OFF-BI-10002949,LOC00067,First Class,3.648,3,0.8,-6.0192
3195,CA-2014-165428,20140901,JL-15130,OFF-PA-10004100,LOC00067,First Class,31.104,6,0.2,10.8864
3196,CA-2016-169026,20160808,CM-12655,OFF-FA-10001883,LOC00130,Standard Class,23.34,3,0.0,0.2334
3197,CA-2017-109750,20170722,FH-14365,TEC-PH-10000702,LOC00030,Standard Class,29.97,3,0.0,14.0859
3198,CA-2015-149384,20150710,EH-13945,OFF-BI-10003196,LOC00287,Same Day,3.366,3,0.7,-2.244
3199,CA-2014-131527,20141201,TB-21280,TEC-PH-10001644,LOC00223,Standard Class,95.968,4,0.2,9.5968
3200,CA-2017-164000,20171218,AH-10030,OFF-AR-10003183,LOC00064,Standard Class,18.704,7,0.2,2.338
3201,CA-2014-164224,20140518,TT-21070,FUR-FU-10000308,LOC00076,Second Class,149.232,3,0.2,3.7308
3202,CA-2014-164224,20140518,TT-21070,OFF-PA-10001526,LOC00076,Second Class,15.936,4,0.2,5.7768
3203,CA-2014-158372,20141110,RD-19900,TEC-PH-10002103,LOC00089,Standard Class,601.536,8,0.2,60.1536
3204,CA-2014-158372,20141110,RD-19900,TEC-AC-10004209,LOC00089,Standard Class,10.99,1,0.0,4.2861
3205,CA-2014-158372,20141110,RD-19900,FUR-FU-10000397,LOC00089,Standard Class,39.88,2,0.0,11.1664
3206,CA-2014-158372,20141110,RD-19900,OFF-PA-10002137,LOC00089,Standard Class,62.24,8,0.0,28.008
3207,CA-2014-158372,20141110,RD-19900,FUR-FU-10001867,LOC00089,Standard Class,53.2,5,0.0,14.896
3208,CA-2014-158372,20141110,RD-19900,OFF-LA-10000407,LOC00089,Standard Class,39.84,8,0.0,18.3264
3209,CA-2016-108882,20160109,LA-16780,TEC-AC-10000420,LOC00254,Standard Class,349.95,5,0.0,118.983
3210,CA-2016-108882,20160109,LA-16780,TEC-PH-10002726,LOC00254,Standard Class,377.928,9,0.2,141.723
3211,US-2017-108245,20170922,SH-19975,OFF-EN-10001415,LOC00436,Standard Class,13.392,3,0.2,5.022
3212,US-2017-108245,20170922,SH-19975,OFF-BI-10000773,LOC00436,Standard Class,11.228,7,0.8,-18.5262
3213,CA-2014-142314,20141223,SF-20200,OFF-AP-10002350,LOC00239,Standard Class,207.24,11,0.0,58.0272
3214,CA-2016-132409,20160526,TH-21235,OFF-AR-10001919,LOC00064,Standard Class,1.504,1,0.2,0.1692
3215,CA-2016-132409,20160526,TH-21235,OFF-AP-10002082,LOC00064,Standard Class,34.848,2,0.2,6.534
3216,CA-2017-150189,20170708,VG-21790,OFF-LA-10002762,LOC00437,First Class,75.18,6,0.0,35.3346
3217,CA-2014-114433,20140513,NP-18325,TEC-AC-10002800,LOC00233,Standard Class,149.97,3,0.0,52.4895
3218,CA-2017-104640,20171110,FH-14275,OFF-BI-10003925,LOC00024,Standard Class,931.176,3,0.2,314.2719
3219,CA-2017-104640,20171110,FH-14275,TEC-PH-10002200,LOC00024,Standard Class,430.88,2,0.0,124.9552
3220,US-2015-137008,20151002,JP-15460,OFF-PA-10001295,LOC00101,Standard Class,94.85,5,0.0,45.528
3221,US-2015-137008,20151002,JP-15460,OFF-EN-10002500,LOC00101,Standard Class,51.12,4,0.0,23.004
3222,US-2015-137008,20151002,JP-15460,TEC-AC-10000892,LOC00101,Standard Class,90.0,1,0.0,32.4
3223,CA-2014-108189,20141002,ES-14080,OFF-PA-10001838,LOC00287,First Class,9.408,2,0.2,3.4104
3224,CA-2014-108189,20141002,ES-14080,OFF-FA-10000735,LOC00287,First Class,4.672,2,0.2,1.46
3225,CA-2014-108189,20141002,ES-14080,TEC-PH-10001760,LOC00287,First Class,318.4,2,0.2,107.46
3226,CA-2014-108189,20141002,ES-14080,OFF-EN-10004846,LOC00287,First Class,12.768,6,0.2,4.6284
3227,CA-2014-108189,20141002,ES-14080,OFF-SU-10003567,LOC00287,First Class,15.36,2,0.2,-3.264
3228,CA-2014-108189,20141002,ES-14080,TEC-PH-10001557,LOC00287,First Class,230.376,3,0.2,20.1579
3229,CA-2014-108189,20141002,ES-14080,TEC-AC-10003038,LOC00287,First Class,7.16,1,0.2,-0.0895
3230,CA-2014-154641,20140811,KL-16645,OFF-ST-10004459,LOC00046,Standard Class,375.34,1,0.0,18.767
3231,CA-2017-131625,20170901,BN-11515,FUR-FU-10004960,LOC00030,Second Class,114.9,5,0.0,39.066
3232,US-2017-156356,20170416,ND-18370,OFF-BI-10000632,LOC00015,Standard Class,26.046,3,0.8,-44.2782
3233,US-2017-156356,20170416,ND-18370,OFF-BI-10001107,LOC00015,Standard Class,2.896,1,0.8,-4.7784
3234,US-2017-156356,20170416,ND-18370,OFF-ST-10002301,LOC00015,Standard Class,32.544,2,0.2,-7.7292
3235,CA-2016-138933,20160424,JL-15130,OFF-BI-10003355,LOC00216,First Class,3.984,1,0.2,1.3944
3236,CA-2016-140746,20160115,RC-19825,FUR-TA-10002903,LOC00070,Same Day,181.797,1,0.3,-15.5826
3237,CA-2016-146836,20160502,CC-12475,OFF-ST-10001580,LOC00024,Same Day,44.94,3,0.0,12.5832
3238,CA-2016-146836,20160502,CC-12475,OFF-BI-10000315,LOC00024,Same Day,45.576,3,0.2,15.9516
3239,US-2016-127971,20161120,DW-13195,FUR-CH-10003774,LOC00015,Standard Class,318.43,5,0.3,-77.333
3240,US-2016-127971,20161120,DW-13195,TEC-PH-10003095,LOC00015,Standard Class,122.92,7,0.2,46.095
3241,US-2016-127971,20161120,DW-13195,FUR-FU-10000023,LOC00015,Standard Class,7.068,3,0.6,-2.8272
3242,US-2016-140809,20160201,CK-12760,OFF-ST-10002214,LOC00102,First Class,56.45,5,0.0,14.677
3243,CA-2017-114524,20170331,EG-13900,OFF-BI-10002799,LOC00037,Second Class,13.468,13,0.8,-22.8956
3244,CA-2017-113355,20171201,SJ-20215,TEC-PH-10004912,LOC00071,Standard Class,219.8,5,0.2,24.7275
3245,CA-2017-113355,20171201,SJ-20215,FUR-CH-10002602,LOC00071,Standard Class,317.058,3,0.3,-18.1176
3246,US-2017-140907,20171210,BP-11185,TEC-AC-10004510,LOC00006,Second Class,49.08,3,0.0,4.908
3247,US-2017-140907,20171210,BP-11185,OFF-ST-10000060,LOC00006,Second Class,324.9,5,0.0,38.988
3248,US-2017-140907,20171210,BP-11185,OFF-AR-10000799,LOC00006,Second Class,18.24,3,0.0,5.2896
3249,CA-2016-159730,20160917,SJ-20125,FUR-CH-10004875,LOC00006,Standard Class,113.888,2,0.2,9.9652
3250,CA-2016-159730,20160917,SJ-20125,TEC-PH-10002085,LOC00006,Standard Class,105.584,2,0.2,7.9188
3251,CA-2016-157868,20161223,MC-17590,OFF-FA-10000992,LOC00438,Standard Class,24.85,7,0.0,11.6795
3252,CA-2017-119389,20170417,BG-11740,FUR-FU-10001473,LOC00075,First Class,60.312,3,0.2,5.2773
3253,CA-2017-110373,20171027,MA-17560,OFF-AR-10003045,LOC00027,Second Class,7.056,3,0.2,2.205
3254,CA-2017-110373,20171027,MA-17560,TEC-PH-10001536,LOC00027,Second Class,27.184,2,0.2,2.0388
3255,CA-2016-155474,20160708,CC-12220,TEC-PH-10001580,LOC00060,Standard Class,107.984,1,0.2,9.4486
3256,CA-2016-155474,20160708,CC-12220,OFF-BI-10004209,LOC00060,Standard Class,19.296,3,0.2,6.03
3257,CA-2015-155453,20150809,RA-19885,OFF-LA-10001613,LOC00134,Standard Class,4.608,2,0.2,1.6704
3258,US-2016-161844,20161209,DK-12835,FUR-TA-10001676,LOC00079,Second Class,79.974,3,0.4,-29.3238
3259,US-2016-161844,20161209,DK-12835,OFF-BI-10003712,LOC00079,Second Class,2.946,2,0.7,-2.0622
3260,US-2016-162103,20161113,LB-16795,OFF-BI-10000285,LOC00419,Standard Class,3.136,2,0.8,-4.704
3261,CA-2014-151554,20141114,CM-11815,OFF-PA-10004609,LOC00090,First Class,20.736,4,0.2,7.2576
3262,CA-2014-140662,20141117,TS-21205,TEC-AC-10001314,LOC00010,First Class,99.98,2,0.0,7.9984
3263,CA-2014-140662,20141117,TS-21205,OFF-PA-10003395,LOC00010,First Class,733.95,7,0.0,352.296
3264,CA-2014-140662,20141117,TS-21205,OFF-AP-10001242,LOC00010,First Class,241.44,3,0.0,72.432
3265,CA-2016-122518,20160304,RF-19345,OFF-LA-10001641,LOC00124,Second Class,10.08,4,0.2,3.528
3266,US-2014-126571,20141011,JF-15565,OFF-ST-10003816,LOC00075,Standard Class,281.904,2,0.2,10.5714
3267,US-2014-126571,20141011,JF-15565,OFF-EN-10002230,LOC00075,Standard Class,201.432,3,0.2,67.9833
3268,CA-2014-143840,20140522,EH-14185,TEC-PH-10002660,LOC00034,Standard Class,135.98,2,0.0,33.995
3269,CA-2014-143840,20140522,EH-14185,TEC-PH-10003171,LOC00034,Standard Class,44.95,1,0.0,12.586
3270,CA-2014-115980,20140715,VW-21775,TEC-AC-10003709,LOC00376,Standard Class,2.97,3,0.0,1.3068
3271,CA-2014-115980,20140715,VW-21775,OFF-FA-10000304,LOC00376,Standard Class,6.54,3,0.0,2.6814
3272,CA-2015-155145,20151227,KN-16450,TEC-AC-10003709,LOC00439,Second Class,7.92,8,0.0,3.4848
3273,CA-2015-146038,20150209,SJ-20215,FUR-CH-10002774,LOC00014,Standard Class,203.92,5,0.2,22.941
3274,CA-2017-133865,20170508,PS-19045,TEC-CO-10001046,LOC00004,Standard Class,3359.952,6,0.2,1049.985
3275,CA-2017-116358,20171102,KM-16225,OFF-FA-10003495,LOC00440,Standard Class,18.24,3,0.0,9.12
3276,CA-2017-116358,20171102,KM-16225,OFF-AR-10004685,LOC00440,Standard Class,27.78,6,0.0,9.1674
3277,CA-2014-102988,20140405,GM-14695,OFF-AR-10004757,LOC00213,Second Class,22.96,7,0.0,7.5768
3278,CA-2014-102988,20140405,GM-14695,TEC-PH-10001615,LOC00213,Second Class,28.99,1,0.0,8.4071
3279,CA-2014-102988,20140405,GM-14695,OFF-PA-10003349,LOC00213,Second Class,12.96,2,0.0,6.3504
3280,CA-2014-102988,20140405,GM-14695,OFF-AR-10000127,LOC00213,Second Class,22.96,7,0.0,6.6584
3281,CA-2014-102988,20140405,GM-14695,OFF-SU-10002881,LOC00213,Second Class,4164.05,5,0.0,83.281
3282,US-2014-117170,20140917,KT-16465,TEC-AC-10001109,LOC00315,Standard Class,47.984,2,0.2,13.1956
3283,US-2014-117170,20140917,KT-16465,OFF-PA-10000682,LOC00315,Standard Class,4.624,1,0.2,1.6762
3284,CA-2014-159478,20140930,MH-17785,FUR-FU-10000221,LOC00046,Standard Class,15.24,3,0.0,5.1816
3285,CA-2014-103702,20140912,AF-10885,OFF-BI-10002429,LOC00324,Standard Class,63.924,7,0.7,-46.8776
3286,CA-2017-150525,20170220,JP-16135,OFF-AR-10002375,LOC00316,Standard Class,6.56,2,0.0,1.9024
3287,CA-2017-150525,20170220,JP-16135,OFF-AP-10000595,LOC00316,Standard Class,13.11,3,0.0,3.4086
3288,CA-2015-157770,20151213,RD-19585,TEC-PH-10001530,LOC00441,First Class,494.376,3,0.2,49.4376
3289,CA-2015-157770,20151213,RD-19585,OFF-BI-10000050,LOC00441,First Class,29.2,5,0.2,9.855
3290,CA-2015-157770,20151213,RD-19585,TEC-AC-10001552,LOC00441,First Class,248.85,5,0.0,27.3735
3291,CA-2015-157770,20151213,RD-19585,TEC-AC-10003399,LOC00441,First Class,36.24,1,0.0,15.2208
3292,CA-2016-167290,20161030,JF-15295,OFF-AR-10004078,LOC00424,Standard Class,11.68,2,0.0,3.504
3293,CA-2014-106264,20141226,CK-12595,OFF-SU-10002189,LOC00143,Standard Class,11.91,3,0.0,0.1191
3294,CA-2014-106264,20141226,CK-12595,FUR-FU-10001852,LOC00143,Standard Class,3.48,2,0.0,1.1136
3295,CA-2014-138023,20140815,KH-16510,OFF-BI-10003638,LOC00177,First Class,30.96,8,0.8,-52.632
3296,CA-2017-113418,20171001,CM-12655,TEC-MA-10002428,LOC00046,First Class,1704.89,11,0.0,767.2005
3297,US-2015-110569,20150523,EB-13870,OFF-BI-10001036,LOC00052,Standard Class,19.194,7,0.7,-12.796
3298,US-2015-110569,20150523,EB-13870,OFF-AP-10004708,LOC00052,Standard Class,121.792,4,0.2,13.7016
3299,CA-2017-136308,20171116,MW-18235,TEC-MA-10000488,LOC00035,Same Day,1919.976,3,0.2,215.9973
3300,US-2014-159926,20141118,CS-11950,OFF-BI-10003656,LOC00012,Standard Class,50.997,1,0.7,-40.7976
3301,US-2014-159926,20141118,CS-11950,OFF-ST-10003656,LOC00012,Standard Class,76.792,1,0.2,-16.3183
3302,US-2014-159926,20141118,CS-11950,TEC-PH-10001128,LOC00012,Standard Class,539.964,6,0.4,-107.9928
3303,US-2014-159926,20141118,CS-11950,FUR-FU-10001473,LOC00012,Standard Class,60.312,3,0.2,5.2773
3304,US-2014-159926,20141118,CS-11950,OFF-BI-10004656,LOC00012,Standard Class,1.944,3,0.7,-1.4256
3305,CA-2014-104738,20141230,SP-20620,OFF-EN-10004955,LOC00162,Second Class,12.984,3,0.2,4.7067
3306,CA-2014-104738,20141230,SP-20620,TEC-PH-10002468,LOC00162,Second Class,217.584,2,0.2,19.0386
3307,CA-2014-104738,20141230,SP-20620,TEC-PH-10000576,LOC00162,Second Class,328.776,3,0.2,28.7679
3308,CA-2014-104738,20141230,SP-20620,OFF-BI-10002160,LOC00162,Second Class,2.286,3,0.8,-3.6576
3309,CA-2014-104738,20141230,SP-20620,TEC-AC-10003628,LOC00162,Second Class,47.984,2,0.2,14.3952
3310,CA-2015-144386,20151105,GT-14635,OFF-BI-10001116,LOC00030,Standard Class,25.344,6,0.2,8.8704
3311,CA-2016-111416,20160917,LW-17215,OFF-BI-10002026,LOC00046,Standard Class,232.4,5,0.2,78.435
3312,CA-2016-162747,20160320,AH-10030,FUR-FU-10003691,LOC00253,Second Class,86.45,7,0.0,38.038
3313,US-2014-133130,20140927,TH-21100,FUR-CH-10002602,LOC00089,Standard Class,603.92,5,0.2,45.294
3314,US-2014-133130,20140927,TH-21100,OFF-PA-10000675,LOC00089,Standard Class,81.98,2,0.0,40.1702
3315,CA-2017-169978,20171224,HG-15025,FUR-CH-10002602,LOC00188,Standard Class,271.764,2,0.1,48.3136
3316,CA-2017-169978,20171224,HG-15025,OFF-BI-10001900,LOC00188,Standard Class,14.376,3,0.2,4.8519
3317,CA-2017-161739,20171110,EB-13750,FUR-FU-10001468,LOC00218,Second Class,341.96,5,0.6,-427.45
3318,CA-2015-165057,20150911,SC-20725,OFF-AR-10004648,LOC00072,Standard Class,181.35,9,0.0,48.9645
3319,CA-2015-165057,20150911,SC-20725,OFF-LA-10003190,LOC00072,Standard Class,8.64,3,0.0,4.2336
3320,CA-2014-134551,20141220,TS-21505,OFF-AP-10004868,LOC00085,Standard Class,43.512,7,0.2,3.8073
3321,CA-2014-134551,20141220,TS-21505,FUR-CH-10004287,LOC00085,Standard Class,662.88,3,0.2,74.574
3322,CA-2014-134551,20141220,TS-21505,OFF-PA-10002689,LOC00085,Standard Class,25.92,5,0.2,9.072
3323,CA-2015-120810,20150723,TH-21550,OFF-AP-10002892,LOC00030,Standard Class,68.94,3,0.0,20.682
3324,CA-2015-120810,20150723,TH-21550,FUR-FU-10002253,LOC00030,Standard Class,128.82,3,0.0,50.2398
3325,CA-2014-165309,20141111,KD-16270,OFF-BI-10001359,LOC00015,Standard Class,896.99,5,0.8,-1480.0335
3326,CA-2014-165309,20141111,KD-16270,OFF-BI-10001267,LOC00015,Standard Class,1.234,1,0.8,-1.9744
3327,CA-2014-165309,20141111,KD-16270,OFF-AR-10003582,LOC00015,Standard Class,67.56,3,0.2,6.756
3328,CA-2014-165309,20141111,KD-16270,OFF-PA-10003724,LOC00015,Standard Class,21.72,5,0.2,7.8735
3329,CA-2014-165309,20141111,KD-16270,OFF-PA-10001033,LOC00015,Standard Class,262.336,8,0.2,95.0968
3330,CA-2014-165309,20141111,KD-16270,TEC-PH-10003505,LOC00015,Standard Class,148.48,2,0.2,16.704
3331,CA-2014-165309,20141111,KD-16270,TEC-PH-10004959,LOC00015,Standard Class,241.176,3,0.2,15.0735
3332,CA-2017-122595,20171214,GM-14455,TEC-AC-10000474,LOC00156,Standard Class,227.976,3,0.2,28.497
3333,CA-2017-122595,20171214,GM-14455,TEC-PH-10003095,LOC00156,Standard Class,52.68,3,0.2,19.755
3334,CA-2017-122595,20171214,GM-14455,FUR-FU-10002963,LOC00156,Standard Class,2.032,1,0.6,-1.3208
3335,US-2017-109253,20170821,PR-18880,OFF-AR-10000203,LOC00233,First Class,17.12,4,0.0,4.9648
3336,US-2017-109253,20170821,PR-18880,TEC-PH-10004667,LOC00233,First Class,431.968,4,0.2,37.7972
3337,US-2017-109253,20170821,PR-18880,FUR-FU-10000193,LOC00233,First Class,129.92,4,0.0,10.3936
3338,US-2017-109253,20170821,PR-18880,FUR-TA-10001539,LOC00233,First Class,568.728,3,0.2,28.4364
3339,US-2017-109253,20170821,PR-18880,OFF-BI-10000962,LOC00233,First Class,117.144,9,0.2,42.4647
3340,US-2017-109253,20170821,PR-18880,OFF-AP-10002867,LOC00233,First Class,203.52,3,0.0,54.9504
3341,US-2017-109253,20170821,PR-18880,OFF-LA-10001158,LOC00233,First Class,51.75,5,0.0,24.84
3342,CA-2016-145982,20160827,TB-21055,OFF-PA-10000675,LOC00360,Second Class,122.97,3,0.0,60.2553
3343,CA-2016-145982,20160827,TB-21055,FUR-TA-10001307,LOC00360,Second Class,244.615,1,0.3,20.967
3344,CA-2016-145982,20160827,TB-21055,TEC-PH-10000011,LOC00360,Second Class,59.97,3,0.0,28.7856
3345,CA-2016-145982,20160827,TB-21055,OFF-PA-10002666,LOC00360,Second Class,81.54,9,0.0,36.693
3346,CA-2016-145982,20160827,TB-21055,OFF-FA-10000735,LOC00360,Second Class,11.68,4,0.0,5.256
3347,CA-2016-145982,20160827,TB-21055,OFF-BI-10000174,LOC00360,Second Class,29.0,5,0.0,13.92
3348,CA-2015-112014,20150813,ON-18715,OFF-AR-10003156,LOC00442,Standard Class,50.8,5,0.0,13.208
3349,CA-2017-154732,20171105,AH-10195,OFF-BI-10000474,LOC00037,First Class,16.03,5,0.8,-25.648
3350,US-2016-157308,20160817,NM-18520,OFF-BI-10003712,LOC00060,Standard Class,15.712,4,0.2,5.6956
3351,CA-2016-147536,20161226,AR-10510,TEC-AC-10003280,LOC00024,Standard Class,89.97,3,0.0,18.8937
3352,US-2014-134733,20140923,BM-11650,FUR-BO-10002916,LOC00089,Standard Class,435.999,3,0.15,20.5176
3353,US-2014-134733,20140923,BM-11650,TEC-PH-10002726,LOC00089,Standard Class,83.984,2,0.2,31.494
3354,US-2014-150434,20140719,CA-12310,TEC-PH-10000895,LOC00320,Standard Class,359.98,2,0.0,93.5948
3355,US-2014-150434,20140719,CA-12310,FUR-TA-10004152,LOC00320,Standard Class,70.56,1,0.3,-4.032
3356,US-2014-150434,20140719,CA-12310,OFF-BI-10003694,LOC00320,Standard Class,20.88,2,0.0,9.6048
3357,US-2014-150434,20140719,CA-12310,OFF-BI-10002160,LOC00320,Standard Class,3.81,1,0.0,1.8288
3358,CA-2017-100335,20170907,NF-18595,OFF-PA-10001685,LOC00027,Standard Class,73.008,9,0.2,26.4654
3359,CA-2016-139234,20160506,AF-10870,OFF-BI-10000773,LOC00027,Standard Class,3.208,2,0.8,-5.2932
3360,CA-2016-139234,20160506,AF-10870,TEC-AC-10004510,LOC00027,Standard Class,26.176,2,0.2,-3.272
3361,US-2015-142020,20150604,TC-21535,OFF-PA-10004569,LOC00024,Second Class,30.44,4,0.0,14.3068
3362,US-2015-142020,20150604,TC-21535,FUR-FU-10000672,LOC00024,Second Class,35.28,3,0.0,11.9952
3363,CA-2015-139962,20151213,Dp-13240,OFF-PA-10004451,LOC00443,Standard Class,19.44,3,0.0,9.3312
3364,CA-2015-139962,20151213,Dp-13240,OFF-BI-10004738,LOC00443,Standard Class,37.88,2,0.0,18.94
3365,CA-2016-130050,20160716,MC-17425,FUR-FU-10001940,LOC00067,Second Class,9.552,3,0.6,-3.8208
3366,CA-2014-115161,20140131,LC-17050,FUR-BO-10003966,LOC00169,First Class,290.666,2,0.15,3.4196
3367,CA-2014-165379,20140709,BM-11650,OFF-PA-10003072,LOC00163,Standard Class,10.368,2,0.2,3.6288
3368,CA-2014-165379,20140709,BM-11650,OFF-PA-10002245,LOC00163,Standard Class,14.352,3,0.2,4.485
3369,CA-2015-115511,20151121,NW-18400,FUR-BO-10002598,LOC00122,Standard Class,141.96,2,0.0,41.1684
3370,CA-2015-115511,20151121,NW-18400,OFF-BI-10002225,LOC00122,Standard Class,66.048,4,0.2,23.1168
3371,CA-2016-134887,20160325,TB-21280,TEC-AC-10003832,LOC00137,Same Day,1287.45,5,0.0,244.6155
3372,CA-2017-123778,20170923,BS-11755,OFF-BI-10000822,LOC00035,Standard Class,25.824,6,0.2,9.0384
3373,CA-2017-123778,20170923,BS-11755,OFF-AP-10001242,LOC00035,Standard Class,160.96,2,0.0,48.288
3374,CA-2015-161718,20151204,SO-20335,FUR-FU-10002445,LOC00420,Standard Class,28.44,3,0.0,11.376
3375,CA-2015-161718,20151204,SO-20335,FUR-CH-10002372,LOC00420,Standard Class,364.41,5,0.1,8.098
3376,CA-2015-161718,20151204,SO-20335,TEC-PH-10000376,LOC00420,Standard Class,39.96,4,0.0,10.3896
3377,CA-2015-161718,20151204,SO-20335,FUR-CH-10002965,LOC00420,Standard Class,361.764,2,0.1,68.3332
3378,CA-2016-100671,20161101,CS-12490,OFF-ST-10004950,LOC00444,First Class,111.672,9,0.2,6.9795
3379,CA-2017-142867,20170317,PO-19180,OFF-BI-10003166,LOC00015,Standard Class,13.776,6,0.8,-22.0416
3380,CA-2017-142867,20170317,PO-19180,OFF-PA-10004610,LOC00015,Standard Class,10.272,3,0.2,3.21
3381,CA-2017-103156,20171123,TD-20995,FUR-FU-10000320,LOC00075,First Class,24.048,9,0.2,7.2144
3382,US-2017-162208,20170827,SP-20620,OFF-EN-10004030,LOC00086,First Class,2.896,1,0.2,0.9774
3383,CA-2015-130659,20151204,MS-17365,OFF-EN-10004147,LOC00046,Second Class,17.94,3,0.0,8.7906
3384,CA-2015-130659,20151204,MS-17365,FUR-CH-10003535,LOC00046,Second Class,384.174,7,0.1,29.8802
3385,CA-2015-130659,20151204,MS-17365,TEC-PH-10004586,LOC00046,Second Class,1799.75,5,0.0,539.925
3386,CA-2017-148404,20171007,Dp-13240,OFF-ST-10003208,LOC00044,Standard Class,580.672,4,0.2,65.3256
3387,CA-2017-148404,20171007,Dp-13240,OFF-FA-10003112,LOC00044,Standard Class,18.936,3,0.2,5.9175
3388,CA-2017-148404,20171007,Dp-13240,TEC-PH-10004447,LOC00044,Standard Class,222.384,2,0.2,16.6788
3389,CA-2017-148404,20171007,Dp-13240,OFF-BI-10002854,LOC00044,Standard Class,50.454,6,0.7,-33.636
3390,CA-2017-148404,20171007,Dp-13240,FUR-TA-10001039,LOC00044,Standard Class,154.764,3,0.4,-36.1116
3391,CA-2017-101077,20170325,DB-13660,OFF-PA-10004239,LOC00177,Second Class,6.848,2,0.2,2.14
3392,CA-2014-166471,20140809,MG-17650,TEC-PH-10001530,LOC00006,Standard Class,1091.168,4,0.2,68.198
3393,CA-2014-166471,20140809,MG-17650,TEC-PH-10000038,LOC00006,Standard Class,219.168,2,0.2,-43.8336
3394,CA-2014-105340,20141122,EH-14185,OFF-BI-10001765,LOC00090,First Class,6.928,1,0.8,-11.0848
3395,US-2017-131583,20170610,CL-11890,OFF-PA-10000380,LOC00106,Same Day,40.032,6,0.2,15.012
3396,US-2017-148362,20170701,KF-16285,OFF-ST-10001128,LOC00305,Standard Class,443.92,4,0.0,13.3176
3397,US-2017-148362,20170701,KF-16285,OFF-BI-10003656,LOC00305,Standard Class,169.99,1,0.0,78.1954
3398,US-2017-148362,20170701,KF-16285,OFF-PA-10003441,LOC00305,Standard Class,25.92,4,0.0,12.4416
3399,CA-2014-102274,20141121,DH-13075,TEC-PH-10002923,LOC00127,Standard Class,36.99,1,0.0,9.9873
3400,CA-2014-102274,20141121,DH-13075,OFF-PA-10004359,LOC00127,Standard Class,629.1,6,0.0,301.968
3401,CA-2014-102274,20141121,DH-13075,OFF-ST-10001511,LOC00127,Standard Class,193.95,3,0.0,9.6975
3402,CA-2014-102274,20141121,DH-13075,OFF-AR-10002833,LOC00127,Standard Class,5.46,3,0.0,1.4742
3403,CA-2015-129700,20150504,LA-16780,FUR-FU-10001940,LOC00445,First Class,22.288,7,0.6,-8.9152
3404,CA-2017-168739,20170529,HZ-14950,FUR-FU-10003919,LOC00015,Standard Class,65.424,4,0.6,-52.3392
3405,CA-2015-152527,20151017,CM-12190,OFF-ST-10003479,LOC00026,Same Day,77.88,2,0.0,3.894
3406,US-2014-150119,20140423,LB-16795,FUR-CH-10002965,LOC00048,Standard Class,281.372,2,0.3,-12.0588
3407,US-2014-150119,20140423,LB-16795,FUR-CH-10002965,LOC00048,Standard Class,281.372,2,0.3,-12.0588
3408,US-2014-150119,20140423,LB-16795,OFF-BI-10000145,LOC00048,Standard Class,7.488,8,0.7,-5.2416
3409,US-2014-150119,20140423,LB-16795,FUR-FU-10002191,LOC00048,Standard Class,22.336,4,0.2,7.8176
3410,US-2017-150847,20170430,JF-15490,OFF-PA-10004451,LOC00048,Standard Class,10.368,2,0.2,3.6288
3411,CA-2016-100244,20160920,GM-14695,OFF-PA-10001471,LOC00035,Standard Class,65.79,9,0.0,30.2634
3412,CA-2016-100244,20160920,GM-14695,OFF-BI-10003656,LOC00035,Standard Class,271.984,2,0.2,88.3948
3413,CA-2016-100244,20160920,GM-14695,OFF-AR-10000940,LOC00035,Standard Class,11.76,4,0.0,3.1752
3414,CA-2016-100244,20160920,GM-14695,OFF-PA-10002319,LOC00035,Standard Class,77.52,2,0.0,37.9848
3415,CA-2016-100244,20160920,GM-14695,OFF-BI-10000977,LOC00035,Standard Class,48.64,2,0.2,15.808
3416,CA-2016-116540,20160902,SS-20590,OFF-FA-10002676,LOC00008,Same Day,1.81,1,0.0,0.6516
3417,CA-2016-116540,20160902,SS-20590,OFF-BI-10004970,LOC00008,Same Day,8.26,2,0.0,3.8822
3418,CA-2015-151841,20150427,TC-21475,OFF-AP-10003971,LOC00043,Standard Class,43.56,5,0.2,3.267
3419,CA-2015-151841,20150427,TC-21475,OFF-SU-10001574,LOC00043,Standard Class,5.84,2,0.2,0.73
3420,CA-2015-150791,20150906,CC-12430,FUR-CH-10000665,LOC00024,Standard Class,271.764,2,0.1,60.392
3421,CA-2016-134803,20160528,CL-12565,OFF-AP-10000891,LOC00026,Standard Class,262.24,2,0.0,78.672
3422,CA-2016-134803,20160528,CL-12565,OFF-PA-10003790,LOC00026,Standard Class,182.72,8,0.0,84.0512
3423,CA-2016-134803,20160528,CL-12565,TEC-AC-10002217,LOC00026,Standard Class,131.6,7,0.0,7.896
3424,CA-2016-134803,20160528,CL-12565,OFF-BI-10002215,LOC00026,Standard Class,22.72,4,0.2,7.384
3425,CA-2016-134803,20160528,CL-12565,TEC-MA-10001972,LOC00026,Standard Class,558.4,2,0.2,41.88
3426,CA-2015-153381,20150924,DE-13255,OFF-BI-10001525,LOC00446,Standard Class,15.24,4,0.0,6.858
3427,CA-2015-153381,20150924,DE-13255,FUR-CH-10000988,LOC00446,Standard Class,1408.1,10,0.0,394.268
3428,US-2017-111024,20170703,SZ-20035,OFF-PA-10000174,LOC00404,Second Class,32.896,4,0.2,11.1024
3429,US-2017-111024,20170703,SZ-20035,FUR-TA-10002041,LOC00404,Second Class,215.148,2,0.4,-103.9882
3430,US-2017-111024,20170703,SZ-20035,OFF-PA-10002246,LOC00404,Second Class,30.96,6,0.2,11.223
3431,CA-2017-148264,20171208,LF-17185,OFF-ST-10003327,LOC00096,First Class,29.79,3,0.0,8.6391
3432,CA-2017-148264,20171208,LF-17185,FUR-FU-10002703,LOC00096,First Class,128.9,2,0.0,15.468
3433,CA-2017-148264,20171208,LF-17185,OFF-PA-10003651,LOC00096,First Class,60.12,9,0.0,28.8576
3434,CA-2017-131212,20171205,AB-10165,OFF-BI-10001617,LOC00293,Standard Class,24.816,3,0.2,8.3754
3435,CA-2017-131212,20171205,AB-10165,OFF-BI-10000145,LOC00293,Standard Class,14.976,6,0.2,5.4288
3436,US-2015-100531,20150927,NM-18520,OFF-BI-10001670,LOC00027,First Class,15.08,2,0.8,-22.62
3437,US-2015-100531,20150927,NM-18520,FUR-FU-10003849,LOC00027,First Class,24.288,3,0.6,-12.7512
3438,CA-2017-152583,20171030,RA-19945,FUR-FU-10003849,LOC00163,Same Day,16.192,2,0.6,-8.5008
3439,CA-2017-152583,20171030,RA-19945,FUR-TA-10002041,LOC00163,Same Day,251.006,2,0.3,-68.1302
3440,CA-2017-152583,20171030,RA-19945,OFF-ST-10002214,LOC00163,Same Day,54.192,6,0.2,4.0644
3441,CA-2015-144099,20151129,PO-19195,OFF-BI-10001078,LOC00035,Same Day,4.304,1,0.2,1.5602
3442,CA-2014-158337,20140311,KA-16525,OFF-PA-10002137,LOC00024,Second Class,108.92,14,0.0,49.014
3443,CA-2017-168858,20171119,JD-16150,OFF-EN-10001415,LOC00165,Standard Class,16.74,3,0.0,8.37
3444,CA-2017-168858,20171119,JD-16150,OFF-AP-10003849,LOC00165,Standard Class,2504.74,7,0.0,626.185
3445,CA-2016-116344,20160729,JO-15145,OFF-ST-10001713,LOC00012,Standard Class,84.784,2,0.2,-16.9568
3446,CA-2015-131779,20150612,LE-16810,OFF-ST-10001505,LOC00286,Standard Class,29.9,5,0.0,5.083
3447,CA-2016-158869,20160806,AH-10690,OFF-PA-10000474,LOC00024,First Class,70.88,2,0.0,33.3136
3448,CA-2017-102554,20170611,KN-16705,OFF-AR-10001919,LOC00342,Standard Class,3.76,2,0.0,1.0904
3449,CA-2016-162614,20161007,TB-21250,OFF-BI-10004001,LOC00014,Standard Class,27.264,2,0.2,8.8608
3450,CA-2014-168592,20140908,DP-13390,OFF-AP-10004785,LOC00095,Standard Class,56.65,5,0.0,24.3595
3451,CA-2014-168592,20140908,DP-13390,OFF-ST-10002406,LOC00095,Standard Class,14.97,1,0.0,4.1916
3452,CA-2014-168592,20140908,DP-13390,OFF-FA-10002988,LOC00095,Standard Class,4.02,2,0.0,1.9698
3453,CA-2014-157609,20140316,KN-16705,TEC-PH-10002415,LOC00315,Second Class,471.92,2,0.2,29.495
3454,CA-2015-153325,20150301,ST-20530,OFF-BI-10004236,LOC00258,Second Class,58.72,4,0.0,27.0112
3455,CA-2015-153626,20150709,EB-13870,OFF-AR-10000657,LOC00396,Standard Class,5.16,3,0.2,0.8385
3456,CA-2016-166485,20160220,AH-10210,OFF-PA-10004996,LOC00396,Standard Class,16.496,2,0.2,5.5674
3457,CA-2017-136448,20170916,AS-10090,TEC-AC-10001109,LOC00106,First Class,71.976,3,0.2,19.7934
3458,CA-2017-136448,20170916,AS-10090,FUR-FU-10003832,LOC00106,First Class,22.512,3,0.2,2.2512
3459,CA-2017-136448,20170916,AS-10090,OFF-BI-10002393,LOC00106,First Class,3.444,2,0.7,-2.7552
3460,CA-2017-136448,20170916,AS-10090,OFF-BI-10001359,LOC00106,First Class,538.194,2,0.7,-412.6154
3461,CA-2017-136448,20170916,AS-10090,TEC-AC-10003628,LOC00106,First Class,47.984,2,0.2,14.3952
3462,CA-2017-114258,20171105,EM-13825,TEC-PH-10003012,LOC00177,Second Class,492.768,4,0.2,55.4364
3463,CA-2015-152611,20150220,KA-16525,OFF-AR-10003903,LOC00348,Second Class,286.79,7,0.0,74.5654
3464,CA-2016-165470,20161125,HJ-14875,OFF-PA-10004675,LOC00134,Standard Class,5.08,1,0.2,1.651
3465,CA-2017-128699,20171203,ND-18370,TEC-AC-10001990,LOC00134,Second Class,47.992,1,0.2,7.1988
3466,US-2015-147242,20150910,EH-13765,OFF-AP-10003842,LOC00443,Standard Class,61.96,2,0.0,16.1096
3467,US-2015-147242,20150910,EH-13765,FUR-BO-10004695,LOC00443,Standard Class,361.96,2,0.0,83.2508
3468,US-2015-147242,20150910,EH-13765,OFF-PA-10003039,LOC00443,Standard Class,278.82,9,0.0,125.469
3469,CA-2016-146143,20161214,MC-17845,FUR-FU-10002045,LOC00130,Standard Class,133.38,6,0.0,58.6872
3470,CA-2015-100888,20150406,MH-17455,OFF-PA-10001019,LOC00223,Standard Class,47.952,3,0.2,16.1838
3471,US-2016-150035,20161201,CL-11890,FUR-FU-10003724,LOC00035,Standard Class,16.74,2,0.0,4.3524
3472,CA-2017-122644,20171112,SF-20965,OFF-PA-10003673,LOC00048,Standard Class,10.848,2,0.2,3.5256
3473,CA-2017-122644,20171112,SF-20965,TEC-AC-10003614,LOC00048,Standard Class,18.544,2,0.2,3.0134
3474,CA-2017-111815,20170303,EP-13915,FUR-CH-10000785,LOC00447,Standard Class,180.98,1,0.0,47.0548
3475,CA-2017-111815,20170303,EP-13915,TEC-AC-10002926,LOC00447,Standard Class,99.98,2,0.0,42.9914
3476,CA-2016-144911,20161127,RW-19630,TEC-AC-10004633,LOC00440,First Class,34.95,5,0.0,15.378
3477,CA-2016-144911,20161127,RW-19630,OFF-BI-10000977,LOC00440,First Class,152.0,5,0.0,69.92
3478,CA-2014-143385,20140831,SJ-20500,TEC-AC-10001635,LOC00448,Standard Class,92.52,9,0.0,18.504
3479,CA-2016-131289,20161208,SP-20620,OFF-AR-10003056,LOC00095,Standard Class,8.56,2,0.0,2.4824
3480,CA-2016-131289,20161208,SP-20620,OFF-PA-10003363,LOC00095,Standard Class,45.36,7,0.0,21.7728
3481,CA-2016-131289,20161208,SP-20620,FUR-TA-10003954,LOC00095,Standard Class,1421.664,6,0.2,-195.4788
3482,CA-2014-124023,20140407,PJ-19015,FUR-FU-10004415,LOC00273,First Class,8.96,2,0.0,2.7776
3483,CA-2014-124688,20140827,CC-12610,TEC-PH-10000455,LOC00029,First Class,579.95,5,0.0,168.1855
3484,CA-2014-124688,20140827,CC-12610,FUR-FU-10002456,LOC00029,First Class,29.12,4,0.0,12.5216
3485,CA-2014-124688,20140827,CC-12610,FUR-TA-10003569,LOC00029,First Class,1202.94,3,0.0,300.735
3486,CA-2016-151169,20161021,MY-18295,OFF-BI-10002813,LOC00286,Standard Class,7.92,4,0.0,3.564
3487,US-2016-134761,20161130,DB-13210,TEC-PH-10002890,LOC00449,Same Day,36.192,1,0.2,2.7144
3488,CA-2017-120705,20170905,MG-17875,OFF-ST-10001522,LOC00003,Standard Class,147.184,2,0.2,-29.4368
3489,CA-2015-157322,20150702,RH-19600,FUR-CH-10004086,LOC00450,Standard Class,408.422,2,0.3,-5.8346
3490,CA-2015-157322,20150702,RH-19600,FUR-CH-10003774,LOC00450,Standard Class,382.116,6,0.3,-92.7996
3491,CA-2015-157322,20150702,RH-19600,OFF-ST-10004507,LOC00450,Standard Class,68.6,5,0.2,6.0025
3492,CA-2015-157322,20150702,RH-19600,OFF-ST-10003208,LOC00450,Standard Class,435.504,3,0.2,48.9942
3493,CA-2015-157322,20150702,RH-19600,OFF-PA-10000659,LOC00450,Standard Class,11.168,2,0.2,3.7692
3494,CA-2017-142034,20170924,KB-16240,TEC-AC-10002305,LOC00451,Standard Class,72.0,4,0.0,12.96
3495,CA-2017-142034,20170924,KB-16240,TEC-AC-10000990,LOC00451,Standard Class,655.9,5,0.0,275.478
3496,CA-2017-142034,20170924,KB-16240,FUR-CH-10000665,LOC00451,Standard Class,603.92,4,0.0,181.176
3497,CA-2016-107328,20160808,CA-12055,FUR-TA-10001932,LOC00002,Standard Class,513.024,2,0.2,12.8256
3498,CA-2016-107328,20160808,CA-12055,OFF-AP-10004487,LOC00002,Standard Class,487.92,6,0.0,136.6176
3499,CA-2016-107328,20160808,CA-12055,OFF-BI-10002160,LOC00002,Standard Class,15.24,5,0.2,5.334
3500,CA-2016-108616,20160929,JK-15730,TEC-AC-10000420,LOC00273,Standard Class,209.97,3,0.0,71.3898
3501,CA-2016-108616,20160929,JK-15730,OFF-BI-10001989,LOC00273,Standard Class,62.94,3,0.0,30.2112
3502,CA-2016-108616,20160929,JK-15730,OFF-AR-10001149,LOC00273,Standard Class,25.92,9,0.0,7.776
3503,CA-2017-125115,20170410,RD-19930,OFF-PA-10004101,LOC00111,Same Day,10.368,2,0.2,3.6288
3504,CA-2017-125115,20170410,RD-19930,TEC-AC-10001714,LOC00111,Same Day,95.736,3,0.2,20.3439
3505,CA-2016-150945,20161218,JK-16120,OFF-ST-10003716,LOC00030,Second Class,900.08,4,0.0,117.0104
3506,CA-2014-166863,20140620,SC-20020,TEC-PH-10000369,LOC00303,Standard Class,201.584,2,0.2,20.1584
3507,CA-2014-166863,20140620,SC-20020,OFF-BI-10000756,LOC00303,Standard Class,3.392,4,0.8,-5.088
3508,CA-2014-166863,20140620,SC-20020,FUR-BO-10001608,LOC00303,Standard Class,193.0656,4,0.32,-19.8744
3509,CA-2014-166863,20140620,SC-20020,OFF-PA-10001166,LOC00303,Standard Class,15.552,3,0.2,5.4432
3510,CA-2014-166863,20140620,SC-20020,OFF-PA-10000587,LOC00303,Standard Class,11.648,2,0.2,4.0768
3511,CA-2014-166863,20140620,SC-20020,TEC-MA-10001972,LOC00303,Standard Class,418.8,2,0.4,-97.72
3512,CA-2014-166863,20140620,SC-20020,OFF-ST-10004123,LOC00303,Standard Class,509.488,7,0.2,-127.372
3513,CA-2017-140326,20170904,HW-14935,FUR-BO-10000112,LOC00156,First Class,825.174,9,0.3,-117.882
3514,CA-2017-140326,20170904,HW-14935,OFF-PA-10004041,LOC00156,First Class,17.76,3,0.2,5.55
3515,CA-2017-140326,20170904,HW-14935,OFF-AR-10001149,LOC00156,First Class,6.912,3,0.2,0.864
3516,CA-2016-168536,20161220,SC-20800,TEC-AC-10002323,LOC00130,Standard Class,66.3,3,0.0,8.619
3517,US-2016-113649,20160809,HA-14920,OFF-PA-10000130,LOC00307,First Class,30.816,9,0.2,9.63
3518,US-2016-113649,20160809,HA-14920,TEC-PH-10002350,LOC00307,First Class,44.784,2,0.2,4.4784
3519,US-2016-113649,20160809,HA-14920,OFF-AP-10002518,LOC00307,First Class,569.536,4,0.2,64.0728
3520,CA-2015-124975,20150622,MG-17875,FUR-TA-10002645,LOC00174,First Class,796.425,7,0.5,-525.6405
3521,CA-2015-168767,20150410,DM-12955,OFF-BI-10000773,LOC00380,Standard Class,12.832,2,0.2,4.3308
3522,CA-2016-114482,20161121,DM-13345,OFF-PA-10003845,LOC00194,Second Class,40.46,7,0.0,19.8254
3523,CA-2016-114482,20161121,DM-13345,TEC-PH-10001580,LOC00194,Second Class,404.94,3,0.0,109.3338
3524,CA-2016-137673,20160905,ML-17395,TEC-AC-10002345,LOC00189,Standard Class,116.0,8,0.0,29.0
3525,CA-2016-132731,20161124,GA-14515,TEC-PH-10004120,LOC00177,Standard Class,657.552,6,0.2,49.3164
3526,CA-2017-148922,20171210,SU-20665,TEC-AC-10001838,LOC00130,Second Class,599.97,3,0.0,257.9871
3527,CA-2017-148922,20171210,SU-20665,TEC-PH-10000148,LOC00130,Second Class,38.97,3,0.0,0.7794
3528,CA-2017-148922,20171210,SU-20665,OFF-BI-10003476,LOC00130,Second Class,45.84,8,0.0,22.0032
3529,CA-2016-130680,20160624,BD-11320,TEC-PH-10004833,LOC00143,Standard Class,38.24,4,0.2,-9.56
3530,CA-2015-141145,20150917,DB-13405,TEC-AC-10001465,LOC00416,Standard Class,87.168,3,0.2,10.896
3531,US-2016-152835,20160519,RP-19855,OFF-AR-10003056,LOC00378,Standard Class,21.4,5,0.0,6.206
3532,CA-2016-155565,20160528,EH-13765,OFF-SU-10001218,LOC00046,Same Day,54.9,5,0.0,15.372
3533,CA-2014-110849,20140418,JL-15835,TEC-MA-10002859,LOC00014,Standard Class,287.968,4,0.2,97.1892
3534,CA-2014-110849,20140418,JL-15835,OFF-AR-10002375,LOC00014,Standard Class,13.12,4,0.0,3.8048
3535,CA-2014-110849,20140418,JL-15835,OFF-AR-10000657,LOC00014,Standard Class,10.75,5,0.0,3.5475
3536,CA-2014-110849,20140418,JL-15835,OFF-FA-10000134,LOC00014,Standard Class,11.62,2,0.0,3.6022
3537,CA-2016-145842,20160617,FM-14380,OFF-ST-10000419,LOC00024,Second Class,40.74,3,0.0,0.4074
3538,CA-2014-158771,20140509,SB-20290,OFF-ST-10000107,LOC00001,Same Day,83.25,3,0.0,14.985
3539,CA-2014-158771,20140509,SB-20290,OFF-LA-10001641,LOC00001,Same Day,9.45,3,0.0,4.536
3540,CA-2014-158771,20140509,SB-20290,OFF-LA-10003121,LOC00001,Same Day,20.65,5,0.0,9.499
3541,CA-2014-158771,20140509,SB-20290,OFF-PA-10002689,LOC00001,Same Day,45.36,7,0.0,21.7728
3542,CA-2016-157511,20160918,SV-20365,FUR-FU-10002107,LOC00048,First Class,5.352,3,0.2,1.6056
3543,CA-2016-157511,20160918,SV-20365,FUR-CH-10002647,LOC00048,First Class,99.372,2,0.3,-7.098
3544,CA-2016-157511,20160918,SV-20365,OFF-AR-10002257,LOC00048,First Class,2.672,1,0.2,0.3674
3545,CA-2017-121216,20171223,MM-17920,OFF-PA-10004519,LOC00358,Second Class,28.672,8,0.2,10.3936
3546,CA-2017-121216,20171223,MM-17920,OFF-AP-10001947,LOC00358,Second Class,29.312,8,0.8,-74.7456
3547,CA-2017-155292,20171030,RD-19810,OFF-ST-10004963,LOC00127,First Class,105.98,7,0.0,4.2392
3548,CA-2017-155292,20171030,RD-19810,OFF-SU-10002573,LOC00127,First Class,35.06,2,0.0,10.518
3549,CA-2017-155292,20171030,RD-19810,FUR-CH-10000553,LOC00127,First Class,33.94,1,0.0,9.1638
3550,CA-2017-155292,20171030,RD-19810,OFF-LA-10001982,LOC00127,First Class,30.0,8,0.0,14.4
3551,CA-2016-152555,20160329,ME-17320,OFF-PA-10001295,LOC00156,Second Class,45.528,3,0.2,15.9348
3552,CA-2016-152555,20160329,ME-17320,FUR-CH-10002965,LOC00156,Second Class,844.116,6,0.3,-36.1764
3553,CA-2016-152555,20160329,ME-17320,TEC-PH-10001254,LOC00156,Second Class,812.736,8,0.2,60.9552
3554,CA-2017-107832,20171123,FH-14275,OFF-BI-10001658,LOC00075,Second Class,7.476,1,0.7,-5.9808
3555,CA-2014-120838,20140323,PO-18865,OFF-ST-10000585,LOC00002,Second Class,330.4,2,0.0,85.904
3556,CA-2014-120838,20140323,PO-18865,TEC-PH-10003484,LOC00002,Second Class,604.752,6,0.2,37.797
3557,CA-2017-118542,20171201,CC-12550,OFF-PA-10004735,LOC00142,Standard Class,45.36,7,0.0,21.7728
3558,CA-2017-118542,20171201,CC-12550,OFF-BI-10003429,LOC00142,Standard Class,10.128,2,0.2,3.6714
3559,CA-2017-152737,20171107,TS-21505,OFF-BI-10002982,LOC00035,Standard Class,21.792,4,0.2,7.6272
3560,CA-2017-152737,20171107,TS-21505,TEC-AC-10004975,LOC00035,Standard Class,439.8,4,0.0,145.134
3561,CA-2017-109757,20170904,MD-17350,OFF-AR-10002335,LOC00076,Second Class,8.256,4,0.2,0.6192
3562,CA-2017-109757,20170904,MD-17350,OFF-BI-10004001,LOC00076,Second Class,25.56,5,0.7,-20.448
3563,CA-2017-109757,20170904,MD-17350,OFF-BI-10001634,LOC00076,Second Class,4.368,2,0.7,-3.0576
3564,CA-2017-109757,20170904,MD-17350,OFF-PA-10000007,LOC00076,Second Class,11.52,4,0.2,3.744
3565,CA-2016-130029,20160703,GT-14755,OFF-PA-10000552,LOC00014,First Class,12.96,2,0.0,6.2208
3566,CA-2016-130029,20160703,GT-14755,OFF-FA-10001135,LOC00014,First Class,3.96,2,0.0,0.0792
3567,CA-2017-103877,20170907,RD-19660,OFF-BI-10003650,LOC00054,Standard Class,1577.94,3,0.0,757.4112
3568,CA-2016-137176,20160909,DB-12910,FUR-FU-10003832,LOC00078,Second Class,15.008,4,0.6,-12.0064
3569,CA-2017-168109,20170703,JK-15640,TEC-AC-10003628,LOC00060,Same Day,59.98,2,0.0,26.3912
3570,CA-2017-168109,20170703,JK-15640,TEC-MA-10001148,LOC00060,Same Day,2395.2,6,0.2,209.58
3571,CA-2017-168109,20170703,JK-15640,TEC-AC-10002049,LOC00060,Same Day,1687.8,4,0.0,742.632
3572,CA-2017-168109,20170703,JK-15640,TEC-PH-10000702,LOC00060,Same Day,7.992,1,0.2,2.6973
3573,US-2017-126081,20170629,FC-14335,OFF-PA-10003953,LOC00352,Standard Class,5.184,1,0.2,1.8144
3574,CA-2017-117023,20170807,JW-15955,OFF-AR-10003602,LOC00256,Standard Class,11.68,2,0.0,5.4896
3575,CA-2017-117023,20170807,JW-15955,OFF-AR-10004062,LOC00256,Standard Class,104.8,10,0.0,26.2
3576,CA-2015-143532,20150319,DC-12850,OFF-PA-10001560,LOC00452,Standard Class,14.496,3,0.2,4.8924
3577,CA-2016-103163,20160607,FM-14290,OFF-BI-10003305,LOC00411,Standard Class,4.784,1,0.2,1.5548
3578,CA-2016-103163,20160607,FM-14290,OFF-PA-10004000,LOC00411,Standard Class,4.73,1,0.0,2.3177
3579,CA-2016-104157,20160725,MT-17815,OFF-ST-10000321,LOC00130,Standard Class,7.89,1,0.0,0.3156
3580,CA-2016-104157,20160725,MT-17815,OFF-PA-10004665,LOC00130,Standard Class,65.5,5,0.0,32.095
3581,CA-2016-104157,20160725,MT-17815,FUR-TA-10004915,LOC00130,Standard Class,2430.08,8,0.0,388.8128
3582,CA-2017-117807,20171001,DK-13090,OFF-PA-10000994,LOC00011,Standard Class,104.85,1,0.0,50.328
3583,CA-2015-121650,20151210,KD-16495,OFF-AR-10001149,LOC00031,Standard Class,3.9,2,0.0,1.521
3584,CA-2015-121650,20151210,KD-16495,FUR-TA-10003569,LOC00031,Standard Class,801.96,2,0.0,200.49
3585,CA-2015-121650,20151210,KD-16495,FUR-CH-10004289,LOC00031,Standard Class,191.96,2,0.0,32.6332
3586,CA-2015-121650,20151210,KD-16495,OFF-LA-10001045,LOC00031,Standard Class,2.61,1,0.0,1.2006
3587,CA-2017-161823,20170903,AG-10300,OFF-AR-10002053,LOC00035,Standard Class,5.96,2,0.0,1.6688
3588,CA-2017-121839,20170924,MH-18115,TEC-PH-10002885,LOC00404,Standard Class,1169.694,3,0.4,-253.4337
3589,CA-2017-158729,20171219,AC-10450,OFF-SU-10002881,LOC00300,First Class,1665.62,2,0.0,33.3124
3590,CA-2017-146535,20171124,FM-14290,OFF-BI-10000546,LOC00127,Standard Class,2.88,1,0.0,1.4112
3591,CA-2017-146535,20171124,FM-14290,OFF-ST-10001526,LOC00127,Standard Class,1443.96,12,0.0,375.4296
3592,CA-2014-154186,20141213,RA-19285,OFF-SU-10001574,LOC00033,Second Class,2.92,1,0.2,0.365
3593,CA-2016-108434,20161205,JG-15160,OFF-ST-10002615,LOC00024,Second Class,465.18,3,0.0,120.9468
3594,CA-2016-164154,20160911,NZ-18565,OFF-BI-10001658,LOC00214,Standard Class,22.428,3,0.7,-17.9424
3595,CA-2016-164154,20160911,NZ-18565,OFF-ST-10002562,LOC00214,Standard Class,37.52,5,0.2,3.752
3596,CA-2017-148012,20171209,KM-16225,OFF-AR-10004757,LOC00106,Standard Class,2.624,1,0.2,0.4264
3597,CA-2014-102869,20140909,LC-17140,OFF-PA-10000788,LOC00012,Second Class,15.552,3,0.2,5.4432
3598,CA-2014-102869,20140909,LC-17140,TEC-AC-10002134,LOC00012,Second Class,64.704,6,0.2,-4.8528
3599,CA-2014-102869,20140909,LC-17140,FUR-FU-10002456,LOC00012,Second Class,17.472,3,0.2,5.0232
3600,CA-2014-102869,20140909,LC-17140,TEC-PH-10002549,LOC00012,Second Class,135.516,1,0.4,-31.6204
3601,CA-2017-138310,20170626,NP-18700,TEC-AC-10001990,LOC00077,Standard Class,431.928,9,0.2,64.7892
3602,CA-2014-159835,20141117,RB-19330,OFF-PA-10002137,LOC00106,Standard Class,12.448,2,0.2,3.89
3603,CA-2014-159835,20141117,RB-19330,FUR-CH-10004997,LOC00106,Standard Class,657.93,5,0.3,-93.99
3604,CA-2017-112956,20170821,TH-21550,OFF-PA-10000357,LOC00210,Standard Class,277.4,5,0.0,133.152
3605,CA-2017-112956,20170821,TH-21550,FUR-FU-10003976,LOC00210,Standard Class,25.16,2,0.0,8.5544
3606,CA-2017-112956,20170821,TH-21550,FUR-FU-10004960,LOC00210,Standard Class,91.92,4,0.0,31.2528
3607,CA-2016-119683,20160312,CK-12595,OFF-EN-10001099,LOC00024,Second Class,29.34,3,0.0,13.4964
3608,CA-2014-163559,20140923,ST-20530,OFF-BI-10002026,LOC00046,Second Class,139.44,3,0.2,47.061
3609,CA-2014-140228,20140428,GB-14530,OFF-LA-10001613,LOC00056,Standard Class,6.912,3,0.2,2.5056
3610,CA-2014-140228,20140428,GB-14530,OFF-ST-10002214,LOC00056,Standard Class,27.096,3,0.2,2.0322
3611,CA-2014-140228,20140428,GB-14530,OFF-ST-10001128,LOC00056,Standard Class,177.568,2,0.2,-37.7332
3612,US-2016-131674,20161129,NC-18535,TEC-AC-10004864,LOC00163,Second Class,58.416,2,0.2,16.7946
3613,CA-2015-110093,20151203,AB-10255,OFF-PA-10000174,LOC00064,Standard Class,16.448,2,0.2,5.5512
3614,CA-2015-110093,20151203,AB-10255,TEC-AC-10000171,LOC00064,Standard Class,36.784,2,0.2,10.5754
3615,CA-2017-112529,20171119,SC-20770,FUR-TA-10002622,LOC00066,First Class,718.116,6,0.3,-71.8116
3616,CA-2017-112529,20171119,SC-20770,OFF-AR-10001915,LOC00066,First Class,31.776,4,0.2,8.7384
3617,CA-2016-154536,20160905,JC-15340,OFF-BI-10004410,LOC00075,Standard Class,9.555,5,0.7,-7.3255
3618,CA-2017-141929,20170904,RA-19285,OFF-BI-10004632,LOC00026,Standard Class,487.984,2,0.2,152.495
3619,CA-2017-141929,20170904,RA-19285,TEC-PH-10002185,LOC00026,Standard Class,5.56,1,0.2,1.7375
3620,CA-2017-141929,20170904,RA-19285,OFF-ST-10002974,LOC00026,Standard Class,217.85,5,0.0,65.355
3621,CA-2016-109743,20160922,SH-19975,OFF-AR-10003727,LOC00298,Standard Class,40.776,3,0.2,4.5873
3622,CA-2016-109743,20160922,SH-19975,TEC-PH-10004071,LOC00298,Standard Class,63.936,8,0.2,5.5944
3623,CA-2014-159184,20140914,JC-15775,FUR-FU-10002878,LOC00258,Standard Class,142.4,5,0.0,52.688
3624,CA-2014-159184,20140914,JC-15775,OFF-BI-10001890,LOC00258,Standard Class,7.16,2,0.0,3.4368
3625,CA-2017-113530,20170519,BC-11125,FUR-CH-10002647,LOC00010,Second Class,681.408,12,0.2,42.588
3626,CA-2017-113530,20170519,BC-11125,OFF-AR-10001315,LOC00010,Second Class,3.52,2,0.0,1.0208
3627,CA-2017-113530,20170519,BC-11125,OFF-AR-10000122,LOC00010,Second Class,5.58,1,0.0,1.395
3628,CA-2017-113530,20170519,BC-11125,TEC-AC-10001465,LOC00010,Second Class,36.32,1,0.0,10.896
3629,CA-2014-169726,20140809,JH-15985,OFF-BI-10004600,LOC00006,Standard Class,2060.744,7,0.2,643.9825
3630,CA-2017-155957,20171126,CC-12610,OFF-AP-10002082,LOC00048,Standard Class,52.272,3,0.2,9.801
3631,CA-2017-155957,20171126,CC-12610,OFF-AP-10004708,LOC00048,Standard Class,213.136,7,0.2,23.9778
3632,CA-2017-132178,20170503,DB-12970,OFF-ST-10000464,LOC00026,Second Class,69.52,2,0.0,19.4656
3633,CA-2017-132178,20170503,DB-12970,OFF-ST-10000025,LOC00026,Second Class,763.44,8,0.0,45.8064
3634,CA-2016-145177,20161110,PP-18955,OFF-LA-10001613,LOC00158,Standard Class,9.216,4,0.2,3.3408
3635,CA-2016-145177,20161110,PP-18955,TEC-PH-10000376,LOC00158,Standard Class,41.958,7,0.4,-9.7902
3636,CA-2016-145177,20161110,PP-18955,OFF-PA-10004039,LOC00158,Standard Class,89.568,2,0.2,32.4684
3637,CA-2016-145177,20161110,PP-18955,OFF-PA-10001776,LOC00158,Standard Class,22.248,3,0.2,7.5087
3638,CA-2016-145177,20161110,PP-18955,OFF-AP-10002457,LOC00158,Standard Class,334.88,4,0.2,29.302
3639,CA-2016-145177,20161110,PP-18955,FUR-FU-10000758,LOC00158,Standard Class,148.288,7,0.2,29.6576
3640,CA-2016-145177,20161110,PP-18955,OFF-PA-10000682,LOC00158,Standard Class,4.624,1,0.2,1.6762
3641,CA-2016-145177,20161110,PP-18955,TEC-AC-10002550,LOC00158,Standard Class,178.92,7,0.2,-29.0745
3642,CA-2016-145177,20161110,PP-18955,OFF-BI-10002082,LOC00158,Standard Class,69.888,7,0.7,-46.592
3643,CA-2014-156594,20141220,MC-17845,OFF-BI-10004632,LOC00142,Second Class,487.984,2,0.2,152.495
3644,CA-2014-156594,20141220,MC-17845,OFF-AR-10001725,LOC00142,Second Class,47.3,2,0.0,12.298
3645,CA-2014-156594,20141220,MC-17845,OFF-AR-10004269,LOC00142,Second Class,4.13,1,0.0,1.1564
3646,CA-2014-156594,20141220,MC-17845,OFF-BI-10003007,LOC00142,Second Class,155.12,5,0.2,50.414
3647,CA-2014-146528,20140725,VF-21715,OFF-PA-10002195,LOC00063,Second Class,6.48,1,0.0,3.1752
3648,CA-2014-146528,20140725,VF-21715,OFF-SU-10002522,LOC00063,Second Class,15.52,4,0.0,4.5008
3649,CA-2015-168459,20151122,MC-17275,OFF-BI-10003712,LOC00032,Standard Class,2.946,2,0.7,-2.0622
3650,CA-2015-168459,20151122,MC-17275,OFF-FA-10004854,LOC00032,Standard Class,55.104,6,0.2,18.5976
3651,CA-2017-109960,20171209,DB-13210,TEC-AC-10004859,LOC00152,Second Class,104.88,6,0.0,41.952
3652,CA-2017-109960,20171209,DB-13210,OFF-AR-10001860,LOC00152,Second Class,34.7,5,0.0,12.492
3653,CA-2017-109960,20171209,DB-13210,OFF-BI-10001636,LOC00152,Second Class,33.72,4,0.0,15.5112
3654,CA-2017-109960,20171209,DB-13210,OFF-PA-10000349,LOC00152,Second Class,14.94,3,0.0,7.0218
3655,CA-2017-133004,20170831,AJ-10945,OFF-AP-10002439,LOC00453,Standard Class,638.73,9,0.0,166.0698
3656,CA-2017-168102,20170424,CP-12340,OFF-ST-10001370,LOC00134,Standard Class,113.568,2,0.2,-21.294
3657,CA-2017-158036,20170908,DB-13555,TEC-AC-10002558,LOC00083,Standard Class,9.096,1,0.2,1.7055
3658,CA-2015-128083,20150312,EB-13750,OFF-EN-10004030,LOC00454,Standard Class,8.688,3,0.2,2.9322
3659,CA-2015-128083,20150312,EB-13750,FUR-FU-10003194,LOC00454,Standard Class,30.88,4,0.2,3.86
3660,CA-2015-128083,20150312,EB-13750,FUR-FU-10001731,LOC00454,Standard Class,6.408,3,0.2,1.4418
3661,CA-2016-161676,20160718,JP-15460,OFF-SU-10004782,LOC00277,Standard Class,33.8,5,0.2,4.225
3662,CA-2016-155005,20160613,SC-20050,TEC-PH-10003484,LOC00031,Second Class,377.97,3,0.0,94.4925
3663,US-2017-129777,20170703,FM-14290,TEC-AC-10003590,LOC00360,Standard Class,258.9,10,0.0,93.204
3664,US-2017-129777,20170703,FM-14290,OFF-PA-10001970,LOC00360,Standard Class,24.56,2,0.0,11.5432
3665,CA-2014-129364,20141208,TB-21250,OFF-LA-10001569,LOC00161,Standard Class,27.888,7,0.2,9.0636
3666,CA-2014-129364,20141208,TB-21250,OFF-BI-10001132,LOC00161,Standard Class,6.456,4,0.7,-4.5192
3667,CA-2014-129364,20141208,TB-21250,TEC-PH-10003095,LOC00161,Standard Class,52.68,3,0.2,19.755
3668,CA-2014-129364,20141208,TB-21250,OFF-SU-10000432,LOC00161,Standard Class,13.88,5,0.2,-2.6025
3669,CA-2014-129364,20141208,TB-21250,TEC-AC-10004227,LOC00161,Standard Class,103.92,10,0.2,-18.186
3670,CA-2014-129364,20141208,TB-21250,OFF-LA-10004409,LOC00161,Standard Class,11.52,5,0.2,3.744
3671,CA-2014-129364,20141208,TB-21250,OFF-PA-10001569,LOC00161,Standard Class,10.368,2,0.2,3.6288
3672,CA-2014-129364,20141208,TB-21250,OFF-ST-10001031,LOC00161,Standard Class,39.072,3,0.2,2.9304
3673,CA-2016-104969,20160408,EH-14125,OFF-EN-10002312,LOC00413,Standard Class,8.872,1,0.2,3.2161
3674,CA-2016-104969,20160408,EH-14125,OFF-BI-10004224,LOC00413,Standard Class,121.104,6,0.7,-100.92
3675,CA-2017-154109,20171106,ML-17410,FUR-CH-10003774,LOC00106,Standard Class,127.372,2,0.3,-30.9332
3676,CA-2017-154109,20171106,ML-17410,OFF-PA-10000157,LOC00106,Standard Class,47.952,3,0.2,16.1838
3677,CA-2015-156440,20151205,MH-17620,FUR-FU-10004090,LOC00189,Standard Class,44.46,2,0.0,14.6718
3678,CA-2015-132626,20150709,BT-11680,OFF-FA-10002763,LOC00235,Standard Class,15.8,4,0.0,5.056
3679,CA-2015-132626,20150709,BT-11680,TEC-MA-10002428,LOC00235,Standard Class,464.97,3,0.0,209.2365
3680,CA-2015-132626,20150709,BT-11680,FUR-FU-10002918,LOC00235,Standard Class,181.96,2,0.0,20.0156
3681,CA-2015-132626,20150709,BT-11680,OFF-LA-10000476,LOC00235,Standard Class,12.39,3,0.0,5.6994
3682,CA-2015-132626,20150709,BT-11680,OFF-BI-10002854,LOC00235,Standard Class,84.09,3,0.0,42.045
3683,CA-2015-132626,20150709,BT-11680,OFF-AR-10002987,LOC00235,Standard Class,79.36,4,0.0,32.5376
3684,CA-2015-132626,20150709,BT-11680,OFF-BI-10004001,LOC00235,Standard Class,153.36,9,0.0,70.5456
3685,CA-2015-132626,20150709,BT-11680,OFF-BI-10001634,LOC00235,Standard Class,43.68,6,0.0,21.4032
3686,CA-2015-132626,20150709,BT-11680,OFF-ST-10003722,LOC00235,Standard Class,98.21,7,0.0,28.4809
3687,CA-2016-102792,20161213,JC-15340,OFF-AR-10004757,LOC00216,Standard Class,9.84,3,0.0,3.2472
3688,CA-2016-108567,20160520,DB-13210,OFF-BI-10004140,LOC00455,Standard Class,2.694,2,0.7,-2.245
3689,CA-2017-140760,20170602,DO-13435,OFF-PA-10002479,LOC00155,Second Class,25.344,6,0.2,7.92
3690,CA-2017-140760,20170602,DO-13435,OFF-EN-10001141,LOC00155,Second Class,43.92,5,0.2,15.921
3691,US-2015-131359,20151030,FA-14230,TEC-MA-10000597,LOC00077,Second Class,59.994,2,0.7,-45.9954
3692,US-2015-131359,20151030,FA-14230,TEC-CO-10001571,LOC00077,Second Class,439.992,1,0.2,164.997
3693,US-2015-131359,20151030,FA-14230,TEC-PH-10004531,LOC00077,Second Class,87.96,5,0.2,30.786
3694,US-2015-131359,20151030,FA-14230,FUR-FU-10003026,LOC00077,Second Class,15.488,4,0.2,3.6784
3695,CA-2016-142097,20161015,QJ-19255,OFF-BI-10002082,LOC00029,Standard Class,232.96,7,0.0,116.48
3696,CA-2016-142097,20161015,QJ-19255,OFF-EN-10002312,LOC00029,Standard Class,66.54,6,0.0,32.6046
3697,CA-2016-142097,20161015,QJ-19255,OFF-AP-10000696,LOC00029,Standard Class,43.26,3,0.0,14.2758
3698,CA-2015-151680,20151119,TC-21475,FUR-FU-10000305,LOC00061,Second Class,141.96,2,0.0,22.7136
3699,CA-2014-140039,20140913,ON-18715,OFF-ST-10001034,LOC00287,Standard Class,79.4,5,0.2,5.955
3700,CA-2017-160416,20171113,AD-10180,TEC-AC-10004114,LOC00232,Second Class,163.96,4,0.0,70.5028
3701,CA-2017-169411,20171224,AC-10615,FUR-FU-10001602,LOC00145,Standard Class,37.93,1,0.0,6.8274
3702,CA-2016-126543,20160109,MF-17665,FUR-FU-10002445,LOC00214,Second Class,15.168,2,0.2,3.792
3703,CA-2015-104941,20150613,DH-13075,OFF-AR-10004269,LOC00034,Standard Class,24.78,6,0.0,6.9384
3704,CA-2015-104941,20150613,DH-13075,OFF-BI-10001249,LOC00034,Standard Class,19.14,3,0.0,8.8044
3705,CA-2015-104941,20150613,DH-13075,TEC-CO-10004202,LOC00034,Standard Class,899.97,3,0.0,314.9895
3706,CA-2015-104941,20150613,DH-13075,OFF-PA-10003363,LOC00034,Standard Class,32.4,5,0.0,15.552
3707,CA-2017-160087,20170318,EN-13780,OFF-AR-10001915,LOC00078,Standard Class,23.832,3,0.2,6.5538
3708,CA-2014-120544,20141123,SS-20140,FUR-FU-10001940,LOC00352,Standard Class,6.368,2,0.6,-2.5472
3709,CA-2014-120544,20141123,SS-20140,OFF-AP-10004336,LOC00352,Standard Class,34.176,3,0.8,-87.1488
3710,CA-2014-120544,20141123,SS-20140,TEC-AC-10003709,LOC00352,Standard Class,5.544,7,0.2,1.6632
3711,CA-2017-113670,20171015,RS-19765,FUR-TA-10001705,LOC00063,First Class,510.24,3,0.2,6.378
3712,CA-2017-113670,20171015,RS-19765,OFF-PA-10000675,LOC00063,First Class,204.95,5,0.0,100.4255
3713,CA-2017-166198,20170421,JW-15955,TEC-AC-10000521,LOC00006,First Class,11.54,1,0.0,3.462
3714,CA-2017-166198,20170421,JW-15955,FUR-FU-10004622,LOC00006,First Class,162.6,3,0.0,34.146
3715,CA-2014-135608,20141208,JK-15625,OFF-PA-10001954,LOC00225,Second Class,45.68,2,0.0,21.0128
3716,CA-2014-135608,20141208,JK-15625,FUR-CH-10002602,LOC00225,Second Class,603.92,5,0.2,45.294
3717,CA-2017-144568,20170529,JO-15550,OFF-FA-10004395,LOC00199,Standard Class,23.55,5,0.0,1.1775
3718,CA-2016-142370,20160919,TP-21130,OFF-SU-10003002,LOC00113,Standard Class,5.04,2,0.0,0.1512
3719,CA-2016-142370,20160919,TP-21130,TEC-AC-10002926,LOC00113,Standard Class,249.95,5,0.0,107.4785
3720,CA-2016-105900,20160917,BS-11590,OFF-AR-10002656,LOC00135,Standard Class,33.4,5,0.0,12.358
3721,CA-2016-151155,20161220,AB-10255,FUR-FU-10001918,LOC00130,Standard Class,18.92,4,0.0,7.3788
3722,CA-2016-151155,20161220,AB-10255,OFF-BI-10003910,LOC00130,Standard Class,15.42,2,0.0,6.939
3723,CA-2017-144036,20171122,FO-14305,OFF-AR-10000122,LOC00033,Standard Class,35.712,8,0.2,2.232
3724,US-2014-169789,20141230,MF-17665,OFF-BI-10004600,LOC00052,Standard Class,551.985,5,0.7,-459.9875
3725,CA-2017-127264,20170403,SA-20830,OFF-AR-10003045,LOC00156,First Class,7.056,3,0.2,2.205
3726,CA-2016-151512,20161226,SH-19975,OFF-AP-10000252,LOC00077,Standard Class,18.72,2,0.2,3.51
3727,CA-2016-165169,20160605,JL-15235,OFF-ST-10001496,LOC00286,Standard Class,360.38,2,0.0,93.6988
3728,CA-2016-165169,20160605,JL-15235,OFF-AR-10000122,LOC00286,Standard Class,11.16,2,0.0,2.79
3729,CA-2016-165169,20160605,JL-15235,OFF-LA-10000407,LOC00286,Standard Class,14.94,3,0.0,6.8724
3730,CA-2015-109575,20150918,KH-16630,OFF-ST-10004950,LOC00235,Standard Class,41.96,2,0.0,7.9724
3731,CA-2015-109575,20150918,KH-16630,OFF-ST-10004123,LOC00235,Standard Class,636.86,7,0.0,0.0
3732,CA-2015-109575,20150918,KH-16630,TEC-PH-10000730,LOC00235,Standard Class,499.99,1,0.0,129.9974
3733,CA-2015-109575,20150918,KH-16630,TEC-PH-10000895,LOC00235,Standard Class,1259.93,7,0.0,327.5818
3734,CA-2015-109575,20150918,KH-16630,OFF-BI-10000962,LOC00235,Standard Class,65.08,4,0.0,31.8892
3735,CA-2017-168193,20170306,RM-19750,OFF-PA-10002254,LOC00165,Second Class,26.38,1,0.0,12.1348
3736,CA-2017-168193,20170306,RM-19750,FUR-FU-10002554,LOC00165,Second Class,71.97,3,0.0,16.5531
3737,CA-2016-115476,20160317,VM-21835,TEC-PH-10000673,LOC00286,Same Day,129.98,2,0.0,62.3904
3738,CA-2016-115476,20160317,VM-21835,OFF-BI-10000962,LOC00286,Same Day,32.54,2,0.0,15.9446
3739,CA-2016-133340,20161209,LH-17155,TEC-PH-10003988,LOC00031,Standard Class,10.9,1,0.0,3.052
3740,CA-2016-133340,20161209,LH-17155,TEC-AC-10001109,LOC00031,Standard Class,59.98,2,0.0,25.1916
3741,CA-2016-133340,20161209,LH-17155,OFF-AP-10002311,LOC00031,Standard Class,61.929,1,0.1,23.3954
3742,CA-2016-137848,20160115,WB-21850,OFF-EN-10001137,LOC00165,Standard Class,16.52,4,0.0,7.5992
3743,CA-2016-137848,20160115,WB-21850,OFF-PA-10004285,LOC00165,Standard Class,60.12,9,0.0,28.8576
3744,CA-2016-137848,20160115,WB-21850,OFF-BI-10002225,LOC00165,Standard Class,49.536,3,0.2,17.3376
3745,CA-2014-113047,20141024,AP-10915,OFF-FA-10002763,LOC00456,Same Day,11.85,3,0.0,3.792
3746,CA-2016-149979,20160923,RA-19915,OFF-ST-10003058,LOC00113,Second Class,118.25,5,0.0,34.2925
3747,CA-2016-149979,20160923,RA-19915,FUR-CH-10002084,LOC00113,Second Class,368.97,3,0.0,81.1734
3748,CA-2017-161956,20170827,DR-12880,FUR-FU-10002937,LOC00096,Second Class,198.46,2,0.0,99.23
3749,CA-2017-161956,20170827,DR-12880,OFF-AP-10001242,LOC00096,Second Class,321.92,4,0.0,96.576
3750,CA-2017-161956,20170827,DR-12880,TEC-CO-10001571,LOC00096,Second Class,879.984,2,0.2,329.994
3751,CA-2017-161956,20170827,DR-12880,OFF-SU-10002503,LOC00096,Second Class,28.4,5,0.0,8.236
3752,CA-2017-161956,20170827,DR-12880,FUR-CH-10004886,LOC00096,Second Class,230.28,3,0.2,23.028
3753,CA-2017-161956,20170827,DR-12880,OFF-PA-10001289,LOC00096,Second Class,116.28,3,0.0,56.9772
3754,CA-2017-161956,20170827,DR-12880,OFF-BI-10003650,LOC00096,Second Class,841.568,2,0.2,294.5488
3755,CA-2017-161956,20170827,DR-12880,OFF-ST-10001370,LOC00096,Second Class,354.9,5,0.0,17.745
3756,CA-2016-116799,20160303,JG-15310,OFF-PA-10001892,LOC00457,First Class,42.784,7,0.2,15.5092
3757,CA-2016-116799,20160303,JG-15310,FUR-CH-10004983,LOC00457,First Class,563.43,5,0.3,-56.343
3758,CA-2016-111283,20160229,LC-16870,OFF-AR-10001615,LOC00056,Standard Class,111.104,7,0.2,8.3328
3759,CA-2015-167745,20150918,GB-14530,OFF-AR-10003602,LOC00014,Standard Class,11.68,2,0.0,5.4896
3760,CA-2015-167745,20150918,GB-14530,OFF-SU-10004782,LOC00014,Standard Class,16.9,2,0.0,5.07
3761,CA-2015-167745,20150918,GB-14530,FUR-FU-10001591,LOC00014,Standard Class,24.4,2,0.0,10.248
3762,CA-2017-104577,20170512,CK-12205,OFF-PA-10000659,LOC00290,Standard Class,87.6,5,0.0,42.048
3763,CA-2016-156251,20160813,TS-21160,FUR-BO-10001337,LOC00458,Second Class,241.96,2,0.0,24.196
3764,CA-2016-156251,20160813,TS-21160,OFF-BI-10003529,LOC00458,Second Class,8.52,3,0.0,4.1748
3765,CA-2017-125878,20170225,MH-18025,OFF-BI-10002609,LOC00037,Standard Class,1.788,3,0.8,-3.0396
3766,CA-2016-163153,20160321,DM-12955,FUR-TA-10004767,LOC00067,Standard Class,99.372,2,0.3,-1.4196
3767,CA-2016-163153,20160321,DM-12955,OFF-AR-10001868,LOC00067,Standard Class,1.344,1,0.2,0.504
3768,CA-2015-103205,20151208,JJ-15760,TEC-PH-10004896,LOC00067,Second Class,119.96,5,0.2,11.996
3769,CA-2014-153913,20141216,KB-16585,FUR-CH-10000988,LOC00187,Second Class,1013.832,9,0.2,101.3832
3770,CA-2014-153913,20141216,KB-16585,OFF-FA-10000490,LOC00187,Second Class,1.984,2,0.2,0.6696
3771,CA-2016-155530,20161217,CM-12160,FUR-TA-10004256,LOC00035,Standard Class,2003.52,6,0.2,-325.572
3772,US-2016-101196,20160512,FM-14215,OFF-ST-10004804,LOC00012,Standard Class,82.368,2,0.2,-19.5624
3773,CA-2014-115357,20140806,RF-19735,TEC-AC-10000023,LOC00038,Second Class,62.91,3,0.0,22.6476
3774,US-2014-102715,20140411,JK-15370,OFF-FA-10001332,LOC00124,Second Class,6.912,3,0.2,2.3328
3775,US-2014-102715,20140411,JK-15370,TEC-AC-10002001,LOC00124,Second Class,383.976,3,0.2,81.5949
3776,US-2014-102715,20140411,JK-15370,OFF-PA-10000029,LOC00124,Second Class,10.368,2,0.2,3.6288
3777,US-2014-102715,20140411,JK-15370,TEC-AC-10001874,LOC00124,Second Class,335.944,7,0.2,41.993
3778,CA-2015-107937,20150503,JB-16045,FUR-FU-10002298,LOC00459,Standard Class,665.88,6,0.0,106.5408
3779,US-2017-148768,20171130,PN-18775,TEC-PH-10002564,LOC00124,Second Class,71.976,3,0.2,8.997
3780,CA-2017-118521,20170216,LF-17185,OFF-PA-10003465,LOC00046,Standard Class,37.94,2,0.0,18.2112
3781,CA-2014-149643,20141116,RH-19510,TEC-PH-10000038,LOC00460,Standard Class,273.96,2,0.0,10.9584
3782,CA-2015-135314,20150709,MC-17575,TEC-PH-10003072,LOC00075,Second Class,269.982,3,0.4,40.4973
3783,CA-2017-165204,20171113,MN-17935,OFF-PA-10003424,LOC00032,Second Class,8.904,3,0.2,3.339
3784,CA-2017-165204,20171113,MN-17935,OFF-ST-10003716,LOC00032,Second Class,720.064,4,0.2,-63.0056
3785,CA-2017-125752,20170731,EH-14125,TEC-AC-10003590,LOC00003,Standard Class,41.424,2,0.2,8.2848
3786,CA-2017-112487,20171226,TC-21535,OFF-BI-10000494,LOC00048,Standard Class,3.132,2,0.7,-2.61
3787,CA-2016-144218,20161031,JD-15895,OFF-ST-10002615,LOC00063,Standard Class,1085.42,7,0.0,282.2092
3788,CA-2016-169971,20160904,IL-15100,OFF-AR-10002804,LOC00017,Standard Class,3.912,1,0.2,1.0269
3789,CA-2016-169971,20160904,IL-15100,OFF-AR-10001044,LOC00017,Standard Class,62.376,3,0.2,7.0173
3790,US-2016-133508,20160417,SW-20350,OFF-FA-10000134,LOC00199,Standard Class,29.05,5,0.0,9.0055
3791,CA-2014-107139,20140705,DP-13390,OFF-BI-10001670,LOC00026,Standard Class,180.96,6,0.2,67.86
3792,CA-2015-111325,20150227,BT-11395,OFF-BI-10000343,LOC00461,First Class,4.419,3,0.7,-3.3879
3793,CA-2015-111325,20150227,BT-11395,OFF-AR-10002257,LOC00461,First Class,16.032,6,0.2,2.2044
3794,CA-2015-163762,20151127,JE-15475,OFF-AR-10001915,LOC00024,Standard Class,29.79,3,0.0,12.5118
3795,US-2014-117163,20140127,EJ-13720,OFF-ST-10003692,LOC00089,Standard Class,57.23,1,0.0,14.3075
3796,US-2014-117163,20140127,EJ-13720,FUR-TA-10003469,LOC00089,Standard Class,333.0,3,0.2,-16.65
3797,US-2014-117163,20140127,EJ-13720,OFF-AR-10003179,LOC00089,Standard Class,36.44,4,0.0,12.0252
3798,CA-2017-121314,20170923,BE-11410,OFF-PA-10003395,LOC00329,First Class,251.64,3,0.2,88.074
3799,CA-2017-147760,20171104,KL-16555,FUR-TA-10004575,LOC00308,First Class,523.764,3,0.4,-192.0468
3800,CA-2017-147760,20171104,KL-16555,TEC-PH-10002483,LOC00308,First Class,1359.96,5,0.2,118.9965
3801,CA-2016-156503,20161014,NC-18415,FUR-CH-10003606,LOC00223,Standard Class,102.592,1,0.2,10.2592
3802,CA-2016-156503,20161014,NC-18415,TEC-AC-10002473,LOC00223,Standard Class,22.704,1,0.2,5.9598
3803,CA-2016-156503,20161014,NC-18415,OFF-PA-10002319,LOC00223,Standard Class,93.024,3,0.2,33.7212
3804,CA-2016-156503,20161014,NC-18415,OFF-SU-10000946,LOC00223,Standard Class,12.768,2,0.2,1.4364
3805,CA-2016-156503,20161014,NC-18415,OFF-EN-10001335,LOC00223,Standard Class,35.008,4,0.2,13.128
3806,CA-2016-156503,20161014,NC-18415,OFF-PA-10002377,LOC00223,Standard Class,39.152,1,0.2,14.682
3807,CA-2015-113628,20151112,AH-10690,OFF-AR-10001246,LOC00454,Standard Class,11.76,5,0.2,1.323
3808,CA-2015-113628,20151112,AH-10690,OFF-BI-10003291,LOC00454,Standard Class,5.238,2,0.7,-4.0158
3809,CA-2015-113628,20151112,AH-10690,OFF-BI-10002799,LOC00454,Standard Class,4.662,3,0.7,-3.7296
3810,CA-2015-113628,20151112,AH-10690,FUR-CH-10003298,LOC00454,Standard Class,523.92,5,0.2,-72.039
3811,CA-2015-113628,20151112,AH-10690,TEC-PH-10000441,LOC00454,Standard Class,100.792,1,0.2,10.0792
3812,CA-2015-113628,20151112,AH-10690,FUR-CH-10004477,LOC00454,Standard Class,146.136,3,0.2,16.4403
3813,CA-2017-147753,20170305,PK-19075,OFF-LA-10003537,LOC00202,Same Day,25.06,2,0.0,11.7782
3814,CA-2015-103961,20151105,NG-18430,OFF-LA-10004484,LOC00117,Standard Class,19.824,6,0.2,6.4428
3815,CA-2016-152471,20160708,ZD-21925,TEC-PH-10002824,LOC00134,Same Day,823.96,5,0.2,51.4975
3816,CA-2016-152471,20160708,ZD-21925,OFF-PA-10004965,LOC00134,Same Day,15.984,2,0.2,4.995
3817,CA-2015-102582,20150915,NW-18400,FUR-TA-10003569,LOC00273,Standard Class,801.96,2,0.0,200.49
3818,CA-2015-102582,20150915,NW-18400,TEC-PH-10003187,LOC00273,Standard Class,59.97,3,0.0,0.0
3819,CA-2015-102582,20150915,NW-18400,FUR-CH-10004853,LOC00273,Standard Class,1056.86,7,0.0,306.4894
3820,CA-2017-141873,20171009,HG-14845,OFF-BI-10001031,LOC00024,Standard Class,12.816,3,0.2,4.3254
3821,CA-2017-141873,20171009,HG-14845,FUR-BO-10003034,LOC00024,Standard Class,314.352,3,0.2,-15.7176
3822,CA-2017-141873,20171009,HG-14845,OFF-PA-10000069,LOC00024,Standard Class,18.98,2,0.0,8.9206
3823,CA-2017-141873,20171009,HG-14845,OFF-BI-10003655,LOC00024,Standard Class,18.24,6,0.2,6.156
3824,CA-2015-140984,20150914,CC-12685,OFF-ST-10000585,LOC00165,Standard Class,991.2,6,0.0,257.712
3825,CA-2015-140984,20150914,CC-12685,TEC-CO-10001571,LOC00165,Standard Class,879.984,2,0.2,329.994
3826,CA-2015-140984,20150914,CC-12685,OFF-BI-10002012,LOC00165,Standard Class,12.96,9,0.2,4.536
3827,CA-2014-132801,20141007,JG-15805,OFF-ST-10001228,LOC00163,Standard Class,107.44,10,0.2,10.744
3828,CA-2017-141733,20170507,RW-19540,FUR-CH-10004086,LOC00152,Standard Class,1458.65,5,0.0,423.0085
3829,CA-2017-141733,20170507,RW-19540,FUR-CH-10002017,LOC00152,Standard Class,26.64,1,0.0,7.4592
3830,CA-2017-141733,20170507,RW-19540,FUR-CH-10000595,LOC00152,Standard Class,476.8,2,0.0,119.2
3831,CA-2017-141733,20170507,RW-19540,OFF-AP-10001563,LOC00152,Standard Class,87.444,2,0.1,18.4604
3832,US-2015-111927,20151114,LS-17230,FUR-FU-10004017,LOC00022,Standard Class,76.14,3,0.0,26.649
3833,US-2015-111927,20151114,LS-17230,OFF-BI-10002571,LOC00022,Standard Class,19.96,2,0.0,9.3812
3834,CA-2014-105984,20141124,MY-18295,TEC-PH-10000560,LOC00048,Same Day,1049.97,5,0.4,-209.994
3835,CA-2014-105984,20141124,MY-18295,FUR-CH-10000847,LOC00048,Same Day,611.058,3,0.3,-34.9176
3836,CA-2014-100363,20140408,JM-15655,OFF-FA-10000611,LOC00277,Standard Class,2.368,2,0.2,0.8288
3837,CA-2014-100363,20140408,JM-15655,OFF-PA-10004733,LOC00277,Standard Class,19.008,3,0.2,6.8904
3838,CA-2014-126760,20140726,KM-16720,TEC-PH-10001363,LOC00284,Standard Class,911.984,2,0.2,113.998
3839,CA-2014-126760,20140726,KM-16720,FUR-CH-10003312,LOC00284,Standard Class,674.352,3,0.2,-109.5822
3840,CA-2014-126760,20140726,KM-16720,FUR-FU-10004018,LOC00284,Standard Class,134.01,9,0.0,36.1827
3841,CA-2014-126760,20140726,KM-16720,TEC-AC-10004814,LOC00284,Standard Class,170.97,3,0.0,70.0977
3842,US-2014-109162,20140608,KE-16420,FUR-CH-10002647,LOC00049,Standard Class,170.352,3,0.2,10.647
3843,CA-2014-101931,20141028,TS-21370,OFF-BI-10004140,LOC00014,First Class,7.184,2,0.2,2.245
3844,CA-2014-101931,20141028,TS-21370,OFF-SU-10002301,LOC00014,First Class,6.28,2,0.0,0.0628
3845,CA-2014-101931,20141028,TS-21370,OFF-SU-10000646,LOC00014,First Class,480.74,2,0.0,14.4222
3846,CA-2014-101931,20141028,TS-21370,FUR-BO-10001337,LOC00014,First Class,616.998,6,0.15,-36.294
3847,CA-2014-101931,20141028,TS-21370,OFF-ST-10003442,LOC00014,First Class,141.4,5,0.0,38.178
3848,CA-2017-129000,20171125,SZ-20035,OFF-ST-10001097,LOC00131,Second Class,501.81,3,0.0,0.0
3849,CA-2017-161053,20170922,JE-15745,OFF-BI-10004318,LOC00146,First Class,691.96,4,0.0,318.3016
3850,CA-2017-161053,20170922,JE-15745,TEC-AC-10004633,LOC00146,First Class,34.95,5,0.0,15.378
3851,CA-2015-142377,20151204,MS-17980,OFF-PA-10001970,LOC00335,Standard Class,85.96,7,0.0,40.4012
3852,CA-2015-127593,20150921,DH-13675,FUR-FU-10004006,LOC00360,Same Day,85.3,2,0.0,14.501
3853,CA-2017-130526,20171126,GT-14755,OFF-BI-10001524,LOC00229,First Class,33.568,8,0.8,-53.7088
3854,US-2017-131849,20170606,GH-14410,FUR-FU-10004164,LOC00035,Standard Class,4.95,1,0.0,2.178
3855,US-2017-131849,20170606,GH-14410,OFF-ST-10002957,LOC00035,Standard Class,26.4,5,0.0,0.0
3856,US-2017-105389,20171023,DM-13015,OFF-BI-10004364,LOC00066,Second Class,3.564,3,0.8,-6.237
3857,US-2017-105389,20171023,DM-13015,TEC-PH-10002824,LOC00066,Second Class,823.96,5,0.2,51.4975
3858,US-2017-105389,20171023,DM-13015,OFF-AR-10000634,LOC00066,Second Class,10.272,3,0.2,0.8988
3859,CA-2014-140816,20141220,TC-21295,TEC-AC-10001539,LOC00462,Same Day,447.944,7,0.2,89.5888
3860,CA-2017-154039,20170217,JK-16120,FUR-TA-10001932,LOC00156,Standard Class,480.96,3,0.5,-269.3376
3861,CA-2017-154039,20170217,JK-16120,TEC-PH-10002789,LOC00156,Standard Class,124.792,1,0.2,10.9193
3862,CA-2014-135755,20140503,NC-18415,OFF-BI-10004828,LOC00232,Standard Class,40.176,3,0.2,14.5638
3863,CA-2014-135755,20140503,NC-18415,OFF-BI-10003981,LOC00232,Standard Class,10.896,3,0.2,3.9498
3864,CA-2017-123246,20171017,AJ-10960,OFF-AR-10001770,LOC00089,Second Class,10.64,4,0.0,2.7664
3865,CA-2015-157133,20151128,LC-16885,FUR-FU-10004904,LOC00463,Standard Class,151.96,5,0.6,-182.352
3866,CA-2014-124709,20140727,GW-14605,TEC-AC-10002842,LOC00035,Second Class,238.0,2,0.0,38.08
3867,CA-2017-146360,20170423,SC-20305,TEC-AC-10003590,LOC00453,Second Class,155.34,6,0.0,55.9224
3868,CA-2015-132486,20151023,JF-15355,TEC-AC-10000710,LOC00189,Second Class,148.32,9,0.0,63.7776
3869,CA-2015-132486,20151023,JF-15355,FUR-CH-10004495,LOC00189,Second Class,240.784,1,0.2,27.0882
3870,CA-2015-132486,20151023,JF-15355,FUR-CH-10004540,LOC00189,Second Class,191.968,7,0.2,16.7972
3871,CA-2015-132486,20151023,JF-15355,OFF-PA-10004971,LOC00189,Second Class,11.56,2,0.0,5.6644
3872,CA-2015-132486,20151023,JF-15355,OFF-EN-10002600,LOC00189,Second Class,11.8,4,0.0,5.664
3873,CA-2015-132486,20151023,JF-15355,FUR-CH-10001854,LOC00189,Second Class,842.352,3,0.2,42.1176
3874,CA-2016-136231,20160905,DM-13015,OFF-EN-10001099,LOC00341,Second Class,23.472,3,0.2,7.6284
3875,CA-2016-136231,20160905,DM-13015,OFF-BI-10001597,LOC00341,Second Class,86.058,7,0.7,-63.1092
3876,CA-2016-136231,20160905,DM-13015,TEC-PH-10002660,LOC00341,Second Class,108.784,2,0.2,6.799
3877,CA-2016-136231,20160905,DM-13015,OFF-PA-10000327,LOC00341,Second Class,10.272,3,0.2,3.21
3878,CA-2016-140641,20161028,EP-13915,OFF-BI-10001191,LOC00086,Standard Class,38.19,5,0.7,-26.733
3879,CA-2014-151001,20140405,JG-15805,OFF-ST-10003455,LOC00068,First Class,49.632,4,0.2,3.7224
3880,CA-2014-151001,20140405,JG-15805,OFF-ST-10001031,LOC00068,First Class,52.096,4,0.2,3.9072
3881,CA-2015-129896,20150615,PF-19120,OFF-PA-10002245,LOC00028,Standard Class,9.568,2,0.2,2.99
3882,CA-2015-129896,20150615,PF-19120,OFF-ST-10004804,LOC00028,Standard Class,82.368,2,0.2,-19.5624
3883,CA-2015-129896,20150615,PF-19120,FUR-FU-10004904,LOC00028,Standard Class,364.704,6,0.2,-36.4704
3884,CA-2015-129896,20150615,PF-19120,FUR-FU-10002396,LOC00028,Standard Class,40.256,4,0.2,11.0704
3885,CA-2014-152849,20140705,DW-13195,OFF-AR-10002833,LOC00366,Standard Class,4.368,3,0.2,0.3822
3886,US-2017-127341,20170129,CK-12595,OFF-BI-10001072,LOC00156,Standard Class,12.128,4,0.8,-20.6176
3887,CA-2016-167759,20160303,CC-12670,TEC-PH-10003171,LOC00464,Second Class,134.85,3,0.0,37.758
3888,CA-2014-100895,20140602,SV-20785,OFF-AR-10004511,LOC00237,Standard Class,8.56,2,0.0,2.6536
3889,CA-2014-100895,20140602,SV-20785,TEC-PH-10001425,LOC00237,Standard Class,239.97,3,0.0,67.1916
3890,CA-2014-100895,20140602,SV-20785,OFF-ST-10001490,LOC00237,Standard Class,356.94,2,0.0,107.082
3891,US-2016-163881,20161124,SP-20860,TEC-AC-10003033,LOC00002,Standard Class,659.9,2,0.0,217.767
3892,US-2016-163881,20161124,SP-20860,FUR-CH-10001394,LOC00002,Standard Class,1684.752,6,0.2,210.594
3893,US-2016-163881,20161124,SP-20860,TEC-AC-10000420,LOC00002,Standard Class,559.92,8,0.0,190.3728
3894,US-2016-144547,20161110,MS-17770,TEC-AC-10004901,LOC00067,Standard Class,279.944,7,0.2,48.9902
3895,US-2014-112200,20141122,TC-21475,OFF-BI-10002571,LOC00432,Standard Class,9.98,5,0.8,-16.467
3896,CA-2017-110212,20170501,SJ-20125,TEC-AC-10002331,LOC00465,Standard Class,48.9,5,0.0,18.093
3897,CA-2017-134285,20171207,DS-13180,OFF-FA-10000611,LOC00066,Standard Class,3.552,3,0.2,1.2432
3898,CA-2017-134285,20171207,DS-13180,OFF-PA-10000304,LOC00066,Standard Class,15.552,3,0.2,5.4432
3899,CA-2017-102267,20171130,SC-20800,OFF-FA-10000611,LOC00466,Standard Class,2.368,2,0.2,0.8288
3900,CA-2017-157980,20171207,SH-20395,TEC-AC-10002567,LOC00214,First Class,127.984,2,0.2,25.5968
3901,CA-2015-121097,20150103,SF-20965,OFF-PA-10001937,LOC00467,Standard Class,10.368,2,0.2,3.6288
3902,CA-2015-151043,20151114,MG-17680,TEC-AC-10001090,LOC00106,Standard Class,47.984,2,0.2,-1.1996
3903,US-2015-119312,20151002,CS-12400,OFF-ST-10000943,LOC00063,Second Class,270.34,14,0.0,75.6952
3904,CA-2015-167010,20150405,VT-21700,OFF-AP-10004036,LOC00106,Standard Class,98.112,7,0.2,18.396
3905,CA-2015-167010,20150405,VT-21700,OFF-ST-10003816,LOC00106,Standard Class,563.808,4,0.2,21.1428
3906,CA-2015-167010,20150405,VT-21700,OFF-BI-10002072,LOC00106,Standard Class,10.428,4,0.7,-6.952
3907,CA-2015-167010,20150405,VT-21700,FUR-FU-10001468,LOC00106,Standard Class,547.136,4,0.2,-68.392
3908,CA-2015-167010,20150405,VT-21700,TEC-PH-10000347,LOC00106,Standard Class,14.85,5,0.4,-3.2175
3909,CA-2015-167010,20150405,VT-21700,TEC-PH-10002844,LOC00106,Standard Class,41.988,2,0.4,-9.7972
3910,CA-2015-167010,20150405,VT-21700,FUR-FU-10001037,LOC00106,Standard Class,7.584,1,0.2,2.37
3911,CA-2015-167010,20150405,VT-21700,FUR-BO-10004218,LOC00106,Standard Class,352.45,5,0.5,-211.47
3912,CA-2017-126788,20170605,AB-10105,TEC-PH-10001619,LOC00436,First Class,470.376,3,0.2,52.9173
3913,CA-2017-148068,20170918,MM-18280,OFF-PA-10001639,LOC00046,Standard Class,19.44,3,0.0,9.3312
3914,CA-2017-148068,20170918,MM-18280,FUR-FU-10002268,LOC00046,Standard Class,9.82,2,0.0,3.2406
3915,US-2017-142573,20170718,ML-17410,FUR-TA-10001932,LOC00052,Standard Class,801.6,5,0.5,-448.896
3916,US-2017-142573,20170718,ML-17410,FUR-CH-10004218,LOC00052,Standard Class,161.568,2,0.2,10.098
3917,US-2017-142573,20170718,ML-17410,OFF-PA-10000246,LOC00052,Standard Class,16.096,2,0.2,5.2312
3918,US-2017-142573,20170718,ML-17410,OFF-BI-10003350,LOC00052,Standard Class,7.656,4,0.7,-6.1248
3919,US-2017-142573,20170718,ML-17410,FUR-CH-10000513,LOC00052,Standard Class,311.976,3,0.2,-42.8967
3920,US-2015-148817,20151201,KD-16495,OFF-ST-10001321,LOC00338,Standard Class,61.68,4,0.0,16.6536
3921,US-2015-148817,20151201,KD-16495,OFF-BI-10004233,LOC00338,Standard Class,63.96,4,0.0,30.7008
3922,CA-2016-110044,20160628,RF-19735,TEC-PH-10001299,LOC00027,Second Class,359.976,3,0.2,35.9976
3923,CA-2017-146920,20170828,SC-20305,OFF-PA-10002479,LOC00037,Standard Class,25.344,6,0.2,7.92
3924,CA-2017-146920,20170828,SC-20305,OFF-PA-10001461,LOC00037,Standard Class,26.72,5,0.2,9.352
3925,CA-2014-103940,20140917,BN-11515,OFF-ST-10004963,LOC00006,Standard Class,30.28,2,0.0,1.2112
3926,CA-2014-103940,20140917,BN-11515,OFF-ST-10000943,LOC00006,Standard Class,57.93,3,0.0,16.2204
3927,CA-2014-103940,20140917,BN-11515,FUR-FU-10004671,LOC00006,Standard Class,35.34,2,0.0,13.4292
3928,CA-2014-103940,20140917,BN-11515,OFF-BI-10002735,LOC00006,Standard Class,137.24,5,0.2,46.3185
3929,CA-2016-162082,20160314,JS-15880,FUR-BO-10004409,LOC00115,First Class,241.332,5,0.32,-14.196
3930,CA-2016-162082,20160314,JS-15880,OFF-PA-10001934,LOC00115,First Class,5.184,1,0.2,1.8792
3931,CA-2016-162082,20160314,JS-15880,OFF-AR-10001044,LOC00115,First Class,145.544,7,0.2,16.3737
3932,CA-2016-132094,20160826,VG-21805,OFF-AR-10004165,LOC00012,Standard Class,5.472,3,0.2,1.6416
3933,CA-2016-132094,20160826,VG-21805,TEC-AC-10001109,LOC00012,Standard Class,47.984,2,0.2,13.1956
3934,CA-2017-123001,20170902,AW-10840,OFF-AR-10001919,LOC00411,Standard Class,9.4,5,0.0,2.726
3935,CA-2017-123001,20170902,AW-10840,OFF-LA-10004544,LOC00411,Standard Class,74.0,5,0.0,37.0
3936,CA-2017-123001,20170902,AW-10840,TEC-PH-10003484,LOC00411,Standard Class,201.584,2,0.2,12.599
3937,CA-2015-118955,20150616,LS-17230,OFF-EN-10001028,LOC00071,Standard Class,28.752,3,0.2,9.3444
3938,CA-2015-118955,20150616,LS-17230,OFF-PA-10004156,LOC00071,Standard Class,27.216,3,0.2,9.8658
3939,CA-2015-118955,20150616,LS-17230,FUR-CH-10001708,LOC00071,Standard Class,197.372,2,0.3,-25.3764
3940,US-2016-143448,20161210,MH-17455,FUR-CH-10003379,LOC00468,Same Day,1424.9,5,0.0,356.225
3941,CA-2017-117863,20170518,TS-21340,FUR-FU-10002456,LOC00024,Standard Class,14.56,2,0.0,6.2608
3942,CA-2017-117863,20170518,TS-21340,OFF-BI-10000605,LOC00024,Standard Class,3.048,1,0.2,1.0287
3943,CA-2017-160458,20170527,EH-13945,OFF-PA-10001166,LOC00032,Second Class,25.92,5,0.2,9.072
3944,US-2016-142685,20160623,MG-17695,OFF-SU-10000157,LOC00251,Standard Class,835.17,7,0.0,16.7034
3945,CA-2016-133144,20160516,DO-13435,OFF-PA-10004971,LOC00002,Second Class,17.34,3,0.0,8.4966
3946,CA-2017-167871,20171118,AF-10870,OFF-PA-10001977,LOC00241,Standard Class,44.384,1,0.2,15.5344
3947,CA-2017-167871,20171118,AF-10870,OFF-SU-10001225,LOC00241,Standard Class,2.944,1,0.2,-0.6624
3948,CA-2016-119963,20161118,SN-20710,OFF-AR-10003514,LOC00090,Standard Class,6.368,2,0.2,1.0348
3949,CA-2016-119963,20161118,SN-20710,OFF-LA-10003510,LOC00090,Standard Class,48.848,2,0.2,15.8756
3950,CA-2016-119963,20161118,SN-20710,OFF-PA-10001970,LOC00090,Standard Class,19.648,2,0.2,6.6312
3951,CA-2016-119963,20161118,SN-20710,FUR-CH-10003817,LOC00090,Standard Class,255.108,6,0.3,-18.222
3952,CA-2014-121167,20141128,MO-17500,OFF-BI-10003676,LOC00266,Second Class,17.248,2,0.2,6.0368
3953,US-2016-151862,20160301,ON-18715,TEC-PH-10003535,LOC00077,Standard Class,159.984,2,0.2,13.9986
3954,CA-2017-152961,20170115,SC-20095,OFF-PA-10004675,LOC00360,Standard Class,12.7,2,0.0,5.842
3955,CA-2014-133228,20140404,MS-17710,FUR-FU-10004020,LOC00186,Standard Class,5.47,1,0.0,2.3521
3956,CA-2014-133228,20140404,MS-17710,OFF-AR-10001955,LOC00186,Standard Class,79.36,4,0.0,23.808
3957,CA-2016-114951,20160626,DN-13690,FUR-FU-10002364,LOC00010,Standard Class,22.14,3,0.0,6.4206
3958,CA-2016-156573,20160529,RB-19360,OFF-BI-10002414,LOC00396,Standard Class,11.277,3,0.7,-8.6457
3959,CA-2016-156573,20160529,RB-19360,OFF-AR-10003732,LOC00396,Standard Class,4.448,2,0.2,0.3336
3960,CA-2016-156573,20160529,RB-19360,FUR-FU-10001085,LOC00396,Standard Class,44.76,3,0.2,14.547
3961,CA-2015-113901,20151019,NH-18610,OFF-BI-10001249,LOC00084,Standard Class,38.28,6,0.0,17.6088
3962,CA-2015-113901,20151019,NH-18610,TEC-PH-10002564,LOC00084,Standard Class,149.95,5,0.0,44.985
3963,CA-2017-134838,20170219,ED-13885,OFF-AR-10000634,LOC00063,First Class,12.84,3,0.0,3.4668
3964,CA-2017-134838,20170219,ED-13885,FUR-FU-10004018,LOC00063,First Class,44.67,3,0.0,12.0609
3965,CA-2016-120257,20160922,PW-19240,OFF-AR-10003481,LOC00012,Standard Class,7.872,3,0.2,0.8856
3966,CA-2014-164910,20141112,DM-13345,OFF-AR-10003651,LOC00197,Second Class,7.872,3,0.2,0.8856
3967,CA-2016-149902,20160401,DW-13540,OFF-AR-10002956,LOC00024,Standard Class,88.04,4,0.0,22.8904
3968,CA-2016-146010,20160520,EH-14125,OFF-BI-10003638,LOC00098,First Class,40.635,7,0.7,-32.508
3969,US-2015-163685,20150601,KE-16420,OFF-BI-10001890,LOC00066,Standard Class,5.728,8,0.8,-9.1648
3970,US-2015-163685,20150601,KE-16420,OFF-PA-10002606,LOC00066,Standard Class,42.24,10,0.2,13.2
3971,CA-2014-135090,20141122,SP-20920,OFF-PA-10002245,LOC00002,Standard Class,53.82,9,0.0,24.219
3972,CA-2015-132374,20150222,PS-19045,OFF-AR-10001615,LOC00424,Second Class,79.36,4,0.0,20.6336
3973,CA-2016-167556,20160329,JM-15250,OFF-PA-10000466,LOC00030,Standard Class,13.48,2,0.0,6.74
3974,CA-2016-167556,20160329,JM-15250,OFF-BI-10003708,LOC00030,Standard Class,29.8,5,0.2,9.3125
3975,CA-2016-167556,20160329,JM-15250,FUR-FU-10004848,LOC00030,Standard Class,414.0,8,0.0,124.2
3976,CA-2016-167556,20160329,JM-15250,OFF-BI-10000320,LOC00030,Standard Class,41.328,7,0.2,14.9814
3977,US-2016-116400,20161022,EB-13930,FUR-FU-10003731,LOC00196,First Class,39.92,4,0.0,11.1776
3978,CA-2017-101308,20171002,FG-14260,OFF-FA-10002780,LOC00060,Standard Class,8.94,3,0.0,4.1124
3979,CA-2017-101308,20171002,FG-14260,TEC-PH-10003800,LOC00060,Standard Class,84.784,2,0.2,-20.1362
3980,CA-2014-114517,20141223,TH-21235,FUR-TA-10001676,LOC00024,Standard Class,53.316,2,0.4,-19.5492
3981,CA-2014-114517,20141223,TH-21235,OFF-AP-10002350,LOC00024,Standard Class,56.52,3,0.0,15.8256
3982,CA-2017-119564,20171215,PL-18925,FUR-FU-10003096,LOC00061,Standard Class,22.77,3,0.0,9.7911
3983,CA-2016-135265,20160707,CC-12370,FUR-CH-10003061,LOC00063,Second Class,287.968,4,0.2,-3.5996
3984,CA-2016-135265,20160707,CC-12370,TEC-CO-10003763,LOC00063,Second Class,2799.96,5,0.2,944.9865
3985,CA-2016-135265,20160707,CC-12370,OFF-PA-10002923,LOC00063,Second Class,48.94,1,0.0,24.47
3986,CA-2016-108735,20160417,JM-15535,FUR-BO-10003441,LOC00469,Standard Class,257.499,3,0.15,24.2352
3987,CA-2017-112333,20170408,KF-16285,OFF-ST-10001780,LOC00171,Standard Class,2591.56,4,0.0,621.9744
3988,CA-2017-112333,20170408,KF-16285,OFF-AP-10001962,LOC00171,Standard Class,41.95,5,0.0,10.4875
3989,US-2016-159415,20160417,CS-12175,FUR-FU-10003798,LOC00085,Standard Class,79.12,5,0.2,13.846
3990,CA-2014-122588,20141125,AR-10540,FUR-FU-10001095,LOC00470,Second Class,52.96,2,0.0,20.1248
3991,CA-2014-137589,20141103,MS-17770,OFF-SU-10000157,LOC00208,Standard Class,286.344,3,0.2,-64.4274
3992,CA-2015-161998,20150501,DB-13120,FUR-FU-10001095,LOC00086,Standard Class,63.552,3,0.2,14.2992
3993,CA-2015-161998,20150501,DB-13120,OFF-SU-10004261,LOC00086,Standard Class,41.376,3,0.2,4.6548
3994,CA-2015-161998,20150501,DB-13120,OFF-AR-10004022,LOC00086,Standard Class,172.704,6,0.2,10.794
3995,CA-2015-105627,20150308,DK-12895,FUR-BO-10002916,LOC00310,Standard Class,512.94,3,0.0,97.4586
3996,CA-2015-105627,20150308,DK-12895,FUR-CH-10002084,LOC00310,Standard Class,860.93,7,0.0,189.4046
3997,CA-2015-105627,20150308,DK-12895,TEC-PH-10003012,LOC00310,Standard Class,769.95,5,0.0,223.2855
3998,CA-2015-105627,20150308,DK-12895,OFF-AR-10002704,LOC00310,Standard Class,14.98,1,0.0,4.494
3999,CA-2015-105627,20150308,DK-12895,FUR-FU-10000308,LOC00310,Standard Class,373.08,6,0.0,82.0776
4000,US-2015-149629,20150717,MP-17965,FUR-BO-10004709,LOC00455,Second Class,231.92,5,0.2,5.798
4001,CA-2014-116834,20141011,Dp-13240,FUR-FU-10001196,LOC00061,Standard Class,63.47,11,0.0,19.041
4002,CA-2014-116834,20141011,Dp-13240,TEC-AC-10002942,LOC00061,Standard Class,345.0,5,0.0,58.65
4003,CA-2016-145730,20160303,CC-12220,FUR-TA-10004915,LOC00066,Standard Class,637.896,3,0.3,-127.5792
4004,CA-2016-145730,20160303,CC-12220,TEC-MA-10001016,LOC00066,Standard Class,287.91,3,0.4,33.5895
4005,CA-2016-145730,20160303,CC-12220,OFF-EN-10000483,LOC00066,Standard Class,36.6,3,0.2,11.895
4006,US-2015-168732,20151210,KM-16660,OFF-AR-10003087,LOC00237,Standard Class,1.78,1,0.0,0.4984
4007,US-2015-168732,20151210,KM-16660,OFF-PA-10000520,LOC00237,Standard Class,25.92,4,0.0,12.4416
4008,US-2015-168732,20151210,KM-16660,TEC-AC-10001553,LOC00237,Standard Class,101.94,6,0.0,21.4074
4009,CA-2015-107468,20151218,MK-17905,OFF-AR-10000634,LOC00128,Standard Class,6.848,2,0.2,0.5992
4010,CA-2017-144463,20170101,SC-20725,FUR-FU-10001215,LOC00002,Standard Class,474.43,11,0.0,199.2606
4011,CA-2017-100811,20171121,CC-12475,OFF-PA-10001204,LOC00106,First Class,8.448,2,0.2,2.64
4012,CA-2017-100811,20171121,CC-12475,OFF-ST-10002444,LOC00106,First Class,39.296,4,0.2,3.9296
4013,CA-2015-153612,20151222,BT-11305,OFF-AR-10000203,LOC00471,Standard Class,17.12,4,0.0,4.9648
4014,CA-2015-165624,20150823,FH-14350,OFF-AP-10000828,LOC00149,Standard Class,542.94,3,0.0,152.0232
4015,CA-2015-165624,20150823,FH-14350,OFF-LA-10003190,LOC00149,Standard Class,8.64,3,0.0,4.2336
4016,CA-2015-165624,20150823,FH-14350,OFF-PA-10002319,LOC00149,Standard Class,193.8,5,0.0,94.962
4017,CA-2015-165624,20150823,FH-14350,OFF-PA-10003893,LOC00149,Standard Class,21.4,5,0.0,9.63
4018,CA-2015-165624,20150823,FH-14350,OFF-PA-10002499,LOC00149,Standard Class,97.88,2,0.0,48.94
4019,CA-2015-165624,20150823,FH-14350,TEC-AC-10004568,LOC00149,Standard Class,251.91,9,0.0,47.8629
4020,CA-2015-165624,20150823,FH-14350,OFF-AP-10001492,LOC00149,Standard Class,25.86,3,0.0,6.7236
4021,CA-2014-154963,20140622,AA-10645,FUR-CH-10004698,LOC00182,Standard Class,170.058,3,0.3,-4.8588
4022,CA-2014-154963,20140622,AA-10645,TEC-PH-10004093,LOC00182,Standard Class,82.782,3,0.4,-15.1767
4023,CA-2014-154963,20140622,AA-10645,FUR-CH-10000454,LOC00182,Standard Class,853.93,5,0.3,0.0
4024,CA-2017-130764,20171027,JO-15145,FUR-BO-10003034,LOC00095,First Class,556.665,5,0.15,6.549
4025,CA-2017-130764,20171027,JO-15145,TEC-PH-10003215,LOC00095,First Class,95.84,4,0.2,34.742
4026,CA-2017-139311,20170811,SF-20965,OFF-PA-10001776,LOC00472,First Class,29.664,4,0.2,10.0116
4027,CA-2017-139311,20170811,SF-20965,OFF-AR-10004582,LOC00472,First Class,9.184,7,0.2,2.87
4028,CA-2017-139311,20170811,SF-20965,TEC-PH-10001557,LOC00472,First Class,153.584,2,0.2,13.4386
4029,CA-2017-139311,20170811,SF-20965,OFF-BI-10004209,LOC00472,First Class,12.864,8,0.8,-22.512
4030,CA-2017-124296,20171224,CS-12355,TEC-MA-10003183,LOC00300,Standard Class,479.97,3,0.0,239.985
4031,CA-2017-124296,20171224,CS-12355,FUR-CH-10002439,LOC00300,Standard Class,232.88,4,0.0,60.5488
4032,CA-2016-169957,20160926,SN-20710,OFF-AP-10000576,LOC00473,Standard Class,236.88,6,0.0,66.3264
4033,CA-2016-169957,20160926,SN-20710,OFF-PA-10004040,LOC00473,Standard Class,29.9,5,0.0,14.651
4034,CA-2016-169957,20160926,SN-20710,TEC-AC-10003063,LOC00473,Standard Class,100.0,4,0.0,21.0
4035,US-2016-108777,20161212,JM-15655,OFF-BI-10003982,LOC00204,Same Day,18.693,3,0.7,-14.3313
4036,US-2016-108777,20161212,JM-15655,TEC-AC-10002567,LOC00204,Same Day,383.952,6,0.2,76.7904
4037,CA-2015-148859,20151228,FH-14350,OFF-ST-10004950,LOC00037,Standard Class,24.816,2,0.2,1.551
4038,CA-2014-110786,20141229,AJ-10795,FUR-FU-10000550,LOC00095,Standard Class,24.9,5,0.0,8.217
4039,CA-2014-110786,20141229,AJ-10795,OFF-PA-10000528,LOC00095,Standard Class,21.12,4,0.0,9.504
4040,CA-2014-110786,20141229,AJ-10795,TEC-MA-10003183,LOC00095,Standard Class,767.952,6,0.2,287.982
4041,CA-2014-110786,20141229,AJ-10795,OFF-BI-10003305,LOC00095,Standard Class,14.352,3,0.2,4.6644
4042,CA-2014-110786,20141229,AJ-10795,TEC-PH-10001425,LOC00095,Standard Class,191.976,3,0.2,19.1976
4043,CA-2014-110786,20141229,AJ-10795,OFF-LA-10001474,LOC00095,Standard Class,274.77,9,0.0,126.3942
4044,CA-2014-110786,20141229,AJ-10795,FUR-FU-10000672,LOC00095,Standard Class,70.56,6,0.0,23.9904
4045,CA-2015-137750,20150625,JF-15565,FUR-FU-10001979,LOC00095,Standard Class,204.85,5,0.0,57.358
4046,CA-2015-136378,20150402,CS-11845,OFF-BI-10003707,LOC00033,Standard Class,9.156,3,0.8,-13.734
4047,CA-2017-100356,20171021,SP-20920,OFF-AP-10002191,LOC00156,Standard Class,23.992,2,0.8,-62.3792
4048,US-2015-166520,20150716,KE-16420,OFF-PA-10000501,LOC00046,First Class,80.88,3,0.0,39.6312
4049,US-2015-166520,20150716,KE-16420,TEC-AC-10001990,LOC00046,First Class,599.9,10,0.0,191.968
4050,CA-2017-136350,20170624,GA-14515,FUR-FU-10003601,LOC00165,Second Class,276.69,3,0.0,49.8042
4051,CA-2017-136350,20170624,GA-14515,FUR-CH-10001891,LOC00165,Second Class,172.764,2,0.1,32.6332
4052,CA-2014-122931,20140929,SM-20950,OFF-AR-10003469,LOC00064,Standard Class,4.224,3,0.2,1.4784
4053,CA-2014-122931,20140929,SM-20950,FUR-TA-10004175,LOC00064,Standard Class,409.272,2,0.4,-81.8544
4054,CA-2014-122931,20140929,SM-20950,OFF-LA-10002945,LOC00064,Standard Class,55.44,11,0.2,18.018
4055,CA-2014-122931,20140929,SM-20950,OFF-PA-10000533,LOC00064,Standard Class,20.928,4,0.2,6.8016
4056,CA-2014-122931,20140929,SM-20950,OFF-ST-10004459,LOC00064,Standard Class,1801.632,6,0.2,-337.806
4057,CA-2014-122931,20140929,SM-20950,FUR-TA-10004147,LOC00064,Standard Class,67.176,1,0.4,-20.1528
4058,CA-2014-163034,20141124,DK-12985,OFF-ST-10000046,LOC00027,Standard Class,646.2,5,0.2,-8.0775
4059,CA-2015-124058,20151120,LC-16885,TEC-PH-10004774,LOC00233,Standard Class,72.744,7,0.2,-15.4581
4060,CA-2015-124058,20151120,LC-16885,FUR-CH-10000595,LOC00233,Standard Class,572.16,3,0.2,35.76
4061,CA-2016-129196,20161101,XP-21865,TEC-AC-10002473,LOC00027,Standard Class,68.112,3,0.2,17.8794
4062,US-2015-138716,20150917,CS-11845,OFF-BI-10001628,LOC00060,First Class,25.032,3,0.2,7.8225
4063,US-2016-122182,20160310,BD-11770,TEC-AC-10002800,LOC00106,Standard Class,39.992,1,0.2,7.4985
4064,US-2014-130358,20140623,DL-13330,OFF-AR-10002766,LOC00005,First Class,20.016,9,0.2,1.7514
4065,US-2014-130358,20140623,DL-13330,OFF-SU-10002522,LOC00005,First Class,3.104,1,0.2,0.3492
4066,CA-2014-102673,20141101,KH-16630,OFF-FA-10003021,LOC00044,Standard Class,7.52,5,0.2,1.41
4067,CA-2014-102673,20141101,KH-16630,OFF-AR-10000634,LOC00044,Standard Class,10.272,3,0.2,0.8988
4068,CA-2014-102673,20141101,KH-16630,OFF-LA-10001771,LOC00044,Standard Class,47.808,12,0.2,15.5376
4069,CA-2014-102673,20141101,KH-16630,TEC-PH-10004434,LOC00044,Standard Class,978.84,9,0.2,110.1195
4070,CA-2016-145303,20160828,TP-21415,OFF-BI-10000050,LOC00177,First Class,13.14,9,0.8,-21.681
4071,CA-2016-145303,20160828,TP-21415,OFF-BI-10002414,LOC00177,First Class,10.024,4,0.8,-16.5396
4072,CA-2016-145303,20160828,TP-21415,FUR-BO-10003159,LOC00177,First Class,156.3728,2,0.32,-52.8908
4073,CA-2015-156104,20151206,NP-18685,TEC-CO-10002095,LOC00305,Second Class,999.98,2,0.0,449.991
4074,US-2015-164308,20150924,SC-20680,TEC-PH-10004120,LOC00474,First Class,821.94,6,0.0,213.7044
4075,CA-2017-108112,20171115,DK-12895,FUR-FU-10003553,LOC00475,Standard Class,220.064,4,0.2,55.016
4076,CA-2017-108112,20171115,DK-12895,FUR-FU-10001488,LOC00475,Standard Class,339.136,4,0.2,0.0
4077,CA-2015-100685,20151219,SM-20950,OFF-BI-10003094,LOC00199,Second Class,7.04,2,0.0,3.3088
4078,CA-2015-100685,20151219,SM-20950,OFF-FA-10003472,LOC00199,Second Class,5.04,4,0.0,0.2016
4079,CA-2015-100685,20151219,SM-20950,OFF-PA-10001289,LOC00199,Second Class,116.28,3,0.0,56.9772
4080,CA-2015-165414,20151221,LS-17245,TEC-PH-10002293,LOC00223,First Class,47.976,3,0.2,4.7976
4081,CA-2016-140417,20160925,KE-16420,OFF-PA-10000380,LOC00301,Standard Class,60.048,9,0.2,22.518
4082,CA-2016-140417,20160925,KE-16420,OFF-BI-10004828,LOC00301,Standard Class,5.022,1,0.7,-3.5154
4083,US-2017-151316,20170624,MC-17635,OFF-BI-10004632,LOC00068,Standard Class,182.994,3,0.8,-320.2395
4084,US-2017-151316,20170624,MC-17635,OFF-PA-10000327,LOC00068,Standard Class,10.272,3,0.2,3.21
4085,CA-2017-163692,20170907,Dp-13240,OFF-BI-10003291,LOC00052,First Class,7.857,3,0.7,-6.0237
4086,CA-2016-111913,20160804,LC-16930,TEC-PH-10002275,LOC00380,Second Class,302.384,2,0.2,30.2384
4087,CA-2016-111913,20160804,LC-16930,OFF-BI-10003291,LOC00380,Second Class,20.952,3,0.2,7.0713
4088,CA-2016-111913,20160804,LC-16930,OFF-BI-10000343,LOC00380,Second Class,11.784,3,0.2,3.9771
4089,US-2014-156559,20140819,LH-16900,FUR-BO-10000711,LOC00238,Standard Class,638.82,9,0.0,172.4814
4090,CA-2016-161473,20160401,TB-21175,OFF-LA-10001297,LOC00046,Standard Class,20.7,2,0.0,9.936
4091,CA-2016-161473,20160401,TB-21175,OFF-SU-10001574,LOC00046,Standard Class,10.95,3,0.0,3.285
4092,CA-2016-161473,20160401,TB-21175,OFF-BI-10003305,LOC00046,Standard Class,14.352,3,0.2,4.6644
4093,CA-2017-166576,20170516,JM-15865,OFF-ST-10002574,LOC00076,First Class,221.024,2,0.2,-55.256
4094,CA-2015-102491,20150824,KW-16435,TEC-MA-10000864,LOC00203,Standard Class,3080.0,7,0.0,1416.8
4095,CA-2015-102491,20150824,KW-16435,TEC-AC-10003289,LOC00203,Standard Class,79.96,4,0.0,18.3908
4096,CA-2015-102491,20150824,KW-16435,TEC-PH-10001619,LOC00203,Standard Class,587.97,3,0.0,170.5113
4097,CA-2014-116904,20140923,SC-20095,OFF-PA-10004888,LOC00040,Standard Class,32.4,5,0.0,15.552
4098,CA-2014-116904,20140923,SC-20095,OFF-ST-10000736,LOC00040,Standard Class,404.9,5,0.0,16.196
4099,CA-2014-116904,20140923,SC-20095,OFF-BI-10001120,LOC00040,Standard Class,9449.95,5,0.0,4630.4755
4100,CA-2014-116904,20140923,SC-20095,OFF-BI-10000301,LOC00040,Standard Class,12.94,2,0.0,6.47
4101,US-2017-102288,20170619,ZC-21910,OFF-AP-10004655,LOC00015,Standard Class,2.264,1,0.8,-5.2072
4102,US-2017-102288,20170619,ZC-21910,OFF-AP-10002906,LOC00015,Standard Class,0.444,1,0.8,-1.11
4103,US-2017-102288,20170619,ZC-21910,OFF-PA-10000740,LOC00015,Standard Class,146.176,8,0.2,47.5072
4104,CA-2017-137456,20171221,RB-19465,FUR-FU-10001940,LOC00011,Same Day,15.92,2,0.0,7.0048
4105,US-2017-155999,20170807,JK-15370,TEC-PH-10000439,LOC00189,Standard Class,159.96,5,0.2,17.9955
4106,US-2017-155999,20170807,JK-15370,OFF-BI-10000404,LOC00189,Standard Class,13.76,2,0.2,4.644
4107,US-2016-148334,20160822,DD-13570,OFF-BI-10003676,LOC00017,Standard Class,4.312,2,0.8,-6.8992
4108,CA-2015-105599,20150907,MC-17275,OFF-ST-10002486,LOC00165,Same Day,13.96,2,0.0,0.2792
4109,CA-2015-105599,20150907,MC-17275,FUR-TA-10003837,LOC00165,Same Day,27.414,3,0.4,-14.1639
4110,CA-2015-153717,20151225,DL-13495,TEC-PH-10002923,LOC00084,Standard Class,73.98,2,0.0,19.9746
4111,CA-2015-153717,20151225,DL-13495,FUR-BO-10004360,LOC00084,Standard Class,160.98,1,0.0,20.9274
4112,CA-2015-153717,20151225,DL-13495,OFF-PA-10002160,LOC00084,Standard Class,17.34,3,0.0,8.4966
4113,CA-2015-153717,20151225,DL-13495,OFF-AR-10002375,LOC00084,Standard Class,3.28,1,0.0,0.9512
4114,CA-2015-116687,20150502,NC-18625,OFF-LA-10000443,LOC00015,Standard Class,8.856,3,0.2,2.9889
4115,CA-2015-116687,20150502,NC-18625,TEC-PH-10001750,LOC00015,Standard Class,158.376,3,0.2,13.8579
4116,CA-2016-163573,20161124,AC-10450,OFF-BI-10004632,LOC00060,First Class,1219.96,5,0.2,381.2375
4117,CA-2015-153416,20151124,TS-21340,OFF-BI-10002813,LOC00002,Standard Class,3.168,2,0.2,0.99
4118,CA-2015-153416,20151124,TS-21340,OFF-PA-10002005,LOC00002,Standard Class,19.44,3,0.0,9.3312
4119,CA-2015-153416,20151124,TS-21340,OFF-ST-10000060,LOC00002,Standard Class,454.86,7,0.0,54.5832
4120,CA-2015-153416,20151124,TS-21340,OFF-BI-10002706,LOC00002,Standard Class,91.392,8,0.2,29.7024
4121,CA-2017-117394,20170904,MM-17920,TEC-AC-10000199,LOC00075,Standard Class,19.04,4,0.2,-1.428
4122,CA-2017-133823,20170511,LP-17080,OFF-PA-10002870,LOC00006,Same Day,37.44,6,0.0,16.848
4123,CA-2017-133823,20170511,LP-17080,OFF-LA-10004545,LOC00006,Same Day,37.59,3,0.0,17.6673
4124,CA-2017-133823,20170511,LP-17080,OFF-BI-10000962,LOC00006,Same Day,26.032,2,0.2,9.4366
4125,CA-2014-127523,20140511,BG-11695,OFF-AP-10004249,LOC00291,Standard Class,35.91,3,0.0,9.6957
4126,CA-2017-123239,20170727,MG-18145,FUR-FU-10001602,LOC00134,Second Class,91.032,3,0.2,-2.2758
4127,CA-2017-156769,20170506,GZ-14470,OFF-AR-10003179,LOC00102,First Class,54.66,6,0.0,18.0378
4128,CA-2014-127299,20140919,JL-15835,OFF-ST-10003722,LOC00044,Standard Class,67.344,6,0.2,7.5762
4129,CA-2014-127299,20140919,JL-15835,TEC-MA-10001127,LOC00044,Standard Class,2624.985,3,0.5,-944.9946
4130,CA-2015-121272,20150329,DO-13435,OFF-AP-10001947,LOC00006,Standard Class,73.28,4,0.0,21.2512
4131,CA-2014-115336,20141118,AB-10600,OFF-BI-10001107,LOC00037,Standard Class,14.48,5,0.8,-23.892
4132,CA-2015-111703,20150702,KB-16315,OFF-PA-10000349,LOC00476,Standard Class,11.952,3,0.2,4.0338
4133,CA-2015-111703,20150702,KB-16315,OFF-PA-10003349,LOC00476,Standard Class,15.552,3,0.2,5.6376
4134,CA-2014-128839,20140908,TT-21070,OFF-FA-10002280,LOC00338,Standard Class,45.0,9,0.0,21.6
4135,CA-2014-128839,20140908,TT-21070,TEC-MA-10000029,LOC00338,Standard Class,209.97,3,0.0,90.2871
4136,CA-2017-105914,20171002,PV-18985,OFF-BI-10002854,LOC00002,Standard Class,112.12,5,0.2,42.045
4137,CA-2017-105914,20171002,PV-18985,OFF-ST-10003716,LOC00002,Standard Class,1575.14,7,0.0,204.7682
4138,CA-2017-110926,20171119,DD-13570,OFF-FA-10000624,LOC00213,Standard Class,25.06,7,0.0,12.53
4139,CA-2016-117226,20161230,KD-16495,OFF-BI-10004654,LOC00477,First Class,6.924,6,0.8,-10.386
4140,CA-2017-127313,20171201,RA-19285,OFF-ST-10001228,LOC00075,First Class,37.392,3,0.2,2.337
4141,CA-2017-127313,20171201,RA-19285,FUR-FU-10003798,LOC00075,First Class,79.12,5,0.2,13.846
4142,CA-2016-136287,20160613,SS-20590,OFF-LA-10003148,LOC00478,Standard Class,18.9,3,0.0,8.694
4143,US-2014-107699,20140519,JH-15820,OFF-BI-10001249,LOC00375,Standard Class,57.42,9,0.0,26.4132
4144,CA-2017-112725,20170130,EH-14125,OFF-AR-10003759,LOC00095,Standard Class,12.74,7,0.0,5.733
4145,CA-2017-112725,20170130,EH-14125,OFF-AR-10001227,LOC00095,Standard Class,8.82,3,0.0,2.3814
4146,CA-2017-112725,20170130,EH-14125,FUR-CH-10000863,LOC00095,Standard Class,120.784,1,0.2,-13.5882
4147,CA-2015-136196,20151128,TP-21415,FUR-FU-10004017,LOC00266,Standard Class,322.59,3,0.0,64.518
4148,CA-2017-106068,20171023,RB-19330,OFF-BI-10000962,LOC00111,Standard Class,9.762,3,0.8,-15.1311
4149,CA-2017-106068,20171023,RB-19330,OFF-ST-10004507,LOC00111,Standard Class,13.72,1,0.2,1.2005
4150,CA-2017-106068,20171023,RB-19330,TEC-AC-10002942,LOC00111,Standard Class,55.2,1,0.2,-2.07
4151,CA-2017-106068,20171023,RB-19330,OFF-ST-10002344,LOC00111,Standard Class,259.136,4,0.2,-58.3056
4152,CA-2017-100160,20170907,CB-12025,OFF-LA-10002475,LOC00064,Standard Class,29.24,5,0.2,9.8685
4153,CA-2017-100160,20170907,CB-12025,OFF-PA-10003072,LOC00064,Standard Class,15.552,3,0.2,5.4432
4154,CA-2017-100160,20170907,CB-12025,OFF-EN-10001509,LOC00064,Standard Class,4.896,3,0.2,1.6524
4155,CA-2016-139689,20161229,MP-17965,OFF-BI-10004781,LOC00049,Standard Class,38.088,4,0.7,-27.9312
4156,CA-2016-139689,20161229,MP-17965,OFF-BI-10000145,LOC00049,Standard Class,2.808,3,0.7,-1.9656
4157,CA-2015-101091,20151205,SW-20245,TEC-AC-10003280,LOC00012,Second Class,47.984,2,0.2,0.5998
4158,CA-2015-101091,20151205,SW-20245,OFF-BI-10001107,LOC00012,Second Class,26.064,6,0.7,-19.9824
4159,CA-2014-126907,20141101,SM-20950,OFF-PA-10000533,LOC00027,Standard Class,15.696,3,0.2,5.1012
4160,US-2016-164588,20160416,AP-10915,OFF-AR-10003056,LOC00113,Standard Class,12.84,3,0.0,3.7236
4161,CA-2017-115546,20170514,AH-10465,TEC-PH-10002834,LOC00046,Standard Class,539.97,3,0.0,134.9925
4162,CA-2017-115546,20170514,AH-10465,OFF-ST-10002214,LOC00046,Standard Class,22.58,2,0.0,5.8708
4163,CA-2015-163587,20150314,EP-13915,OFF-LA-10004484,LOC00356,Standard Class,16.52,4,0.0,7.5992
4164,CA-2015-163587,20150314,EP-13915,OFF-BI-10003091,LOC00356,Standard Class,671.94,3,0.0,315.8118
4165,US-2017-106131,20170114,TP-21565,TEC-AC-10003027,LOC00043,First Class,169.064,7,0.2,-14.7931
4166,US-2017-106131,20170114,TP-21565,OFF-ST-10003638,LOC00043,First Class,168.624,9,0.2,14.7546
4167,CA-2015-160213,20150308,AR-10825,OFF-PA-10003848,LOC00256,Standard Class,19.44,3,0.0,9.3312
4168,CA-2014-157924,20141011,HA-14920,OFF-ST-10002352,LOC00055,First Class,31.92,4,0.0,8.2992
4169,CA-2014-157924,20141011,HA-14920,FUR-CH-10000229,LOC00055,First Class,433.568,2,0.2,-65.0352
4170,CA-2015-100216,20150413,HJ-14875,OFF-PA-10000788,LOC00155,First Class,31.104,6,0.2,10.8864
4171,CA-2015-100216,20150413,HJ-14875,OFF-PA-10002968,LOC00155,First Class,54.816,3,0.2,17.8152
4172,CA-2017-100601,20171116,JK-15370,OFF-ST-10002486,LOC00254,Standard Class,48.86,7,0.0,0.9772
4173,CA-2016-152163,20160701,JF-15355,OFF-BI-10002215,LOC00038,Same Day,14.2,2,0.0,6.532
4174,CA-2016-152163,20160701,JF-15355,OFF-PA-10000788,LOC00038,Same Day,12.96,2,0.0,6.2208
4175,CA-2016-152163,20160701,JF-15355,OFF-BI-10003364,LOC00038,Same Day,58.34,2,0.0,28.0032
4176,CA-2015-154340,20151129,EK-13795,OFF-AR-10003582,LOC00201,First Class,56.3,2,0.0,15.764
4177,CA-2014-128846,20140407,RS-19765,TEC-PH-10003273,LOC00038,Standard Class,629.95,5,0.0,163.787
4178,CA-2014-128846,20140407,RS-19765,OFF-PA-10000100,LOC00038,Standard Class,122.97,3,0.0,60.2553
4179,CA-2016-148593,20160616,BD-11320,OFF-PA-10001776,LOC00063,Second Class,46.35,5,0.0,21.7845
4180,US-2017-119039,20170306,BF-11170,OFF-BI-10004182,LOC00010,Standard Class,14.976,9,0.2,5.4288
4181,CA-2017-128426,20171007,JK-15730,OFF-BI-10000756,LOC00067,Standard Class,4.24,5,0.8,-6.36
4182,US-2017-136868,20171006,CR-12820,TEC-AC-10001539,LOC00046,Standard Class,319.96,4,0.0,115.1856
4183,US-2017-136868,20171006,CR-12820,OFF-PA-10002377,LOC00046,Standard Class,17.04,3,0.0,7.668
4184,US-2017-136868,20171006,CR-12820,OFF-ST-10000991,LOC00046,Standard Class,344.91,3,0.0,10.3473
4185,CA-2016-143749,20161205,AG-10300,FUR-BO-10002853,LOC00118,First Class,81.94,1,0.0,20.485
4186,CA-2016-111493,20161021,CM-12160,TEC-AC-10004510,LOC00309,First Class,98.16,6,0.0,9.816
4187,CA-2017-112536,20170518,SG-20890,OFF-BI-10003712,LOC00479,Standard Class,6.874,7,0.8,-10.6547
4188,CA-2017-112536,20170518,SG-20890,OFF-BI-10002571,LOC00479,Standard Class,1.996,1,0.8,-3.2934
4189,CA-2017-112536,20170518,SG-20890,OFF-ST-10004835,LOC00479,Standard Class,8.928,2,0.2,0.6696
4190,CA-2016-157714,20160926,CS-12175,OFF-PA-10004022,LOC00480,Second Class,9.99,1,0.0,4.4955
4191,CA-2017-166709,20171117,HL-15040,TEC-CO-10004722,LOC00286,Standard Class,10499.97,3,0.0,5039.9856
4192,CA-2015-129392,20150708,DM-13015,OFF-PA-10004248,LOC00033,Same Day,21.12,5,0.2,6.6
4193,CA-2015-150875,20151116,HK-14890,FUR-TA-10000577,LOC00481,Standard Class,696.42,2,0.0,160.1766
4194,CA-2015-150875,20151116,HK-14890,TEC-PH-10001254,LOC00481,Standard Class,304.776,3,0.2,22.8582
4195,CA-2015-154200,20150618,BG-11740,OFF-AR-10001044,LOC00189,Standard Class,51.98,2,0.0,15.0742
4196,CA-2016-124233,20160408,CK-12595,FUR-FU-10002597,LOC00004,Standard Class,24.7,5,0.0,10.374
4197,US-2015-134271,20150418,RF-19735,OFF-LA-10004093,LOC00024,Second Class,21.93,3,0.0,10.3071
4198,US-2016-161683,20161203,CJ-12010,OFF-AP-10000179,LOC00064,Standard Class,394.816,4,0.2,93.7688
4199,US-2016-161683,20161203,CJ-12010,OFF-BI-10001072,LOC00064,Standard Class,18.192,4,0.7,-14.5536
4200,CA-2015-143105,20151210,MA-17560,OFF-LA-10004093,LOC00024,Same Day,7.31,1,0.0,3.4357
4201,CA-2015-143105,20151210,MA-17560,TEC-CO-10002095,LOC00024,Same Day,799.984,2,0.2,249.995
4202,CA-2015-143105,20151210,MA-17560,OFF-PA-10002713,LOC00024,Same Day,41.28,6,0.0,18.9888
4203,CA-2015-143105,20151210,MA-17560,OFF-PA-10002254,LOC00024,Same Day,184.66,7,0.0,84.9436
4204,CA-2014-145387,20141031,AM-10705,OFF-AR-10001683,LOC00482,Second Class,49.25,5,0.0,18.715
4205,CA-2014-145387,20141031,AM-10705,OFF-PA-10002195,LOC00482,Second Class,10.16,2,0.0,4.7752
4206,CA-2014-145387,20141031,AM-10705,FUR-FU-10002364,LOC00482,Second Class,14.76,2,0.0,4.2804
4207,CA-2014-145387,20141031,AM-10705,OFF-BI-10004001,LOC00482,Second Class,34.08,2,0.0,15.6768
4208,CA-2014-145387,20141031,AM-10705,FUR-FU-10000023,LOC00482,Second Class,17.67,3,0.0,7.7748
4209,CA-2014-145387,20141031,AM-10705,FUR-CH-10002320,LOC00482,Second Class,1604.9,5,0.0,481.47
4210,CA-2014-145387,20141031,AM-10705,FUR-TA-10003238,LOC00482,Second Class,385.686,1,0.3,-60.6078
4211,CA-2017-109715,20171209,AH-10585,OFF-PA-10004965,LOC00037,Standard Class,15.984,2,0.2,4.995
4212,CA-2014-166457,20140505,PF-19120,OFF-PA-10003016,LOC00127,Second Class,9.42,3,0.0,4.239
4213,CA-2014-166457,20140505,PF-19120,OFF-AR-10003651,LOC00127,Second Class,6.56,2,0.0,1.9024
4214,CA-2014-166457,20140505,PF-19120,OFF-PA-10001363,LOC00127,Second Class,24.56,2,0.0,11.5432
4215,CA-2016-164637,20160304,RD-19480,OFF-BI-10003876,LOC00392,Standard Class,128.4,3,0.0,64.2
4216,CA-2014-103590,20141130,JL-15505,OFF-EN-10004007,LOC00185,Standard Class,62.28,4,0.0,29.2716
4217,CA-2015-111234,20150218,AB-10600,OFF-LA-10002271,LOC00026,Standard Class,9.24,3,0.0,4.4352
4218,CA-2017-149881,20170401,NC-18535,FUR-BO-10003894,LOC00095,First Class,482.664,8,0.15,85.176
4219,CA-2017-149881,20170401,NC-18535,TEC-MA-10000418,LOC00095,First Class,4799.984,2,0.2,359.9988
4220,CA-2017-134565,20170611,TB-21400,OFF-PA-10004243,LOC00006,Second Class,37.94,2,0.0,18.2112
4221,CA-2017-134565,20170611,TB-21400,OFF-BI-10001759,LOC00006,Second Class,18.288,6,0.2,6.6294
4222,CA-2017-134565,20170611,TB-21400,TEC-MA-10001570,LOC00006,Second Class,385.8,5,0.2,130.2075
4223,CA-2017-134565,20170611,TB-21400,OFF-ST-10004804,LOC00006,Second Class,102.96,2,0.0,1.0296
4224,CA-2017-134565,20170611,TB-21400,FUR-BO-10001519,LOC00006,Second Class,174.42,3,0.0,41.8608
4225,CA-2016-108644,20160930,SJ-20215,OFF-BI-10000343,LOC00117,First Class,1.964,2,0.8,-3.2406
4226,US-2014-102631,20141213,EB-13840,FUR-FU-10003930,LOC00037,Standard Class,94.428,3,0.6,-42.4926
4227,CA-2017-120327,20171111,WB-21850,OFF-FA-10004854,LOC00047,Standard Class,45.92,4,0.0,21.5824
4228,CA-2015-154970,20150105,SR-20740,FUR-CH-10003396,LOC00006,Standard Class,61.584,1,0.2,-6.9282
4229,CA-2016-113803,20160324,VG-21805,OFF-PA-10001994,LOC00239,First Class,22.48,1,0.0,10.3408
4230,CA-2017-100223,20170705,LS-16945,FUR-FU-10003601,LOC00078,Standard Class,332.028,9,0.6,-348.6294
4231,CA-2017-100223,20170705,LS-16945,OFF-BI-10003429,LOC00078,Standard Class,11.394,9,0.8,-17.6607
4232,CA-2017-100223,20170705,LS-16945,OFF-PA-10000232,LOC00078,Standard Class,15.552,3,0.2,5.6376
4233,CA-2017-100223,20170705,LS-16945,OFF-PA-10002195,LOC00078,Standard Class,31.104,6,0.2,11.2752
4234,CA-2017-100223,20170705,LS-16945,OFF-BI-10004492,LOC00078,Standard Class,6.316,1,0.8,-10.4214
4235,CA-2014-168823,20140921,MA-17560,OFF-PA-10004000,LOC00106,First Class,11.352,3,0.2,4.1151
4236,CA-2014-168823,20140921,MA-17560,OFF-LA-10004425,LOC00106,First Class,20.808,9,0.2,7.0227
4237,CA-2016-162404,20160723,NF-18475,OFF-BI-10000948,LOC00229,Standard Class,11.416,4,0.8,-18.8364
4238,CA-2017-104024,20170829,MD-17860,OFF-AR-10001972,LOC00064,Second Class,9.408,7,0.2,0.7056
4239,CA-2017-147144,20170326,MZ-17335,OFF-AR-10004587,LOC00060,First Class,19.83,1,0.0,5.949
4240,CA-2017-158673,20171229,KB-16600,OFF-PA-10000994,LOC00438,Standard Class,209.7,2,0.0,100.656
4241,CA-2014-133704,20140920,MA-17995,OFF-AP-10001366,LOC00026,Standard Class,43.92,4,0.0,11.8584
4242,CA-2014-133704,20140920,MA-17995,OFF-BI-10001636,LOC00026,Standard Class,20.232,3,0.2,6.5754
4243,CA-2016-159142,20160404,ME-17320,TEC-PH-10001448,LOC00029,First Class,149.97,3,0.0,5.9988
4244,CA-2016-159142,20160404,ME-17320,OFF-PA-10001776,LOC00029,First Class,27.81,3,0.0,13.0707
4245,CA-2014-138436,20140326,JD-15895,TEC-AC-10002323,LOC00002,Standard Class,66.3,3,0.0,8.619
4246,CA-2017-117702,20171128,LS-16975,OFF-AR-10004582,LOC00309,Standard Class,1.64,1,0.0,0.738
4247,CA-2017-117702,20171128,LS-16975,FUR-FU-10000576,LOC00309,Standard Class,1049.2,5,0.0,272.792
4248,CA-2017-117702,20171128,LS-16975,FUR-FU-10004270,LOC00309,Standard Class,20.9,5,0.0,7.524
4249,CA-2016-157336,20161201,SJ-20500,OFF-BI-10004236,LOC00070,Second Class,88.08,6,0.0,40.5168
4250,CA-2016-157336,20161201,SJ-20500,FUR-CH-10004997,LOC00070,Second Class,751.92,4,0.0,150.384
4251,CA-2014-168130,20140919,BS-11365,FUR-CH-10000988,LOC00165,Same Day,887.103,7,0.1,177.4206
4252,CA-2015-155068,20151023,RA-19285,TEC-PH-10004897,LOC00153,Same Day,55.944,7,0.2,-13.2867
4253,CA-2015-155068,20151023,RA-19285,OFF-AR-10002656,LOC00153,Same Day,10.688,2,0.2,2.2712
4254,CA-2015-155068,20151023,RA-19285,TEC-PH-10004924,LOC00153,Same Day,11.824,2,0.2,1.0346
4255,CA-2017-163160,20171013,TS-21610,OFF-PA-10003127,LOC00483,First Class,63.312,3,0.2,20.5764
4256,CA-2017-163160,20171013,TS-21610,OFF-BI-10000778,LOC00483,First Class,96.784,4,0.8,-145.176
4257,CA-2017-163160,20171013,TS-21610,FUR-FU-10001424,LOC00483,First Class,10.476,3,0.6,-6.8094
4258,CA-2015-101924,20150904,KB-16585,OFF-BI-10000962,LOC00326,Standard Class,9.762,2,0.7,-6.8334
4259,CA-2016-124793,20160314,MM-18280,FUR-CH-10002880,LOC00006,First Class,196.784,2,0.2,-22.1382
4260,CA-2017-118367,20171028,LO-17170,OFF-EN-10004386,LOC00046,Second Class,47.98,2,0.0,23.99
4261,CA-2017-164819,20171015,RS-19420,OFF-LA-10001045,LOC00070,Second Class,13.05,5,0.0,6.003
4262,CA-2017-158344,20170807,CC-12475,TEC-AC-10002006,LOC00351,Standard Class,63.96,4,0.0,19.8276
4263,CA-2017-123351,20170921,KT-16480,OFF-AP-10001242,LOC00113,Standard Class,80.48,1,0.0,24.144
4264,CA-2017-110429,20171103,DM-13015,OFF-BI-10000216,LOC00106,Standard Class,11.673,3,0.7,-7.782
4265,US-2016-131611,20161105,EP-13915,FUR-TA-10002774,LOC00067,Standard Class,863.128,8,0.3,-160.2952
4266,US-2016-131611,20161105,EP-13915,OFF-BI-10004364,LOC00067,Standard Class,3.564,3,0.8,-6.237
4267,US-2016-131611,20161105,EP-13915,FUR-BO-10000780,LOC00067,Standard Class,956.6648,7,0.32,-225.0976
4268,US-2016-131611,20161105,EP-13915,OFF-BI-10001989,LOC00067,Standard Class,12.588,3,0.8,-20.1408
4269,US-2016-131611,20161105,EP-13915,TEC-AC-10004001,LOC00067,Standard Class,171.96,5,0.2,45.1395
4270,US-2017-124821,20170625,AM-10705,FUR-TA-10000688,LOC00061,Second Class,871.4,4,0.0,148.138
4271,CA-2015-166975,20151126,SH-20635,FUR-FU-10003930,LOC00281,Standard Class,692.472,11,0.2,190.4298
4272,CA-2016-123806,20161124,LA-16780,FUR-FU-10000965,LOC00309,Second Class,207.76,4,0.0,85.1816
4273,US-2017-158505,20170721,SF-20200,TEC-PH-10004071,LOC00409,Same Day,71.928,9,0.2,6.2937
4274,US-2017-158505,20170721,SF-20200,OFF-AR-10001044,LOC00409,Same Day,25.99,1,0.0,7.5371
4275,CA-2015-142692,20151023,AG-10495,OFF-BI-10004140,LOC00060,Standard Class,3.592,1,0.2,1.1225
4276,CA-2015-123456,20150709,KN-16450,OFF-AP-10002684,LOC00078,Standard Class,48.632,2,0.8,-121.58
4277,CA-2017-151358,20170818,NF-18595,OFF-ST-10000046,LOC00060,Standard Class,323.1,2,0.0,61.389
4278,US-2016-107440,20160416,BS-11365,TEC-MA-10001047,LOC00101,Standard Class,9099.93,7,0.0,2365.9818
4279,US-2016-107440,20160416,BS-11365,FUR-FU-10000550,LOC00101,Standard Class,9.96,2,0.0,3.2868
4280,US-2016-107440,20160416,BS-11365,OFF-BI-10002432,LOC00101,Standard Class,25.3,5,0.0,11.891
4281,CA-2014-166989,20141114,RM-19675,OFF-PA-10004470,LOC00165,Standard Class,11.36,2,0.0,5.2256
4282,CA-2014-166989,20141114,RM-19675,FUR-CH-10001797,LOC00165,Standard Class,69.264,2,0.1,14.6224
4283,CA-2014-103100,20141220,AB-10105,OFF-LA-10003720,LOC00305,First Class,3.69,1,0.0,1.7343
4284,CA-2014-103100,20141220,AB-10105,OFF-BI-10004600,LOC00305,First Class,1103.97,3,0.0,496.7865
4285,CA-2015-105690,20151121,CA-11965,FUR-BO-10003965,LOC00484,Second Class,246.1328,2,0.32,-76.0116
4286,CA-2015-105690,20151121,CA-11965,OFF-LA-10000240,LOC00484,Second Class,11.696,2,0.2,3.9474
4287,CA-2015-105690,20151121,CA-11965,TEC-CO-10001571,LOC00484,Second Class,439.992,1,0.2,164.997
4288,CA-2017-127516,20171228,EH-14005,OFF-ST-10000736,LOC00396,Standard Class,64.784,1,0.2,-12.9568
4289,US-2015-117184,20150517,ON-18715,OFF-BI-10002082,LOC00015,Standard Class,33.28,5,0.8,-49.92
4290,US-2015-117184,20150517,ON-18715,OFF-PA-10002250,LOC00015,Standard Class,14.088,3,0.2,4.9308
4291,CA-2017-102407,20171209,AT-10435,OFF-AR-10000122,LOC00026,Second Class,11.16,2,0.0,2.79
4292,CA-2017-102407,20171209,AT-10435,FUR-TA-10003748,LOC00026,Second Class,896.328,9,0.2,22.4082
4293,CA-2017-102407,20171209,AT-10435,OFF-AP-10001394,LOC00026,Second Class,189.0,1,0.0,68.04
4294,CA-2017-130967,20170310,EB-13870,TEC-PH-10004896,LOC00012,Standard Class,53.982,3,0.4,-10.7964
4295,CA-2017-101581,20171022,DW-13195,FUR-TA-10002607,LOC00314,Standard Class,177.225,5,0.5,-120.513
4296,CA-2017-169124,20170703,MB-17305,FUR-FU-10001215,LOC00485,Standard Class,129.39,3,0.0,54.3438
4297,CA-2017-117261,20170904,TH-21235,OFF-ST-10000419,LOC00004,Standard Class,54.32,4,0.0,0.5432
4298,CA-2017-129021,20170823,PO-18850,TEC-PH-10001459,LOC00395,Second Class,4367.896,13,0.2,327.5922
4299,CA-2017-129021,20170823,PO-18850,OFF-PA-10000241,LOC00395,Second Class,49.568,2,0.2,15.49
4300,CA-2017-129021,20170823,PO-18850,OFF-AP-10003040,LOC00395,Second Class,161.376,6,0.2,12.1032
4301,CA-2017-129021,20170823,PO-18850,FUR-FU-10001852,LOC00395,Second Class,2.784,2,0.2,0.4176
4302,CA-2017-129021,20170823,PO-18850,OFF-PA-10000141,LOC00395,Second Class,8.72,5,0.2,2.943
4303,CA-2014-123253,20140822,DE-13255,OFF-AR-10002804,LOC00347,Second Class,3.912,1,0.2,1.0269
4304,CA-2016-121601,20161004,MO-17500,OFF-EN-10003862,LOC00486,Same Day,59.752,7,0.2,19.4194
4305,CA-2014-162278,20141026,AH-10585,FUR-FU-10000448,LOC00060,Second Class,63.92,4,0.0,3.196
4306,CA-2014-162278,20141026,AH-10585,TEC-PH-10000526,LOC00060,Second Class,383.96,5,0.2,38.396
4307,CA-2016-161095,20160628,CS-12250,OFF-BI-10002764,LOC00004,Same Day,7.752,3,0.2,2.8101
4308,CA-2016-161095,20160628,CS-12250,OFF-BI-10001524,LOC00004,Same Day,33.568,2,0.2,11.7488
4309,CA-2014-125829,20141104,WB-21850,TEC-PH-10001079,LOC00063,Standard Class,666.344,7,0.2,66.6344
4310,CA-2014-125829,20141104,WB-21850,FUR-TA-10002041,LOC00063,Standard Class,573.728,4,0.2,-64.5444
4311,CA-2014-125829,20141104,WB-21850,OFF-BI-10001036,LOC00063,Standard Class,21.936,3,0.2,8.226
4312,CA-2014-125829,20141104,WB-21850,OFF-PA-10000223,LOC00063,Standard Class,19.44,3,0.0,9.3312
4313,CA-2014-125829,20141104,WB-21850,TEC-MA-10003246,LOC00063,Standard Class,447.968,4,0.2,139.99
4314,CA-2014-123127,20140908,SP-20620,OFF-AP-10001962,LOC00256,Standard Class,16.78,2,0.0,4.195
4315,CA-2015-115945,20150625,AB-10165,OFF-AR-10004062,LOC00063,Standard Class,20.96,2,0.0,5.24
4316,CA-2015-115945,20150625,AB-10165,OFF-BI-10004330,LOC00063,Standard Class,88.752,3,0.2,27.735
4317,CA-2015-115945,20150625,AB-10165,OFF-ST-10001963,LOC00063,Standard Class,304.23,3,0.0,9.1269
4318,CA-2015-136735,20150726,HA-14920,OFF-EN-10002230,LOC00095,Standard Class,167.86,2,0.0,78.8942
4319,US-2017-136189,20171207,DC-13285,FUR-FU-10000175,LOC00196,Standard Class,82.38,6,0.0,25.5378
4320,CA-2014-152345,20141229,ST-20530,TEC-PH-10004897,LOC00384,Second Class,23.976,3,0.2,-5.6943
4321,CA-2014-152345,20141229,ST-20530,OFF-ST-10003123,LOC00384,Second Class,33.29,1,0.0,7.9896
4322,US-2015-147662,20150214,KB-16315,OFF-BI-10001658,LOC00076,Standard Class,14.952,2,0.7,-11.9616
4323,US-2015-147662,20150214,KB-16315,TEC-PH-10002834,LOC00076,Standard Class,323.982,3,0.4,-80.9955
4324,US-2015-147662,20150214,KB-16315,OFF-BI-10002160,LOC00076,Standard Class,2.286,2,0.7,-1.6764
4325,US-2015-147662,20150214,KB-16315,OFF-AR-10004999,LOC00076,Standard Class,14.352,3,0.2,0.897
4326,US-2015-147662,20150214,KB-16315,TEC-AC-10003280,LOC00076,Standard Class,71.976,3,0.2,0.8997
4327,CA-2016-153346,20160125,TB-21355,OFF-AR-10000315,LOC00171,First Class,9.21,3,0.0,2.3025
4328,CA-2016-153346,20160125,TB-21355,OFF-PA-10000007,LOC00171,First Class,18.0,5,0.0,8.28
4329,CA-2017-118360,20170401,JC-15775,OFF-PA-10000791,LOC00165,Standard Class,42.93,9,0.0,19.3185
4330,CA-2017-149853,20171003,PO-18850,OFF-PA-10000556,LOC00187,Standard Class,15.552,3,0.2,5.4432
4331,CA-2017-149853,20171003,PO-18850,OFF-AP-10000804,LOC00187,Standard Class,17.92,5,0.2,1.12
4332,CA-2017-107909,20170901,SS-20875,TEC-AC-10001998,LOC00487,Standard Class,19.99,1,0.0,6.7966
4333,CA-2017-107909,20170901,SS-20875,OFF-BI-10003476,LOC00487,Standard Class,22.92,5,0.2,8.022
4334,CA-2015-112375,20151221,RD-19720,TEC-AC-10003237,LOC00488,Standard Class,50.88,6,0.2,14.628
4335,CA-2015-112375,20151221,RD-19720,OFF-EN-10003798,LOC00488,Standard Class,27.312,2,0.2,9.2178
4336,CA-2015-154795,20151220,GZ-14470,OFF-EN-10003068,LOC00489,Standard Class,7.92,1,0.2,2.772
4337,CA-2015-154795,20151220,GZ-14470,FUR-FU-10002088,LOC00489,Standard Class,14.368,2,0.2,3.9512
4338,CA-2015-125234,20151127,SN-20710,TEC-AC-10000158,LOC00014,Standard Class,107.97,3,0.0,22.6737
4339,CA-2015-125234,20151127,SN-20710,OFF-PA-10000482,LOC00014,Standard Class,113.82,3,0.0,53.4954
4340,CA-2017-133501,20170827,DK-12895,OFF-PA-10004888,LOC00079,Standard Class,5.184,1,0.2,1.8144
4341,US-2014-129609,20140322,VM-21835,OFF-AR-10003478,LOC00490,Same Day,16.28,2,0.0,6.512
4342,CA-2017-130309,20171217,GB-14575,OFF-ST-10003208,LOC00102,Standard Class,544.38,3,0.0,157.8702
4343,CA-2017-105410,20170319,ND-18370,OFF-BI-10004970,LOC00095,First Class,19.824,6,0.2,6.6906
4344,CA-2017-105410,20170319,ND-18370,TEC-PH-10000038,LOC00095,First Class,657.504,6,0.2,-131.5008
4345,CA-2017-105410,20170319,ND-18370,TEC-AC-10001552,LOC00095,First Class,99.54,2,0.0,10.9494
4346,CA-2017-105410,20170319,ND-18370,TEC-AC-10002926,LOC00095,First Class,199.96,4,0.0,85.9828
4347,CA-2016-120355,20160918,MM-17260,FUR-CH-10001394,LOC00132,Standard Class,631.782,2,0.1,140.396
4348,CA-2016-120355,20160918,MM-17260,FUR-FU-10004053,LOC00132,Standard Class,60.72,3,0.0,26.1096
4349,CA-2017-169894,20171124,MV-17485,OFF-BI-10004230,LOC00155,Second Class,20.724,2,0.7,-15.1976
4350,CA-2017-169894,20171124,MV-17485,OFF-ST-10000060,LOC00155,Second Class,415.872,8,0.2,-41.5872
4351,US-2017-100482,20170411,JL-15130,OFF-ST-10001325,LOC00404,Standard Class,16.768,2,0.2,1.4672
4352,US-2017-100482,20170411,JL-15130,TEC-AC-10003441,LOC00404,Standard Class,27.12,2,0.2,-4.746
4353,CA-2017-107748,20171210,AG-10330,TEC-PH-10003215,LOC00353,Second Class,95.84,4,0.2,34.742
4354,CA-2017-107748,20171210,AG-10330,OFF-PA-10002005,LOC00353,Second Class,12.96,2,0.0,6.2208
4355,CA-2017-153654,20171124,MD-17860,OFF-BI-10004465,LOC00197,Second Class,19.008,8,0.7,-12.672
4356,CA-2015-155600,20151204,RO-19780,OFF-BI-10000545,LOC00379,Second Class,1598.058,7,0.7,-1065.372
4357,CA-2015-155600,20151204,RO-19780,OFF-AR-10003752,LOC00379,Second Class,36.96,4,0.2,12.012
4358,CA-2017-162565,20171211,RR-19315,OFF-PA-10001937,LOC00174,Same Day,10.368,2,0.2,3.6288
4359,CA-2017-162565,20171211,RR-19315,FUR-FU-10004306,LOC00174,Same Day,77.72,1,0.6,-66.062
4360,CA-2017-162565,20171211,RR-19315,FUR-CH-10003973,LOC00174,Same Day,520.464,2,0.3,-14.8704
4361,CA-2016-127642,20160521,CP-12340,OFF-PA-10000565,LOC00123,First Class,111.96,2,0.0,54.8604
4362,US-2017-163195,20170217,LL-16840,TEC-PH-10003875,LOC00300,Second Class,29.16,3,0.0,8.4564
4363,CA-2017-111332,20170520,NC-18340,OFF-AR-10001953,LOC00491,Second Class,131.94,3,0.0,35.6238
4364,CA-2017-111332,20170520,NC-18340,OFF-AR-10001374,LOC00491,Second Class,25.92,4,0.0,8.2944
4365,CA-2017-111332,20170520,NC-18340,OFF-ST-10003816,LOC00491,Second Class,704.76,4,0.0,162.0948
4366,CA-2017-111332,20170520,NC-18340,OFF-FA-10001843,LOC00491,Second Class,7.41,3,0.0,3.4827
4367,CA-2017-111332,20170520,NC-18340,OFF-AR-10000657,LOC00491,Second Class,21.5,10,0.0,7.095
4368,CA-2017-117044,20170911,HA-14920,OFF-FA-10000936,LOC00037,Second Class,10.528,4,0.2,3.29
4369,CA-2017-117044,20170911,HA-14920,OFF-PA-10003657,LOC00037,Second Class,20.544,6,0.2,6.42
4370,US-2016-165078,20161105,MA-17995,OFF-BI-10001989,LOC00453,Standard Class,104.9,5,0.0,50.352
4371,US-2016-165078,20161105,MA-17995,OFF-AR-10002987,LOC00453,Standard Class,39.68,2,0.0,16.2688
4372,US-2016-165078,20161105,MA-17995,OFF-LA-10000414,LOC00453,Standard Class,51.75,5,0.0,24.84
4373,US-2017-169320,20170723,LH-16900,OFF-AR-10003602,LOC00492,Second Class,11.68,2,0.0,5.4896
4374,US-2017-169320,20170723,LH-16900,TEC-AC-10002550,LOC00492,Second Class,159.75,5,0.0,11.1825
4375,CA-2016-158575,20161118,SB-20290,OFF-AP-10002998,LOC00362,Standard Class,103.968,6,0.2,16.8948
4376,CA-2014-166954,20140425,BT-11305,FUR-FU-10003708,LOC00493,Standard Class,303.25,5,0.0,63.6825
4377,CA-2014-166954,20140425,BT-11305,OFF-AP-10001391,LOC00493,Standard Class,270.72,3,0.0,78.5088
4378,CA-2014-166954,20140425,BT-11305,FUR-CH-10003973,LOC00493,Standard Class,1487.04,5,0.2,148.704
4379,CA-2015-140830,20151130,PS-18970,OFF-EN-10000461,LOC00001,Second Class,17.48,2,0.0,8.2156
4380,CA-2015-140830,20151130,PS-18970,OFF-EN-10002831,LOC00001,Second Class,71.88,2,0.0,32.346
4381,CA-2015-152891,20151025,TB-21625,OFF-AR-10004648,LOC00095,Standard Class,60.45,3,0.0,16.3215
4382,CA-2015-152891,20151025,TB-21625,FUR-TA-10001857,LOC00095,Standard Class,253.176,3,0.2,-31.647
4383,US-2015-122784,20150720,RA-19915,OFF-BI-10000546,LOC00419,Standard Class,2.88,5,0.8,-4.464
4384,US-2015-122784,20150720,RA-19915,FUR-BO-10004690,LOC00419,Standard Class,384.944,4,0.3,-126.4816
4385,US-2015-122784,20150720,RA-19915,TEC-PH-10001557,LOC00419,Standard Class,153.584,2,0.2,13.4386
4386,US-2015-122784,20150720,RA-19915,FUR-BO-10002545,LOC00419,Standard Class,913.43,5,0.3,-52.196
4387,CA-2016-156811,20161027,BP-11095,OFF-AP-10001366,LOC00035,Standard Class,43.92,4,0.0,11.8584
4388,CA-2016-156811,20161027,BP-11095,OFF-BI-10001628,LOC00035,Standard Class,25.032,3,0.2,7.8225
4389,CA-2017-111556,20171120,CD-11920,OFF-PA-10003651,LOC00046,First Class,46.76,7,0.0,22.4448
4390,CA-2017-111556,20171120,CD-11920,FUR-BO-10003159,LOC00046,First Class,183.968,2,0.2,-25.2956
4391,CA-2017-111556,20171120,CD-11920,TEC-PH-10001459,LOC00046,First Class,1259.97,3,0.0,327.5922
4392,CA-2017-111556,20171120,CD-11920,OFF-AR-10004602,LOC00046,First Class,68.97,3,0.0,19.3116
4393,CA-2016-108868,20160908,KB-16585,OFF-AR-10001953,LOC00177,Standard Class,70.368,2,0.2,6.1572
4394,CA-2016-108868,20160908,KB-16585,TEC-PH-10000923,LOC00177,Standard Class,59.96,5,0.2,21.7355
4395,CA-2014-142965,20140720,SW-20245,OFF-ST-10002583,LOC00158,Same Day,25.984,1,0.2,-5.1968
4396,CA-2014-142965,20140720,SW-20245,OFF-BI-10000977,LOC00158,Same Day,27.36,3,0.7,-21.888
4397,CA-2016-148740,20161115,AH-10690,TEC-PH-10002549,LOC00143,Standard Class,361.376,2,0.2,27.1032
4398,US-2014-138758,20140707,JL-15835,FUR-CH-10002880,LOC00075,Standard Class,172.186,2,0.3,-46.7362
4399,US-2014-138758,20140707,JL-15835,FUR-FU-10003039,LOC00075,Standard Class,69.008,2,0.2,12.0764
4400,CA-2016-131737,20160317,GZ-14470,OFF-EN-10003055,LOC00210,Same Day,199.9,5,0.0,89.955
4401,CA-2016-131737,20160317,GZ-14470,OFF-AP-10002945,LOC00210,Same Day,901.95,3,0.0,297.6435
4402,CA-2016-131737,20160317,GZ-14470,FUR-FU-10004306,LOC00210,Same Day,971.5,5,0.0,252.59
4403,CA-2016-114538,20161226,RC-19825,OFF-AR-10002445,LOC00098,First Class,11.328,2,0.2,2.5488
4404,CA-2014-127936,20140902,CL-12565,OFF-AR-10002445,LOC00030,First Class,21.24,3,0.0,8.0712
4405,CA-2015-164336,20150705,MW-18220,TEC-AC-10002345,LOC00012,Standard Class,34.8,3,0.2,2.175
4406,CA-2015-164336,20150705,MW-18220,OFF-ST-10001558,LOC00012,Standard Class,38.976,3,0.2,-2.436
4407,CA-2016-100041,20161120,BF-10975,OFF-PA-10001622,LOC00135,Standard Class,9.08,2,0.0,4.086
4408,CA-2016-100041,20161120,BF-10975,OFF-PA-10000418,LOC00135,Standard Class,314.55,3,0.0,150.984
4409,CA-2016-100041,20161120,BF-10975,OFF-BI-10000343,LOC00135,Standard Class,4.91,1,0.0,2.3077
4410,US-2014-154879,20140506,SN-20710,OFF-LA-10004425,LOC00026,Standard Class,5.78,2,0.0,2.7166
4411,US-2014-154879,20140506,SN-20710,OFF-AR-10001897,LOC00026,Standard Class,107.94,6,0.0,30.2232
4412,CA-2014-130624,20140621,TB-21280,OFF-PA-10003883,LOC00024,First Class,19.65,3,0.0,9.039
4413,CA-2014-130624,20140621,TB-21280,TEC-PH-10003963,LOC00024,First Class,617.97,3,0.0,160.6722
4414,CA-2014-130624,20140621,TB-21280,OFF-AP-10001303,LOC00024,First Class,59.7,3,0.0,26.865
4415,CA-2017-132339,20170819,JB-15400,OFF-BI-10003925,LOC00129,Standard Class,387.99,1,0.0,182.3553
4416,CA-2014-153983,20141129,AH-10210,TEC-PH-10004586,LOC00035,Standard Class,575.92,2,0.2,71.99
4417,CA-2014-153983,20141129,AH-10210,OFF-FA-10003495,LOC00035,Standard Class,30.4,5,0.0,15.2
4418,CA-2017-112900,20170409,KL-16645,OFF-BI-10002867,LOC00186,Second Class,478.24,8,0.0,219.9904
4419,CA-2014-160157,20141220,MH-17455,FUR-FU-10003773,LOC00073,Standard Class,190.848,3,0.2,-21.4704
4420,CA-2014-139633,20141217,EC-14050,OFF-BI-10002954,LOC00048,Standard Class,5.484,4,0.7,-4.0216
4421,CA-2015-163090,20151117,GH-14665,OFF-SU-10002537,LOC00027,Second Class,40.92,5,0.2,3.069
4422,CA-2014-117016,20140304,SC-20095,OFF-AR-10001374,LOC00494,Standard Class,15.552,3,0.2,2.3328
4423,CA-2017-159464,20170518,TB-21355,OFF-AP-10001492,LOC00495,First Class,17.24,2,0.0,4.4824
4424,CA-2017-159464,20170518,TB-21355,FUR-BO-10003546,LOC00495,First Class,302.94,3,0.0,75.735
4425,CA-2017-159464,20170518,TB-21355,TEC-PH-10002185,LOC00495,First Class,34.75,5,0.0,15.6375
4426,CA-2017-159464,20170518,TB-21355,OFF-BI-10000315,LOC00495,First Class,113.94,6,0.0,54.6912
4427,CA-2017-159464,20170518,TB-21355,TEC-PH-10002350,LOC00495,First Class,55.98,2,0.0,15.6744
4428,US-2017-103226,20170922,DW-13195,OFF-PA-10002666,LOC00384,Standard Class,27.18,3,0.0,12.231
4429,CA-2017-119452,20170321,CL-12565,FUR-CH-10004495,LOC00313,Standard Class,1805.88,6,0.0,523.7052
4430,CA-2017-147725,20170914,LT-17110,OFF-AR-10001725,LOC00417,Same Day,70.95,3,0.0,18.447
4431,CA-2016-168893,20161103,AP-10915,OFF-FA-10002280,LOC00001,Second Class,20.0,4,0.0,9.6
4432,CA-2016-168893,20161103,AP-10915,OFF-AR-10001770,LOC00001,Second Class,7.98,3,0.0,2.0748
4433,CA-2016-168893,20161103,AP-10915,FUR-FU-10002885,LOC00001,Second Class,24.1,5,0.0,9.158
4434,CA-2016-168893,20161103,AP-10915,OFF-AR-10003772,LOC00001,Second Class,8.75,1,0.0,2.625
4435,CA-2016-168893,20161103,AP-10915,FUR-TA-10003392,LOC00001,Second Class,842.94,3,0.0,160.1586
4436,CA-2016-163398,20160503,CB-12415,OFF-BI-10000014,LOC00156,Standard Class,2.182,1,0.8,-3.6003
4437,CA-2016-163398,20160503,CB-12415,OFF-AR-10003217,LOC00156,Standard Class,27.384,7,0.2,2.7384
4438,CA-2016-163398,20160503,CB-12415,OFF-AP-10002403,LOC00156,Standard Class,26.406,3,0.8,-71.2962
4439,CA-2016-162726,20161227,MT-17815,OFF-PA-10001972,LOC00484,Standard Class,10.368,2,0.2,3.6288
4440,CA-2016-162726,20161227,MT-17815,OFF-PA-10004041,LOC00484,Standard Class,23.68,4,0.2,7.4
4441,US-2016-111290,20160722,DK-13375,TEC-AC-10004975,LOC00021,Standard Class,109.95,1,0.0,36.2835
4442,US-2016-111290,20160722,DK-13375,OFF-ST-10001932,LOC00021,Standard Class,965.85,5,0.0,135.219
4443,US-2016-111290,20160722,DK-13375,OFF-AR-10001761,LOC00021,Standard Class,29.2,5,0.0,10.512
4444,US-2016-111290,20160722,DK-13375,OFF-PA-10002262,LOC00021,Standard Class,32.4,5,0.0,15.552
4445,US-2014-147704,20141116,SR-20740,OFF-EN-10004483,LOC00464,Standard Class,78.35,5,0.0,36.8245
4446,US-2014-147704,20141116,SR-20740,OFF-PA-10003270,LOC00464,Standard Class,31.68,6,0.0,14.256
4447,US-2014-147704,20141116,SR-20740,OFF-BI-10001634,LOC00464,Standard Class,29.12,4,0.0,14.2688
4448,US-2014-147704,20141116,SR-20740,OFF-ST-10000675,LOC00464,Standard Class,169.45,5,0.0,42.3625
4449,CA-2015-121965,20150619,LH-17155,FUR-FU-10000732,LOC00004,Standard Class,12.56,2,0.0,4.0192
4450,CA-2015-121965,20150619,LH-17155,OFF-PA-10004355,LOC00004,Standard Class,6.48,1,0.0,3.1104
4451,CA-2015-121965,20150619,LH-17155,OFF-EN-10000056,LOC00004,Standard Class,186.69,3,0.0,87.7443
4452,CA-2016-147137,20160704,AA-10645,FUR-FU-10000221,LOC00010,First Class,25.4,5,0.0,8.636
4453,CA-2016-147137,20160704,AA-10645,OFF-EN-10003567,LOC00010,First Class,43.96,2,0.0,20.6612
4454,CA-2016-147137,20160704,AA-10645,FUR-BO-10001811,LOC00010,First Class,1279.165,5,0.15,225.735
4455,CA-2016-147137,20160704,AA-10645,OFF-ST-10002486,LOC00010,First Class,27.92,4,0.0,0.5584
4456,US-2015-146745,20150903,AS-10630,FUR-CH-10002372,LOC00095,Standard Class,129.568,2,0.2,-12.9568
4457,US-2015-146745,20150903,AS-10630,OFF-BI-10003274,LOC00095,Standard Class,6.368,2,0.2,2.1492
4458,CA-2017-115175,20170807,MC-17575,OFF-PA-10001878,LOC00059,Standard Class,244.55,5,0.0,114.9385
4459,CA-2017-105851,20170313,SE-20110,OFF-SU-10002881,LOC00077,Standard Class,1332.496,2,0.2,-299.8116
4460,US-2017-125717,20170928,DS-13030,FUR-FU-10001979,LOC00043,First Class,32.776,1,0.2,3.2776
4461,US-2017-125717,20170928,DS-13030,OFF-ST-10001522,LOC00043,First Class,147.184,2,0.2,-29.4368
4462,US-2017-125717,20170928,DS-13030,TEC-AC-10003657,LOC00043,First Class,54.384,2,0.2,1.3596
4463,US-2017-125717,20170928,DS-13030,OFF-BI-10001718,LOC00043,First Class,76.776,4,0.7,-58.8616
4464,US-2017-125717,20170928,DS-13030,OFF-PA-10003022,LOC00043,First Class,14.352,3,0.2,5.2026
4465,US-2017-125717,20170928,DS-13030,OFF-AP-10000891,LOC00043,First Class,209.792,2,0.2,26.224
4466,CA-2015-163895,20150807,NS-18640,OFF-BI-10004970,LOC00481,Standard Class,3.304,1,0.2,1.1151
4467,CA-2017-168641,20171124,KA-16525,OFF-AR-10003759,LOC00046,Standard Class,16.38,9,0.0,7.371
4468,CA-2017-168641,20171124,KA-16525,OFF-EN-10003001,LOC00046,Standard Class,167.96,2,0.0,78.9412
4469,CA-2017-168641,20171124,KA-16525,FUR-BO-10000780,LOC00046,Standard Class,321.568,2,0.2,-16.0784
4470,CA-2017-168641,20171124,KA-16525,OFF-PA-10001972,LOC00046,Standard Class,12.96,2,0.0,6.2208
4471,CA-2017-156895,20170508,DJ-13510,FUR-CH-10003535,LOC00012,Standard Class,128.058,3,0.3,-23.7822
4472,CA-2017-121300,20170929,MG-17680,FUR-CH-10003774,LOC00496,Same Day,63.686,1,0.3,-15.4666
4473,CA-2017-121300,20170929,MG-17680,TEC-AC-10004571,LOC00496,Same Day,239.976,3,0.2,65.9934
4474,CA-2017-121300,20170929,MG-17680,FUR-TA-10004442,LOC00496,Same Day,344.22,2,0.4,-189.321
4475,CA-2017-121300,20170929,MG-17680,OFF-PA-10002787,LOC00496,Same Day,15.552,3,0.2,5.4432
4476,CA-2017-121300,20170929,MG-17680,FUR-FU-10004586,LOC00496,Same Day,21.248,4,0.2,7.4368
4477,CA-2017-121300,20170929,MG-17680,OFF-PA-10002606,LOC00496,Same Day,8.448,2,0.2,2.64
4478,CA-2017-130211,20171022,BD-11620,OFF-ST-10000129,LOC00497,Same Day,333.09,3,0.0,23.3163
4479,CA-2017-130211,20171022,BD-11620,FUR-TA-10003748,LOC00497,Same Day,248.98,2,0.0,54.7756
4480,CA-2014-147235,20140324,CD-11920,OFF-PA-10004948,LOC00024,Standard Class,24.9,5,0.0,11.703
4481,CA-2016-109365,20161103,XP-21865,OFF-FA-10001561,LOC00014,Standard Class,15.26,7,0.0,5.0358
4482,CA-2016-109365,20161103,XP-21865,OFF-AP-10002998,LOC00014,Standard Class,43.32,2,0.0,14.2956
4483,CA-2016-109365,20161103,XP-21865,OFF-BI-10003981,LOC00014,Standard Class,43.584,12,0.2,15.7992
4484,CA-2016-109365,20161103,XP-21865,OFF-PA-10001725,LOC00014,Standard Class,116.28,3,0.0,56.9772
4485,CA-2016-109365,20161103,XP-21865,OFF-BI-10002071,LOC00014,Standard Class,9.296,2,0.2,3.0212
4486,CA-2016-109365,20161103,XP-21865,OFF-PA-10000477,LOC00014,Standard Class,19.44,3,0.0,9.3312
4487,CA-2016-109365,20161103,XP-21865,OFF-PA-10004359,LOC00014,Standard Class,314.55,3,0.0,150.984
4488,CA-2015-162621,20150905,CA-12055,OFF-BI-10000962,LOC00067,Standard Class,16.27,5,0.8,-25.2185
4489,CA-2015-162621,20150905,CA-12055,OFF-SU-10003567,LOC00067,Standard Class,69.12,9,0.2,-14.688
4490,CA-2015-162621,20150905,CA-12055,OFF-BI-10003708,LOC00067,Standard Class,4.47,3,0.8,-7.8225
4491,CA-2017-105921,20170814,JM-15250,FUR-TA-10001095,LOC00004,Standard Class,418.296,3,0.2,5.2287
4492,CA-2014-150798,20141201,JK-15730,TEC-CO-10001571,LOC00048,Second Class,659.988,2,0.4,109.998
4493,CA-2014-150798,20141201,JK-15730,FUR-FU-10000221,LOC00048,Second Class,8.128,2,0.2,1.4224
4494,CA-2014-150798,20141201,JK-15730,OFF-PA-10001972,LOC00048,Second Class,36.288,7,0.2,12.7008
4495,CA-2014-150798,20141201,JK-15730,FUR-CH-10000015,LOC00048,Second Class,909.72,6,0.3,-51.984
4496,CA-2017-112753,20170618,CC-12670,FUR-BO-10004015,LOC00004,Standard Class,917.9235,9,0.15,75.5937
4497,CA-2017-112753,20170618,CC-12670,OFF-PA-10002036,LOC00004,Standard Class,38.88,6,0.0,19.0512
4498,CA-2017-155075,20171202,GW-14605,OFF-BI-10003650,LOC00012,Standard Class,631.176,4,0.7,-462.8624
4499,CA-2014-103401,20141121,GR-14560,OFF-PA-10003309,LOC00095,Standard Class,12.96,2,0.0,6.2208
4500,CA-2016-124814,20160410,FM-14215,OFF-PA-10002787,LOC00411,Standard Class,12.96,2,0.0,6.2208
4501,CA-2016-124814,20160410,FM-14215,OFF-BI-10000174,LOC00411,Standard Class,23.2,5,0.2,8.12
4502,CA-2014-116757,20140630,MS-17980,OFF-PA-10002005,LOC00015,Standard Class,25.92,5,0.2,9.072
4503,CA-2014-116757,20140630,MS-17980,OFF-FA-10002815,LOC00015,Standard Class,21.312,6,0.2,7.1928
4504,US-2014-138247,20141224,BF-11170,TEC-PH-10000213,LOC00063,Standard Class,173.656,7,0.2,17.3656
4505,US-2014-138247,20141224,BF-11170,OFF-AP-10000828,LOC00063,Standard Class,361.96,2,0.0,101.3488
4506,US-2014-138247,20141224,BF-11170,TEC-AC-10004708,LOC00063,Standard Class,62.85,3,0.0,13.1985
4507,US-2014-138247,20141224,BF-11170,TEC-PH-10001530,LOC00063,Standard Class,818.376,3,0.2,51.1485
4508,US-2014-138247,20141224,BF-11170,OFF-ST-10002301,LOC00063,Standard Class,20.34,1,0.0,0.2034
4509,US-2014-138247,20141224,BF-11170,FUR-FU-10002554,LOC00063,Standard Class,23.99,1,0.0,5.5177
4510,CA-2017-167003,20170523,VS-21820,FUR-TA-10001520,LOC00002,Standard Class,171.288,3,0.2,-6.4233
4511,CA-2016-119935,20161110,KM-16225,FUR-FU-10001085,LOC00335,Standard Class,37.3,2,0.0,17.158
4512,CA-2016-119935,20161110,KM-16225,OFF-BI-10001597,LOC00335,Standard Class,81.96,2,0.0,39.3408
4513,CA-2016-118969,20161002,LP-17095,OFF-BI-10002429,LOC00052,First Class,54.792,6,0.7,-40.1808
4514,CA-2016-145240,20160906,BG-11740,OFF-ST-10001590,LOC00033,First Class,10.784,1,0.2,0.8088
4515,CA-2016-120873,20161027,BW-11200,FUR-CH-10000847,LOC00498,Second Class,290.98,1,0.0,75.6548
4516,US-2017-111920,20171022,PS-18970,OFF-AR-10003179,LOC00313,Standard Class,36.44,4,0.0,12.0252
4517,US-2016-128678,20160915,RB-19570,OFF-PA-10000807,LOC00060,Standard Class,21.4,5,0.0,10.058
4518,US-2016-128678,20160915,RB-19570,OFF-BI-10002103,LOC00060,Standard Class,48.664,7,0.2,15.8158
4519,CA-2016-101385,20160925,JW-16075,OFF-AR-10004441,LOC00010,Standard Class,16.56,4,0.0,6.9552
4520,CA-2017-107167,20170610,ND-18460,OFF-ST-10003805,LOC00134,Standard Class,1347.52,8,0.2,84.22
4521,CA-2014-109491,20140220,LC-16930,TEC-AC-10001284,LOC00239,Standard Class,62.31,3,0.0,22.4316
4522,CA-2014-109491,20140220,LC-16930,FUR-FU-10000221,LOC00239,Standard Class,20.32,4,0.0,6.9088
4523,CA-2017-105445,20170220,BP-11095,OFF-FA-10001229,LOC00128,Second Class,9.432,3,0.2,3.0654
4524,CA-2014-107454,20141102,RD-19720,OFF-LA-10001569,LOC00024,Standard Class,34.86,7,0.0,16.0356
4525,CA-2014-107454,20141102,RD-19720,FUR-FU-10004018,LOC00024,Standard Class,89.34,6,0.0,24.1218
4526,US-2017-105046,20170717,BE-11335,TEC-PH-10004536,LOC00499,Standard Class,269.98,2,0.0,67.495
4527,US-2017-105046,20170717,BE-11335,OFF-PA-10004353,LOC00499,Standard Class,99.9,5,0.0,47.952
4528,US-2017-105046,20170717,BE-11335,FUR-FU-10004848,LOC00499,Standard Class,39.08,4,0.0,14.4596
4529,CA-2017-152856,20170908,RS-19765,TEC-AC-10004864,LOC00369,Second Class,116.832,4,0.2,33.5892
4530,CA-2016-134691,20161114,KC-16540,OFF-BI-10002393,LOC00017,Standard Class,2.296,2,0.8,-3.9032
4531,CA-2016-118759,20161114,MB-17305,FUR-CH-10002335,LOC00030,First Class,408.006,2,0.1,72.5344
4532,CA-2016-118759,20161114,MB-17305,OFF-ST-10001590,LOC00030,First Class,40.44,3,0.0,10.5144
4533,CA-2014-140403,20141010,TN-21040,FUR-CH-10002774,LOC00361,Same Day,122.352,3,0.2,13.7646
4534,CA-2014-140403,20141010,TN-21040,OFF-EN-10001219,LOC00361,Same Day,15.28,2,0.0,7.4872
4535,CA-2015-163104,20150319,MC-18130,OFF-PA-10001947,LOC00026,Standard Class,11.96,2,0.0,5.8604
4536,CA-2017-138464,20170708,VF-21715,FUR-FU-10003142,LOC00061,Standard Class,15.84,3,0.0,4.9104
4537,CA-2017-138464,20170708,VF-21715,OFF-BI-10001543,LOC00061,Standard Class,86.376,3,0.2,30.2316
4538,CA-2017-138464,20170708,VF-21715,OFF-AR-10003560,LOC00061,Standard Class,18.24,3,0.0,6.2016
4539,CA-2017-138464,20170708,VF-21715,OFF-AR-10004757,LOC00061,Standard Class,13.12,4,0.0,4.3296
4540,CA-2015-104129,20150227,ES-14080,TEC-PH-10003800,LOC00260,Standard Class,105.98,2,0.0,1.0598
4541,CA-2015-104129,20150227,ES-14080,FUR-TA-10004152,LOC00260,Standard Class,493.92,7,0.3,-28.224
4542,US-2017-132206,20170616,MK-17905,OFF-BI-10000756,LOC00156,Standard Class,5.936,7,0.8,-8.904
4543,CA-2017-113474,20170330,TM-21490,OFF-EN-10004206,LOC00337,First Class,325.86,2,0.0,149.8956
4544,CA-2015-126557,20150712,RL-19615,FUR-CH-10004477,LOC00027,Second Class,383.607,9,0.3,-5.4801
4545,CA-2015-126557,20150712,RL-19615,TEC-PH-10003505,LOC00027,Second Class,148.48,2,0.2,16.704
4546,CA-2015-126557,20150712,RL-19615,TEC-PH-10000526,LOC00027,Second Class,537.544,7,0.2,53.7544
4547,CA-2015-126557,20150712,RL-19615,OFF-BI-10003314,LOC00027,Second Class,1.928,2,0.8,-2.9884
4548,CA-2015-126557,20150712,RL-19615,OFF-AR-10003190,LOC00027,Second Class,6.912,3,0.2,0.6912
4549,CA-2015-126557,20150712,RL-19615,FUR-FU-10001861,LOC00027,Second Class,7.76,1,0.6,-2.134
4550,CA-2015-126557,20150712,RL-19615,TEC-PH-10003963,LOC00027,Second Class,659.168,4,0.2,49.4376
4551,US-2017-107636,20170430,NM-18520,OFF-LA-10003388,LOC00114,First Class,5.76,2,0.0,2.8224
4552,US-2014-165862,20140713,GK-14620,FUR-TA-10002855,LOC00014,Standard Class,351.216,3,0.2,4.3902
4553,US-2014-106334,20141227,JF-15490,FUR-CH-10004886,LOC00035,Standard Class,230.28,3,0.2,23.028
4554,US-2014-106334,20141227,JF-15490,OFF-PA-10003657,LOC00035,Standard Class,12.84,3,0.0,5.778
4555,CA-2016-101448,20160227,EB-13930,OFF-BI-10004738,LOC00500,Second Class,56.82,3,0.0,28.41
4556,CA-2015-130218,20150323,SG-20470,OFF-FA-10003112,LOC00330,First Class,31.56,4,0.0,14.202
4557,CA-2015-130218,20150323,SG-20470,OFF-ST-10002486,LOC00330,First Class,27.92,4,0.0,0.5584
4558,US-2017-117331,20171021,ND-18370,OFF-BI-10003984,LOC00277,Standard Class,8.559,1,0.7,-6.5619
4559,CA-2014-127383,20141231,CM-11815,OFF-EN-10004773,LOC00295,Standard Class,49.568,2,0.2,17.9684
4560,CA-2014-110219,20140505,EB-13870,FUR-CH-10001146,LOC00066,First Class,127.869,3,0.3,-9.1335
4561,CA-2015-118871,20151204,HM-14860,OFF-EN-10003296,LOC00014,Second Class,271.44,3,0.0,122.148
4562,CA-2015-118871,20151204,HM-14860,TEC-PH-10000193,LOC00014,Second Class,110.352,3,0.2,8.2764
4563,CA-2015-118871,20151204,HM-14860,FUR-FU-10002111,LOC00014,Second Class,36.4,5,0.0,13.832
4564,CA-2017-129490,20170926,SJ-20125,FUR-CH-10003298,LOC00475,Standard Class,419.136,4,0.2,-57.6312
4565,CA-2014-101175,20141209,DM-12955,OFF-ST-10004950,LOC00155,Standard Class,100.704,6,0.2,-1.2588
4566,US-2017-149510,20171203,MC-17575,OFF-AP-10002350,LOC00307,Standard Class,45.216,3,0.2,4.5216
4567,US-2017-149510,20171203,MC-17575,OFF-BI-10004233,LOC00307,Standard Class,28.782,6,0.7,-21.1068
4568,US-2017-149510,20171203,MC-17575,OFF-PA-10001892,LOC00307,Standard Class,24.448,4,0.2,8.8624
4569,CA-2015-111990,20151108,DB-13660,OFF-BI-10003291,LOC00015,Standard Class,10.476,6,0.8,-17.2854
4570,CA-2014-169460,20140419,NF-18595,FUR-FU-10004017,LOC00059,Second Class,76.14,3,0.0,26.649
4571,US-2015-152128,20150525,NM-18445,OFF-AR-10002445,LOC00478,Second Class,21.24,3,0.0,8.0712
4572,US-2015-152128,20150525,NM-18445,OFF-BI-10001718,LOC00478,Second Class,127.96,2,0.0,60.1412
4573,CA-2017-126662,20170717,AB-10255,TEC-CO-10004202,LOC00002,Standard Class,479.984,2,0.2,89.997
4574,CA-2016-139395,20161212,MG-17650,TEC-PH-10002103,LOC00031,Standard Class,657.93,7,0.0,184.2204
4575,CA-2016-139395,20161212,MG-17650,FUR-FU-10003724,LOC00031,Standard Class,33.48,4,0.0,8.7048
4576,CA-2016-139395,20161212,MG-17650,OFF-AR-10003732,LOC00031,Standard Class,13.9,5,0.0,3.614
4577,CA-2016-139395,20161212,MG-17650,OFF-ST-10000885,LOC00031,Standard Class,26.86,2,0.0,6.715
4578,US-2014-121734,20140411,SE-20110,OFF-BI-10004817,LOC00501,Standard Class,9.584,1,0.2,3.3544
4579,CA-2015-110947,20150609,AG-10765,OFF-BI-10001670,LOC00498,Standard Class,113.1,3,0.0,56.55
4580,US-2014-150126,20140727,AS-10045,OFF-PA-10002709,LOC00046,Standard Class,65.78,11,0.0,32.2322
4581,CA-2015-164427,20150731,AR-10405,TEC-AC-10004469,LOC00502,Standard Class,239.7,6,0.0,105.468
4582,CA-2016-120250,20160919,AP-10720,FUR-FU-10003424,LOC00012,First Class,25.632,3,0.2,3.8448
4583,CA-2016-121993,20160610,JB-16000,OFF-LA-10003720,LOC00012,First Class,23.616,8,0.2,7.9704
4584,US-2016-100405,20160826,TS-21430,OFF-AR-10000390,LOC00063,Second Class,8.26,2,0.0,3.7996
4585,US-2017-163790,20171102,NL-18310,OFF-EN-10001335,LOC00503,Second Class,76.58,7,0.0,38.29
4586,US-2017-163790,20171102,NL-18310,OFF-AR-10003469,LOC00503,Second Class,8.8,5,0.0,4.224
4587,US-2017-163790,20171102,NL-18310,OFF-BI-10003718,LOC00503,Second Class,590.352,6,0.2,206.6232
4588,US-2017-163790,20171102,NL-18310,OFF-FA-10004838,LOC00503,Second Class,5.58,3,0.0,0.1674
4589,US-2017-163790,20171102,NL-18310,FUR-FU-10002508,LOC00503,Second Class,25.02,3,0.0,10.5084
4590,US-2017-163790,20171102,NL-18310,OFF-ST-10001511,LOC00503,Second Class,452.55,7,0.0,22.6275
4591,CA-2016-129868,20161226,MC-18130,OFF-SU-10000952,LOC00026,Standard Class,17.76,2,0.0,4.9728
4592,CA-2016-129868,20161226,MC-18130,TEC-PH-10002275,LOC00026,Standard Class,302.384,2,0.2,30.2384
4593,CA-2016-129868,20161226,MC-18130,FUR-CH-10003535,LOC00026,Standard Class,146.352,3,0.2,-5.4882
4594,CA-2016-129868,20161226,MC-18130,OFF-AP-10004052,LOC00026,Standard Class,7.9,2,0.0,2.054
4595,CA-2016-129868,20161226,MC-18130,FUR-TA-10003473,LOC00026,Standard Class,902.712,3,0.2,33.8517
4596,CA-2016-129868,20161226,MC-18130,OFF-AR-10001897,LOC00026,Standard Class,53.97,3,0.0,15.1116
4597,CA-2016-140564,20161205,TC-21475,OFF-AR-10000034,LOC00226,Second Class,33.92,8,0.0,13.2288
4598,US-2017-169502,20170828,MG-17650,OFF-SU-10004115,LOC00202,Standard Class,21.81,3,0.0,5.8887
4599,US-2017-169502,20170828,MG-17650,OFF-AP-10001947,LOC00202,Standard Class,91.6,5,0.0,26.564
4600,CA-2015-146948,20150716,MG-17890,FUR-CH-10004853,LOC00309,Standard Class,150.98,1,0.0,43.7842
4601,CA-2015-146948,20150716,MG-17890,OFF-EN-10000483,LOC00309,Standard Class,137.25,9,0.0,63.135
4602,CA-2015-146948,20150716,MG-17890,OFF-FA-10001332,LOC00309,Standard Class,11.52,4,0.0,5.4144
4603,US-2015-113327,20150526,BF-11170,OFF-PA-10003790,LOC00223,Second Class,18.272,1,0.2,5.9384
4604,US-2015-113327,20150526,BF-11170,OFF-PA-10003134,LOC00223,Second Class,153.728,4,0.2,53.8048
4605,US-2015-113327,20150526,BF-11170,OFF-EN-10004459,LOC00223,Second Class,12.224,2,0.2,4.4312
4606,US-2015-113327,20150526,BF-11170,TEC-AC-10003628,LOC00223,Second Class,167.944,7,0.2,50.3832
4607,CA-2015-135020,20150528,MS-17770,TEC-PH-10004093,LOC00145,Standard Class,45.99,1,0.0,13.3371
4608,CA-2015-135020,20150528,MS-17770,OFF-ST-10001490,LOC00145,Standard Class,535.41,3,0.0,160.623
4609,CA-2015-135020,20150528,MS-17770,OFF-BI-10000605,LOC00145,Standard Class,6.096,2,0.2,2.0574
4610,CA-2015-135020,20150528,MS-17770,OFF-PA-10004255,LOC00145,Standard Class,45.36,7,0.0,21.7728
4611,US-2017-141852,20171109,JE-15745,FUR-FU-10000023,LOC00219,Standard Class,47.12,8,0.0,20.7328
4612,CA-2016-109407,20160124,HG-14965,OFF-BI-10000285,LOC00253,Second Class,31.36,4,0.0,15.68
4613,US-2017-165953,20161231,EP-13915,OFF-AR-10000588,LOC00134,Standard Class,47.616,3,0.2,3.5712
4614,US-2017-165953,20161231,EP-13915,OFF-PA-10002250,LOC00134,Standard Class,23.48,5,0.2,8.218
4615,CA-2016-144540,20160905,GH-14410,OFF-AP-10002457,LOC00033,Standard Class,62.79,3,0.8,-166.3935
4616,CA-2016-144540,20160905,GH-14410,OFF-FA-10002763,LOC00033,Standard Class,28.44,9,0.2,4.266
4617,CA-2015-159863,20150904,DS-13180,TEC-AC-10000109,LOC00015,Second Class,134.376,3,0.2,6.7188
4618,CA-2015-117800,20150921,TH-21550,TEC-PH-10002415,LOC00290,Standard Class,589.9,2,0.0,147.475
4619,CA-2015-117800,20150921,TH-21550,FUR-CH-10000785,LOC00290,Standard Class,542.94,3,0.0,141.1644
4620,CA-2017-145219,20171224,RM-19675,TEC-CO-10001449,LOC00014,First Class,2879.952,6,0.2,1007.9832
4621,CA-2017-145219,20171224,RM-19675,OFF-BI-10001670,LOC00014,First Class,90.48,3,0.2,33.93
4622,CA-2015-161214,20151005,SF-20965,OFF-ST-10001328,LOC00050,Second Class,77.55,5,0.0,21.714
4623,CA-2017-147228,20170909,SO-20335,OFF-SU-10001225,LOC00085,Standard Class,8.832,3,0.2,-1.9872
4624,CA-2017-147228,20170909,SO-20335,OFF-PA-10000357,LOC00085,Standard Class,177.536,4,0.2,62.1376
4625,CA-2017-147228,20170909,SO-20335,OFF-ST-10000046,LOC00085,Standard Class,258.48,2,0.2,-3.231
4626,CA-2017-147228,20170909,SO-20335,FUR-FU-10000023,LOC00085,Standard Class,14.136,3,0.2,4.2408
4627,CA-2016-101336,20161113,CK-12760,OFF-ST-10003455,LOC00165,Standard Class,77.55,5,0.0,20.163
4628,CA-2016-101336,20161113,CK-12760,OFF-ST-10000876,LOC00165,Standard Class,24.88,2,0.0,6.9664
4629,CA-2016-101336,20161113,CK-12760,OFF-AR-10003582,LOC00165,Standard Class,140.75,5,0.0,39.41
4630,CA-2016-101336,20161113,CK-12760,OFF-ST-10004258,LOC00165,Standard Class,36.63,3,0.0,9.8901
4631,US-2015-126235,20151015,GA-14725,FUR-FU-10000719,LOC00504,Same Day,17.14,2,0.0,6.1704
4632,CA-2017-168396,20170803,BD-11725,OFF-LA-10001297,LOC00035,Second Class,51.75,5,0.0,24.84
4633,CA-2017-168396,20170803,BD-11725,FUR-FU-10000723,LOC00035,Second Class,123.96,3,0.0,11.1564
4634,CA-2015-130456,20150821,DS-13180,FUR-BO-10003893,LOC00035,Standard Class,586.398,6,0.15,34.494
4635,CA-2015-130456,20150821,DS-13180,OFF-ST-10000736,LOC00035,Standard Class,80.98,1,0.0,3.2392
4636,CA-2017-116288,20170312,BS-11380,OFF-ST-10000736,LOC00035,Standard Class,242.94,3,0.0,9.7176
4637,CA-2017-168228,20170427,AP-10915,OFF-AR-10003373,LOC00063,First Class,123.92,4,0.0,33.4584
4638,CA-2017-168228,20170427,AP-10915,OFF-AR-10000390,LOC00063,First Class,12.39,3,0.0,5.6994
4639,CA-2017-168228,20170427,AP-10915,OFF-AR-10001725,LOC00063,First Class,47.3,2,0.0,12.298
4640,CA-2016-102162,20160911,JF-15565,TEC-CO-10001943,LOC00390,Standard Class,1599.92,8,0.0,751.9624
4641,CA-2016-102162,20160911,JF-15565,OFF-EN-10002312,LOC00390,Standard Class,11.09,1,0.0,5.4341
4642,CA-2017-130141,20171022,HA-14905,OFF-BI-10000831,LOC00377,Second Class,3.168,4,0.7,-2.5344
4643,CA-2017-130141,20171022,HA-14905,FUR-CH-10000749,LOC00377,Second Class,579.136,4,0.2,-28.9568
4644,CA-2015-147501,20150802,Co-12640,OFF-BI-10002003,LOC00060,Standard Class,6.368,2,0.2,2.1492
4645,CA-2015-147501,20150802,Co-12640,TEC-MA-10001972,LOC00060,Standard Class,558.4,2,0.2,41.88
4646,CA-2016-143910,20160812,BC-11125,FUR-CH-10000225,LOC00165,Standard Class,145.764,2,0.1,-8.098
4647,CA-2014-146885,20140530,EB-13840,OFF-PA-10001622,LOC00196,Standard Class,13.62,3,0.0,6.129
4648,CA-2016-139556,20160426,DB-13360,FUR-CH-10004983,LOC00030,Standard Class,434.646,3,0.1,62.7822
4649,CA-2017-129357,20170514,KB-16585,OFF-PA-10003228,LOC00006,Standard Class,440.19,9,0.0,206.8893
4650,CA-2017-129357,20170514,KB-16585,OFF-SU-10004498,LOC00006,Standard Class,64.4,5,0.0,1.932
4651,CA-2017-150987,20170408,AH-10120,OFF-PA-10001878,LOC00095,Standard Class,244.55,5,0.0,114.9385
4652,CA-2017-150987,20170408,AH-10120,OFF-PA-10002923,LOC00095,Standard Class,195.76,4,0.0,97.88
4653,CA-2017-132647,20170217,GH-14410,OFF-PA-10001838,LOC00348,Standard Class,11.76,2,0.0,5.7624
4654,CA-2017-132647,20170217,GH-14410,OFF-ST-10003123,LOC00348,Standard Class,166.45,5,0.0,39.948
4655,CA-2017-159107,20170624,KT-16480,OFF-FA-10001332,LOC00095,Second Class,2.88,1,0.0,1.3536
4656,CA-2014-160738,20140505,KH-16330,OFF-ST-10003442,LOC00483,Standard Class,45.248,2,0.2,3.9592
4657,CA-2015-112130,20150503,SV-20785,OFF-AR-10001468,LOC00012,Standard Class,59.904,2,0.2,14.2272
4658,CA-2015-112130,20150503,SV-20785,OFF-AP-10003266,LOC00012,Standard Class,23.696,2,0.2,6.5164
4659,CA-2015-112130,20150503,SV-20785,OFF-PA-10002230,LOC00012,Standard Class,7.968,2,0.2,2.8884
4660,CA-2015-112130,20150503,SV-20785,OFF-AP-10003622,LOC00012,Standard Class,18.2,7,0.2,2.0475
4661,CA-2015-112130,20150503,SV-20785,TEC-AC-10001542,LOC00012,Standard Class,27.552,3,0.2,-0.3444
4662,CA-2015-112130,20150503,SV-20785,FUR-CH-10002965,LOC00012,Standard Class,844.116,6,0.3,-36.1764
4663,CA-2015-112130,20150503,SV-20785,OFF-ST-10000563,LOC00012,Standard Class,76.752,3,0.2,-9.594
4664,CA-2016-111409,20160918,PO-18850,OFF-LA-10002787,LOC00134,Standard Class,3.0,1,0.2,1.05
4665,CA-2016-116232,20160922,AC-10450,OFF-BI-10004022,LOC00119,Standard Class,7.506,9,0.7,-6.0048
4666,CA-2016-116232,20160922,AC-10450,OFF-LA-10001158,LOC00119,Standard Class,16.56,2,0.2,5.796
4667,CA-2016-116547,20160110,KB-16585,FUR-FU-10000076,LOC00061,Standard Class,79.92,4,0.0,34.3656
4668,CA-2016-116547,20160110,KB-16585,TEC-AC-10002335,LOC00061,Standard Class,69.98,2,0.0,13.2962
4669,US-2017-133200,20170506,DB-13555,OFF-BI-10002827,LOC00007,Standard Class,11.06,10,0.8,-18.802
4670,US-2017-133200,20170506,DB-13555,FUR-BO-10001601,LOC00007,Standard Class,623.4648,7,0.32,-119.1918
4671,US-2017-133200,20170506,DB-13555,OFF-ST-10001932,LOC00007,Standard Class,772.68,5,0.2,-57.951
4672,CA-2016-133550,20160731,KL-16645,OFF-AP-10001005,LOC00186,Standard Class,283.14,4,0.1,72.358
4673,CA-2016-133550,20160731,KL-16645,TEC-PH-10004042,LOC00186,Standard Class,635.96,4,0.0,165.3496
4674,CA-2016-133550,20160731,KL-16645,TEC-PH-10001079,LOC00186,Standard Class,118.99,1,0.0,33.3172
4675,CA-2016-133550,20160731,KL-16645,FUR-FU-10002918,LOC00186,Standard Class,272.94,3,0.0,30.0234
4676,CA-2017-139416,20170327,AG-10270,FUR-FU-10003832,LOC00075,Second Class,15.008,2,0.2,1.5008
4677,CA-2014-114510,20140314,JF-15295,OFF-BI-10001617,LOC00505,Standard Class,33.088,4,0.2,11.1672
4678,CA-2014-114510,20140314,JF-15295,OFF-ST-10000736,LOC00505,Standard Class,80.98,1,0.0,3.2392
4679,CA-2014-114510,20140314,JF-15295,TEC-AC-10004877,LOC00505,Standard Class,82.8,12,0.0,6.624
4680,CA-2014-114510,20140314,JF-15295,OFF-ST-10003221,LOC00505,Standard Class,21.36,2,0.0,5.7672
4681,CA-2014-114510,20140314,JF-15295,OFF-BI-10003007,LOC00505,Standard Class,62.048,2,0.2,20.1656
4682,CA-2016-169215,20160714,RE-19450,OFF-FA-10000936,LOC00136,Second Class,29.61,9,0.0,13.3245
4683,CA-2016-127698,20161201,MV-18190,TEC-PH-10003811,LOC00315,Same Day,863.928,9,0.2,86.3928
4684,CA-2016-159912,20160829,GB-14530,FUR-TA-10004152,LOC00075,Standard Class,241.92,4,0.4,-56.448
4685,CA-2016-159912,20160829,GB-14530,FUR-BO-10002853,LOC00075,Standard Class,163.88,4,0.5,-81.94
4686,CA-2016-159912,20160829,GB-14530,OFF-BI-10002071,LOC00075,Standard Class,3.486,2,0.7,-2.7888
4687,CA-2016-159912,20160829,GB-14530,OFF-FA-10000053,LOC00075,Standard Class,10.584,7,0.2,-2.3814
4688,CA-2016-101987,20160624,HL-15040,TEC-PH-10001305,LOC00239,Standard Class,440.91,9,0.0,123.4548
4689,US-2017-154851,20170330,BP-11155,OFF-BI-10001525,LOC00208,Standard Class,5.715,5,0.7,-4.7625
4690,CA-2014-138681,20141220,CT-11995,FUR-FU-10001876,LOC00116,First Class,51.968,2,0.2,10.3936
4691,CA-2014-138681,20141220,CT-11995,TEC-AC-10003628,LOC00116,First Class,71.976,3,0.2,21.5928
4692,CA-2014-138681,20141220,CT-11995,FUR-CH-10004860,LOC00116,First Class,242.352,3,0.2,-42.4116
4693,CA-2014-138681,20141220,CT-11995,OFF-PA-10000357,LOC00116,First Class,221.92,5,0.2,77.672
4694,CA-2014-138681,20141220,CT-11995,OFF-PA-10003270,LOC00116,First Class,8.448,2,0.2,2.64
4695,US-2015-138121,20151217,JL-15835,OFF-BI-10000320,LOC00186,Same Day,29.52,4,0.0,14.4648
4696,US-2015-138121,20151217,JL-15835,FUR-CH-10003846,LOC00186,Same Day,302.94,3,0.0,48.4704
4697,US-2015-138121,20151217,JL-15835,FUR-CH-10004875,LOC00186,Same Day,142.36,2,0.0,38.4372
4698,US-2015-138121,20151217,JL-15835,FUR-CH-10003817,LOC00186,Same Day,546.66,9,0.0,136.665
4699,US-2015-138121,20151217,JL-15835,FUR-FU-10002116,LOC00186,Same Day,212.13,3,0.0,14.8491
4700,CA-2017-140298,20170511,JK-16120,OFF-AR-10003481,LOC00111,Standard Class,5.248,2,0.2,0.5904
4701,CA-2017-140298,20170511,JK-16120,OFF-ST-10004180,LOC00111,Standard Class,74.416,2,0.2,-14.8832
4702,CA-2017-140298,20170511,JK-16120,OFF-PA-10003657,LOC00111,Standard Class,6.848,2,0.2,2.14
4703,CA-2017-140298,20170511,JK-16120,FUR-FU-10001967,LOC00111,Standard Class,7.996,1,0.6,-6.9965
4704,CA-2016-166240,20160624,DH-13075,OFF-AP-10002082,LOC00015,Standard Class,8.712,2,0.8,-19.602
4705,CA-2016-158435,20160517,AG-10900,OFF-SU-10000381,LOC00506,First Class,65.17,7,0.0,18.8993
4706,CA-2016-158435,20160517,AG-10900,OFF-LA-10002475,LOC00506,First Class,14.62,2,0.0,6.8714
4707,CA-2016-158435,20160517,AG-10900,FUR-FU-10003975,LOC00506,First Class,173.24,4,0.0,17.324
4708,CA-2017-138149,20170629,WB-21850,OFF-BI-10003091,LOC00014,First Class,895.92,5,0.2,302.373
4709,CA-2017-138149,20170629,WB-21850,OFF-ST-10002974,LOC00014,First Class,130.71,3,0.0,39.213
4710,CA-2017-138149,20170629,WB-21850,OFF-AR-10000255,LOC00014,First Class,11.68,2,0.0,3.0368
4711,CA-2017-138149,20170629,WB-21850,TEC-AC-10001284,LOC00014,First Class,62.31,3,0.0,22.4316
4712,CA-2014-112403,20140331,JO-15280,OFF-BI-10003529,LOC00075,Same Day,0.852,1,0.7,-0.5964
4713,CA-2014-108273,20141216,EJ-13720,OFF-PA-10000029,LOC00144,Standard Class,36.288,7,0.2,12.7008
4714,CA-2014-108273,20141216,EJ-13720,FUR-FU-10002116,LOC00144,Standard Class,56.568,2,0.6,-74.9526
4715,CA-2017-121643,20170518,AB-10105,TEC-PH-10002200,LOC00041,First Class,344.704,2,0.2,38.7792
4716,US-2015-122910,20150512,LT-16765,TEC-PH-10000441,LOC00128,Standard Class,201.584,2,0.2,20.1584
4717,CA-2017-143126,20171203,CM-12655,FUR-TA-10002958,LOC00061,Second Class,521.96,2,0.0,88.7332
4718,CA-2015-129042,20151212,EM-13960,OFF-AR-10001662,LOC00309,Standard Class,8.22,3,0.0,2.2194
4719,CA-2015-109736,20151010,DJ-13420,OFF-PA-10004101,LOC00010,First Class,45.36,7,0.0,21.7728
4720,CA-2015-142601,20150418,DE-13255,OFF-ST-10002756,LOC00026,Second Class,947.17,7,0.0,9.4717
4721,CA-2015-142601,20150418,DE-13255,OFF-PA-10000483,LOC00026,Second Class,61.96,2,0.0,27.882
4722,CA-2014-106229,20140607,NR-18550,FUR-TA-10002041,LOC00174,Second Class,268.935,3,0.5,-209.7693
4723,US-2017-135230,20170901,CK-12325,OFF-AR-10001166,LOC00006,Standard Class,7.58,1,0.0,2.9562
4724,CA-2016-159653,20160522,JF-15490,OFF-LA-10004345,LOC00507,Same Day,14.73,3,0.0,7.2177
4725,CA-2016-131968,20161111,LB-16795,OFF-BI-10002852,LOC00332,Standard Class,9.888,2,0.7,-6.9216
4726,CA-2016-131968,20161111,LB-16795,OFF-AP-10001058,LOC00332,Standard Class,671.544,3,0.2,50.3658
4727,CA-2014-119151,20141125,MP-18175,OFF-ST-10003470,LOC00030,Second Class,1117.92,4,0.0,55.896
4728,CA-2014-119151,20141125,MP-18175,FUR-BO-10003159,LOC00030,Second Class,275.952,3,0.2,-37.9434
4729,CA-2014-123323,20141107,LH-16900,OFF-BI-10003684,LOC00095,Standard Class,123.144,7,0.2,46.179
4730,CA-2016-124681,20160718,SV-20935,TEC-AC-10000487,LOC00163,Second Class,15.576,3,0.2,3.3099
4731,US-2015-103996,20150329,RB-19435,OFF-PA-10001736,LOC00189,Second Class,212.64,6,0.0,99.9408
4732,US-2015-103996,20150329,RB-19435,OFF-PA-10001609,LOC00189,Second Class,9.87,3,0.0,4.5402
4733,US-2015-103996,20150329,RB-19435,TEC-AC-10003116,LOC00189,Second Class,53.25,3,0.0,20.7675
4734,US-2015-103996,20150329,RB-19435,FUR-FU-10004586,LOC00189,Second Class,19.92,3,0.0,9.5616
4735,CA-2016-120530,20160407,Dl-13600,FUR-CH-10000454,LOC00046,Standard Class,658.746,3,0.1,146.388
4736,CA-2015-155054,20150613,PS-19045,OFF-BI-10004970,LOC00508,Standard Class,8.26,2,0.0,3.8822
4737,CA-2015-155054,20150613,PS-19045,OFF-BI-10002824,LOC00508,Standard Class,29.84,2,0.0,13.428
4738,CA-2015-155054,20150613,PS-19045,TEC-AC-10003657,LOC00508,Standard Class,67.98,2,0.0,14.9556
4739,CA-2015-105725,20150218,GT-14755,OFF-LA-10003510,LOC00107,Standard Class,61.06,2,0.0,28.0876
4740,CA-2015-105725,20150218,GT-14755,FUR-TA-10001676,LOC00107,Standard Class,35.544,1,0.2,-0.8886
4741,CA-2017-164364,20171112,CS-12355,OFF-LA-10004853,LOC00061,Standard Class,9.96,2,0.0,4.5816
4742,CA-2017-164364,20171112,CS-12355,OFF-AR-10000315,LOC00061,Standard Class,9.21,3,0.0,2.3025
4743,CA-2017-164364,20171112,CS-12355,OFF-SU-10000381,LOC00061,Standard Class,27.93,3,0.0,8.0997
4744,CA-2017-168123,20170305,JD-16060,OFF-FA-10002763,LOC00039,Same Day,7.9,2,0.0,2.528
4745,CA-2017-168123,20170305,JD-16060,OFF-ST-10000877,LOC00039,Same Day,221.16,4,0.0,57.5016
4746,CA-2017-168123,20170305,JD-16060,OFF-BI-10001071,LOC00039,Same Day,127.96,2,0.0,62.7004
4747,CA-2017-168123,20170305,JD-16060,OFF-BI-10001097,LOC00039,Same Day,18.69,3,0.0,9.1581
4748,CA-2016-120005,20160303,TS-21160,OFF-SU-10004782,LOC00095,Same Day,25.35,3,0.0,7.605
4749,CA-2016-120005,20160303,TS-21160,FUR-FU-10000672,LOC00095,Same Day,35.28,3,0.0,11.9952
4750,CA-2016-123526,20161224,BV-11245,OFF-PA-10002986,LOC00006,First Class,33.4,5,0.0,16.032
4751,CA-2016-127649,20161007,DL-13495,TEC-MA-10001972,LOC00322,First Class,837.6,3,0.2,62.82
4752,CA-2016-159989,20161209,EB-13870,TEC-PH-10000169,LOC00079,Standard Class,40.68,3,0.2,-9.153
4753,CA-2017-103499,20171120,ES-14020,FUR-CH-10001482,LOC00281,Standard Class,209.568,2,0.2,-23.5764
4754,US-2015-167220,20151212,JB-15925,TEC-AC-10002018,LOC00111,Standard Class,22.368,4,0.2,6.4308
4755,CA-2017-126354,20170203,SC-20380,OFF-BI-10000301,LOC00119,Standard Class,3.882,2,0.7,-2.588
4756,CA-2017-126354,20170203,SC-20380,OFF-PA-10004381,LOC00119,Standard Class,115.296,3,0.2,40.3536
4757,CA-2017-169817,20170921,EB-13870,OFF-BI-10004141,LOC00106,Standard Class,1.908,2,0.7,-1.5264
4758,US-2017-144582,20170430,TC-21475,OFF-BI-10001575,LOC00509,Standard Class,43.372,7,0.8,-69.3952
4759,CA-2014-121573,20141103,SG-20605,TEC-PH-10000984,LOC00030,Standard Class,783.96,4,0.0,219.5088
4760,CA-2014-121573,20141103,SG-20605,OFF-BI-10000666,LOC00030,Standard Class,48.896,2,0.2,18.336
4761,CA-2014-121573,20141103,SG-20605,OFF-BI-10003712,LOC00030,Standard Class,7.856,2,0.2,2.8478
4762,CA-2016-117660,20161230,BM-11785,OFF-LA-10003720,LOC00048,Standard Class,5.904,2,0.2,1.9926
4763,CA-2016-117660,20161230,BM-11785,OFF-SU-10001664,LOC00048,Standard Class,13.712,2,0.2,1.0284
4764,CA-2014-112851,20140917,NR-18550,OFF-EN-10001453,LOC00459,Standard Class,182.94,3,0.0,85.9818
4765,CA-2017-123701,20171124,PG-18820,OFF-AR-10001860,LOC00095,First Class,27.76,4,0.0,9.9936
4766,CA-2015-118227,20150424,DB-13270,OFF-AR-10001044,LOC00030,Standard Class,25.99,1,0.0,7.5371
4767,CA-2015-123155,20150309,NS-18640,TEC-AC-10002473,LOC00066,First Class,113.52,5,0.2,29.799
4768,CA-2015-123155,20150309,NS-18640,TEC-PH-10001809,LOC00066,First Class,359.88,3,0.2,22.4925
4769,CA-2017-158883,20170602,CS-11860,OFF-PA-10004733,LOC00223,Same Day,25.344,4,0.2,9.1872
4770,US-2016-114888,20160919,CC-12430,OFF-BI-10003355,LOC00010,Second Class,11.952,3,0.2,4.1832
4771,US-2016-114888,20160919,CC-12430,OFF-SU-10001212,LOC00010,Second Class,6.24,3,0.0,1.872
4772,US-2014-167262,20141031,AC-10450,TEC-PH-10000486,LOC00510,Second Class,742.336,8,0.2,83.5128
4773,CA-2017-119746,20171123,CM-12385,FUR-FU-10004909,LOC00027,Standard Class,6.464,1,0.6,-4.04
4774,CA-2017-119746,20171123,CM-12385,OFF-LA-10001613,LOC00027,Standard Class,11.52,5,0.2,4.176
4775,CA-2017-119746,20171123,CM-12385,TEC-PH-10004447,LOC00027,Standard Class,222.384,2,0.2,16.6788
4776,CA-2017-108091,20171116,EK-13795,OFF-AR-10000255,LOC00247,Standard Class,23.36,4,0.0,6.0736
4777,CA-2016-101630,20160219,CK-12760,OFF-LA-10004425,LOC00256,Second Class,8.67,3,0.0,4.0749
4778,CA-2016-101630,20160219,CK-12760,OFF-SU-10001664,LOC00256,Second Class,25.71,3,0.0,6.6846
4779,CA-2017-132346,20171107,PK-19075,OFF-AP-10000696,LOC00286,Standard Class,100.94,7,0.0,33.3102
4780,CA-2014-150301,20140708,MH-18025,FUR-CH-10002647,LOC00251,First Class,63.882,1,0.1,10.647
4781,CA-2014-159310,20141107,SC-20725,FUR-CH-10002758,LOC00033,Standard Class,683.144,4,0.3,0.0
4782,CA-2014-159310,20141107,SC-20725,OFF-BI-10000201,LOC00033,Standard Class,1.476,3,0.8,-2.214
4783,CA-2014-159310,20141107,SC-20725,OFF-SU-10004115,LOC00033,Standard Class,40.712,7,0.2,3.5623
4784,US-2017-147984,20170128,GB-14575,OFF-PA-10000806,LOC00478,Standard Class,279.9,5,0.0,137.151
4785,CA-2015-104346,20151211,IM-15070,OFF-AR-10001473,LOC00098,Standard Class,13.12,5,0.2,1.148
4786,CA-2015-104346,20151211,IM-15070,FUR-BO-10003450,LOC00098,Standard Class,69.576,4,0.7,-143.7904
4787,CA-2015-104346,20151211,IM-15070,OFF-AR-10001545,LOC00098,Standard Class,4.224,3,0.2,0.4752
4788,CA-2015-104346,20151211,IM-15070,TEC-AC-10004396,LOC00098,Standard Class,58.08,4,0.2,-6.534
4789,CA-2015-104346,20151211,IM-15070,FUR-FU-10002456,LOC00098,Standard Class,52.416,9,0.2,15.0696
4790,CA-2015-104346,20151211,IM-15070,FUR-FU-10001473,LOC00098,Standard Class,54.92,5,0.2,10.984
4791,CA-2015-104346,20151211,IM-15070,FUR-TA-10000849,LOC00098,Standard Class,364.95,5,0.5,-248.166
4792,CA-2015-104346,20151211,IM-15070,OFF-PA-10001166,LOC00098,Standard Class,85.056,3,0.2,28.7064
4793,CA-2015-104346,20151211,IM-15070,OFF-PA-10003256,LOC00098,Standard Class,27.696,3,0.2,9.6936
4794,US-2015-141684,20150629,MM-18055,OFF-PA-10002870,LOC00165,Standard Class,24.96,4,0.0,11.232
4795,CA-2015-144722,20150316,MF-18250,FUR-FU-10001215,LOC00002,Standard Class,43.13,1,0.0,18.1146
4796,CA-2015-120516,20150813,CK-12595,OFF-BI-10004187,LOC00511,Standard Class,5.64,3,0.0,2.7072
4797,US-2016-148901,20160514,MK-17905,OFF-BI-10001718,LOC00134,Standard Class,57.582,3,0.7,-44.1462
4798,US-2016-148901,20160514,MK-17905,OFF-PA-10004983,LOC00134,Standard Class,31.104,6,0.2,10.8864
4799,US-2016-148901,20160514,MK-17905,FUR-FU-10002396,LOC00134,Standard Class,30.192,3,0.2,8.3028
4800,US-2016-148901,20160514,MK-17905,TEC-PH-10003988,LOC00134,Standard Class,43.6,5,0.2,4.36
4801,US-2016-148901,20160514,MK-17905,OFF-AR-10002467,LOC00134,Standard Class,4.768,2,0.2,0.4172
4802,US-2016-148901,20160514,MK-17905,OFF-BI-10004002,LOC00134,Standard Class,10.38,2,0.7,-7.612
4803,US-2016-148901,20160514,MK-17905,OFF-BI-10002309,LOC00134,Standard Class,13.392,8,0.7,-9.8208
4804,CA-2017-136364,20170713,MH-17455,TEC-PH-10003885,LOC00012,Second Class,39.594,1,0.4,-7.2589
4805,CA-2017-136364,20170713,MH-17455,FUR-FU-10002501,LOC00012,Second Class,91.008,9,0.2,19.3392
4806,CA-2015-137708,20151122,NG-18430,OFF-PA-10000176,LOC00142,Second Class,37.94,2,0.0,18.2112
4807,CA-2015-137708,20151122,NG-18430,OFF-PA-10000327,LOC00142,Second Class,42.8,10,0.0,19.26
4808,CA-2015-137708,20151122,NG-18430,OFF-ST-10004634,LOC00142,Second Class,33.63,3,0.0,10.089
4809,CA-2014-149055,20141123,PB-19210,OFF-EN-10003040,LOC00064,Standard Class,62.808,3,0.2,21.1977
4810,CA-2015-151589,20151227,RE-19450,OFF-PA-10003228,LOC00425,First Class,195.64,4,0.0,91.9508
4811,CA-2015-151589,20151227,RE-19450,TEC-PH-10004345,LOC00425,First Class,239.9,2,0.0,71.97
4812,CA-2016-121370,20161114,EB-14110,FUR-CH-10000785,LOC00064,Second Class,380.058,3,0.3,-21.7176
4813,CA-2016-121370,20161114,EB-14110,TEC-CO-10004115,LOC00064,Second Class,1199.976,4,0.4,179.9964
4814,CA-2016-121370,20161114,EB-14110,FUR-FU-10002813,LOC00064,Second Class,48.576,3,0.2,9.7152
4815,CA-2016-111696,20160508,TB-21625,OFF-PA-10002751,LOC00026,First Class,17.94,3,0.0,8.073
4816,CA-2014-139598,20141226,MG-17695,OFF-PA-10004569,LOC00064,Standard Class,18.264,3,0.2,6.1641
4817,CA-2014-139598,20141226,MG-17695,OFF-AP-10002998,LOC00064,Standard Class,34.656,2,0.2,5.6316
4818,CA-2014-139598,20141226,MG-17695,OFF-AP-10003287,LOC00064,Standard Class,81.552,2,0.2,8.1552
4819,CA-2014-139598,20141226,MG-17695,OFF-ST-10001370,LOC00064,Standard Class,227.136,4,0.2,-42.588
4820,CA-2017-117436,20170608,LW-17125,OFF-BI-10004040,LOC00212,Standard Class,10.36,2,0.0,5.0764
4821,CA-2015-140025,20150407,PF-19120,OFF-AP-10002651,LOC00066,Standard Class,463.248,8,0.8,-1181.2824
4822,CA-2015-140025,20150407,PF-19120,TEC-AC-10002402,LOC00066,Standard Class,383.952,6,0.2,47.994
4823,CA-2016-134222,20160710,NZ-18565,OFF-BI-10001658,LOC00512,Same Day,44.856,6,0.7,-35.8848
4824,CA-2016-140018,20161121,CK-12205,TEC-MA-10000752,LOC00048,Standard Class,30.345,7,0.7,-24.276
4825,CA-2016-140018,20161121,CK-12205,FUR-CH-10003817,LOC00048,Standard Class,127.554,3,0.3,-9.111
4826,CA-2016-140018,20161121,CK-12205,FUR-FU-10001876,LOC00048,Standard Class,77.952,3,0.2,15.5904
4827,US-2017-136707,20171112,JE-15610,OFF-BI-10003460,LOC00002,First Class,14.016,4,0.2,4.9056
4828,CA-2014-152562,20141101,JO-15145,OFF-ST-10000464,LOC00127,Standard Class,69.52,2,0.0,19.4656
4829,CA-2014-152562,20141101,JO-15145,OFF-AR-10001919,LOC00127,Standard Class,5.64,3,0.0,1.6356
4830,CA-2016-152408,20160515,TT-21220,OFF-BI-10002393,LOC00046,Standard Class,13.776,3,0.2,4.4772
4831,CA-2014-120278,20141107,MS-17365,OFF-AP-10001293,LOC00513,Standard Class,245.88,6,0.0,68.8464
4832,CA-2014-120278,20141107,MS-17365,OFF-ST-10004258,LOC00513,Standard Class,36.63,3,0.0,9.8901
4833,CA-2014-120278,20141107,MS-17365,OFF-ST-10002214,LOC00513,Standard Class,22.58,2,0.0,5.8708
4834,CA-2014-120278,20141107,MS-17365,OFF-BI-10004970,LOC00513,Standard Class,12.39,3,0.0,5.8233
4835,CA-2017-167661,20171005,MP-18175,OFF-BI-10002571,LOC00095,Standard Class,39.92,5,0.2,13.473
4836,CA-2017-167661,20171005,MP-18175,OFF-PA-10002581,LOC00095,Standard Class,61.96,2,0.0,27.882
4837,CA-2017-167661,20171005,MP-18175,OFF-BI-10001097,LOC00095,Standard Class,19.936,4,0.2,7.2268
4838,CA-2017-106831,20170601,FH-14350,OFF-BI-10003429,LOC00083,First Class,3.798,2,0.7,-2.6586
4839,CA-2017-106831,20170601,FH-14350,OFF-PA-10000682,LOC00083,First Class,27.744,6,0.2,10.0572
4840,CA-2017-106831,20170601,FH-14350,TEC-PH-10001700,LOC00083,First Class,158.376,4,0.4,-34.3148
4841,CA-2017-154123,20171120,SC-20050,FUR-FU-10000629,LOC00001,Standard Class,27.58,2,0.0,11.5836
4842,CA-2016-136049,20161223,NM-18520,OFF-BI-10001267,LOC00393,Standard Class,5.553,3,0.7,-4.0722
4843,CA-2017-118402,20170929,JO-15280,OFF-ST-10001418,LOC00032,Standard Class,243.92,5,0.2,-54.882
4844,US-2016-139388,20161107,CC-12475,OFF-FA-10004968,LOC00101,First Class,14.96,4,0.0,0.2992
4845,US-2014-128685,20140404,MZ-17515,OFF-BI-10004140,LOC00142,First Class,7.184,2,0.2,2.245
4846,CA-2015-124044,20150723,MS-17830,OFF-BI-10003460,LOC00145,Second Class,10.512,3,0.2,3.6792
4847,CA-2014-164469,20140625,GK-14620,TEC-PH-10002115,LOC00161,Second Class,263.96,5,0.2,19.797
4848,CA-2014-164469,20140625,GK-14620,OFF-AR-10003478,LOC00161,Second Class,71.632,11,0.2,17.908
4849,CA-2014-164469,20140625,GK-14620,OFF-AR-10000475,LOC00161,Second Class,9.328,1,0.2,0.8162
4850,CA-2014-107818,20140908,MC-17275,OFF-AR-10003045,LOC00514,Standard Class,5.88,2,0.0,2.646
4851,CA-2014-107818,20140908,MC-17275,FUR-CH-10000454,LOC00514,Standard Class,975.92,5,0.2,121.99
4852,CA-2014-107818,20140908,MC-17275,OFF-AR-10000380,LOC00514,Standard Class,303.84,8,0.0,91.152
4853,CA-2014-107818,20140908,MC-17275,OFF-ST-10000736,LOC00514,Standard Class,485.88,6,0.0,19.4352
4854,CA-2014-113320,20141212,LH-17155,FUR-FU-10004270,LOC00233,Second Class,12.54,3,0.0,4.5144
4855,CA-2014-113320,20141212,LH-17155,OFF-ST-10000617,LOC00233,Second Class,8.94,3,0.0,0.6258
4856,CA-2014-113320,20141212,LH-17155,FUR-FU-10001706,LOC00233,Second Class,9.24,3,0.0,4.4352
4857,CA-2015-137526,20150113,PB-19150,OFF-BI-10003364,LOC00026,Standard Class,70.008,3,0.2,24.5028
4858,CA-2015-137526,20150113,PB-19150,FUR-FU-10001861,LOC00026,Standard Class,77.6,4,0.0,38.024
4859,CA-2015-137526,20150113,PB-19150,FUR-FU-10004845,LOC00026,Standard Class,464.85,9,0.0,92.97
4860,CA-2017-136063,20171215,SS-20140,OFF-AR-10000823,LOC00515,Standard Class,10.192,7,0.2,1.0192
4861,CA-2016-101546,20161218,GK-14620,OFF-BI-10001359,LOC00093,Standard Class,1793.98,2,0.0,843.1706
4862,CA-2014-138940,20140411,GM-14455,TEC-PH-10001835,LOC00111,Second Class,758.352,6,0.2,265.4232
4863,CA-2016-125164,20161110,SH-19975,OFF-BI-10001191,LOC00165,Standard Class,20.368,1,0.2,7.3834
4864,CA-2016-125164,20161110,SH-19975,OFF-BI-10003982,LOC00165,Standard Class,49.848,3,0.2,16.8237
4865,CA-2017-163531,20170626,SC-20725,TEC-PH-10001425,LOC00024,Standard Class,239.97,3,0.0,67.1916
4866,CA-2017-122490,20171113,TT-21070,FUR-CH-10001215,LOC00006,Standard Class,2404.704,6,0.2,150.294
4867,CA-2017-122490,20171113,TT-21070,OFF-BI-10001718,LOC00006,Standard Class,563.024,11,0.2,190.0206
4868,CA-2017-122490,20171113,TT-21070,OFF-ST-10000991,LOC00006,Standard Class,344.91,3,0.0,10.3473
4869,CA-2017-122490,20171113,TT-21070,OFF-LA-10001613,LOC00006,Standard Class,8.64,3,0.0,4.2336
4870,CA-2017-131366,20171124,SC-20440,TEC-PH-10003437,LOC00208,Standard Class,89.988,2,0.4,-14.998
4871,CA-2017-131366,20171124,SC-20440,OFF-PA-10000675,LOC00208,Standard Class,229.544,7,0.2,83.2097
4872,CA-2017-164042,20170523,KL-16645,OFF-FA-10000840,LOC00015,Standard Class,1.824,2,0.2,0.6156
4873,CA-2017-164042,20170523,KL-16645,OFF-AP-10001947,LOC00015,Standard Class,18.32,5,0.8,-46.716
4874,CA-2017-164042,20170523,KL-16645,OFF-ST-10002301,LOC00015,Standard Class,48.816,3,0.2,-11.5938
4875,CA-2017-164042,20170523,KL-16645,OFF-BI-10001922,LOC00015,Standard Class,1.188,1,0.8,-1.9602
4876,CA-2014-132864,20141202,KN-16390,TEC-AC-10001267,LOC00048,Standard Class,119.8,5,0.2,29.95
4877,US-2014-155817,20141003,SL-20155,OFF-ST-10000532,LOC00036,Standard Class,61.568,2,0.2,4.6176
4878,US-2014-155817,20141003,SL-20155,OFF-AR-10002335,LOC00036,Standard Class,6.192,3,0.2,0.4644
4879,US-2016-131891,20160729,PW-19240,OFF-BI-10000201,LOC00516,First Class,2.214,3,0.7,-1.476
4880,CA-2017-143567,20171102,TB-21175,OFF-EN-10004846,LOC00001,Second Class,5.32,2,0.0,2.6068
4881,CA-2017-143567,20171102,TB-21175,FUR-CH-10000454,LOC00001,Second Class,975.92,4,0.0,292.776
4882,CA-2017-143567,20171102,TB-21175,TEC-AC-10004145,LOC00001,Second Class,2249.91,9,0.0,517.4793
4883,CA-2017-143567,20171102,TB-21175,OFF-ST-10001580,LOC00001,Second Class,59.92,4,0.0,16.7776
4884,CA-2017-104080,20170308,AH-10210,OFF-BI-10003876,LOC00159,Standard Class,171.2,5,0.2,64.2
4885,CA-2017-104080,20170308,AH-10210,OFF-AR-10001972,LOC00159,Standard Class,3.36,2,0.0,0.8736
4886,CA-2014-151379,20141216,SC-20695,OFF-PA-10000595,LOC00084,Standard Class,114.2,5,0.0,52.532
4887,CA-2016-163167,20161128,RF-19345,FUR-CH-10004477,LOC00511,Second Class,182.67,3,0.0,52.9743
4888,CA-2016-163167,20161128,RF-19345,TEC-AC-10003441,LOC00511,Second Class,101.7,6,0.0,6.102
4889,CA-2016-163167,20161128,RF-19345,OFF-ST-10004459,LOC00511,Second Class,1126.02,3,0.0,56.301
4890,CA-2016-163167,20161128,RF-19345,OFF-ST-10003805,LOC00511,Second Class,1263.3,6,0.0,315.825
4891,CA-2016-135776,20161223,EH-13765,OFF-AR-10001246,LOC00006,Standard Class,8.82,3,0.0,2.5578
4892,CA-2016-135776,20161223,EH-13765,OFF-PA-10001295,LOC00006,Standard Class,37.94,2,0.0,18.2112
4893,CA-2016-135776,20161223,EH-13765,OFF-AR-10001231,LOC00006,Standard Class,4.2,2,0.0,1.176
4894,CA-2016-135776,20161223,EH-13765,OFF-ST-10002743,LOC00006,Standard Class,227.28,2,0.0,2.2728
4895,CA-2016-135776,20161223,EH-13765,OFF-PA-10004327,LOC00006,Standard Class,47.9,1,0.0,22.992
4896,CA-2016-135776,20161223,EH-13765,OFF-EN-10004773,LOC00006,Standard Class,61.96,2,0.0,30.3604
4897,CA-2016-135776,20161223,EH-13765,OFF-ST-10003470,LOC00006,Standard Class,1117.92,4,0.0,55.896
4898,US-2014-122021,20141015,AC-10660,FUR-CH-10003761,LOC00272,First Class,183.372,2,0.3,-7.8588
4899,US-2014-122021,20141015,AC-10660,OFF-PA-10002230,LOC00272,First Class,7.968,2,0.2,2.8884
4900,CA-2016-130484,20160822,SG-20470,OFF-BI-10000088,LOC00428,Standard Class,26.352,8,0.7,-18.4464
4901,CA-2017-120936,20171217,CA-12310,OFF-ST-10001526,LOC00159,Standard Class,481.32,4,0.0,125.1432
4902,CA-2017-120936,20171217,CA-12310,OFF-SU-10002557,LOC00159,Standard Class,13.98,1,0.0,3.6348
4903,CA-2017-110884,20170307,SH-20395,OFF-BI-10003669,LOC00046,Standard Class,25.92,6,0.2,9.072
4904,CA-2017-110884,20170307,SH-20395,OFF-LA-10003510,LOC00046,Standard Class,91.59,3,0.0,42.1314
4905,US-2014-161613,20141201,MC-17605,FUR-CH-10003746,LOC00033,Second Class,674.058,3,0.3,-19.2588
4906,US-2014-146353,20141014,JE-15610,OFF-BI-10003476,LOC00209,Second Class,22.92,4,0.0,11.0016
4907,US-2014-146353,20141014,JE-15610,OFF-ST-10001469,LOC00209,Second Class,269.9,5,0.0,16.194
4908,CA-2014-133809,20141118,MS-17530,OFF-BI-10001757,LOC00324,Second Class,11.808,8,0.7,-8.6592
4909,CA-2014-133809,20141118,MS-17530,TEC-PH-10004875,LOC00324,Second Class,9.588,2,0.4,-2.0774
4910,CA-2017-127306,20170114,BH-11710,OFF-EN-10001219,LOC00341,Standard Class,18.336,3,0.2,6.6468
4911,CA-2017-127306,20170114,BH-11710,OFF-PA-10000019,LOC00341,Standard Class,36.288,7,0.2,12.7008
4912,CA-2017-127306,20170114,BH-11710,TEC-PH-10001924,LOC00341,Standard Class,111.984,2,0.2,6.999
4913,CA-2017-127306,20170114,BH-11710,OFF-BI-10002003,LOC00341,Standard Class,5.97,5,0.7,-4.577
4914,CA-2017-127306,20170114,BH-11710,OFF-BI-10003727,LOC00341,Standard Class,2.508,2,0.7,-1.8392
4915,CA-2015-161830,20150924,ME-17725,OFF-AR-10004042,LOC00060,Second Class,35.96,2,0.0,10.4284
4916,CA-2015-161830,20150924,ME-17725,OFF-BI-10001097,LOC00060,Second Class,14.952,3,0.2,5.4201
4917,CA-2017-163125,20171009,MB-17305,OFF-AR-10004344,LOC00517,Second Class,67.144,7,0.2,5.8751
4918,CA-2017-163125,20171009,MB-17305,FUR-CH-10001802,LOC00517,Second Class,254.058,3,0.3,-32.6646
4919,CA-2016-160304,20160102,BM-11575,FUR-BO-10004709,LOC00518,Standard Class,173.94,3,0.0,38.2668
4920,CA-2016-160304,20160102,BM-11575,TEC-PH-10000455,LOC00518,Standard Class,231.98,2,0.0,67.2742
4921,CA-2017-101728,20170819,SC-20575,OFF-BI-10002393,LOC00156,Standard Class,2.296,2,0.8,-3.9032
4922,CA-2017-114055,20171225,MH-18115,OFF-PA-10004381,LOC00365,Second Class,96.08,2,0.0,46.1184
4923,CA-2017-114055,20171225,MH-18115,OFF-FA-10003059,LOC00365,Second Class,3.62,2,0.0,1.1946
4924,CA-2017-114055,20171225,MH-18115,OFF-PA-10000994,LOC00365,Second Class,629.1,6,0.0,301.968
4925,CA-2017-114055,20171225,MH-18115,TEC-PH-10002890,LOC00365,Second Class,90.48,2,0.0,23.5248
4926,CA-2017-126438,20170910,AR-10345,OFF-AR-10003338,LOC00129,First Class,14.88,2,0.0,3.72
4927,CA-2017-117653,20171019,MO-17500,FUR-TA-10003008,LOC00037,Standard Class,91.275,1,0.5,-67.5435
4928,CA-2017-143245,20171201,AD-10180,OFF-PA-10001972,LOC00070,Standard Class,19.44,3,0.0,9.3312
4929,CA-2017-143245,20171201,AD-10180,FUR-CH-10000155,LOC00070,Standard Class,897.15,3,0.0,251.202
4930,US-2014-138828,20140902,KD-16345,OFF-AR-10000658,LOC00030,First Class,57.75,5,0.0,16.17
4931,US-2014-138828,20140902,KD-16345,OFF-PA-10000349,LOC00030,First Class,14.94,3,0.0,7.0218
4932,CA-2017-143651,20170325,FM-14215,OFF-AR-10001446,LOC00006,Standard Class,23.1,2,0.0,6.93
4933,CA-2015-106978,20150928,ZC-21910,OFF-EN-10004483,LOC00043,Standard Class,12.536,1,0.2,4.2309
4934,CA-2015-106978,20150928,ZC-21910,OFF-BI-10002012,LOC00043,Standard Class,1.08,2,0.7,-0.792
4935,CA-2015-106978,20150928,ZC-21910,OFF-FA-10003021,LOC00043,Standard Class,4.512,3,0.2,0.846
4936,CA-2015-155124,20150315,KS-16300,TEC-PH-10003356,LOC00519,Standard Class,16.776,3,0.2,1.6776
4937,CA-2017-150931,20170106,DP-13390,OFF-BI-10004728,LOC00520,Standard Class,33.74,7,0.0,15.5204
4938,CA-2014-157147,20140113,BD-11605,OFF-ST-10000078,LOC00010,Standard Class,1325.85,5,0.0,238.653
4939,CA-2014-157147,20140113,BD-11605,FUR-BO-10003034,LOC00010,Standard Class,333.999,3,0.15,3.9294
4940,CA-2014-157147,20140113,BD-11605,OFF-AR-10003514,LOC00010,Standard Class,19.9,5,0.0,6.567
4941,CA-2015-156482,20150206,IL-15100,FUR-CH-10001708,LOC00050,Standard Class,1268.82,9,0.0,266.4522
4942,CA-2015-156482,20150206,IL-15100,FUR-BO-10002598,LOC00050,Standard Class,283.92,4,0.0,82.3368
4943,CA-2015-156482,20150206,IL-15100,OFF-AR-10001022,LOC00050,Standard Class,5.68,2,0.0,1.7608
4944,CA-2017-106782,20171221,LP-17095,OFF-ST-10004459,LOC00378,Standard Class,375.34,1,0.0,18.767
4945,CA-2016-151372,20160905,JH-15985,OFF-PA-10004381,LOC00415,First Class,96.08,2,0.0,46.1184
4946,CA-2016-151372,20160905,JH-15985,OFF-BI-10000050,LOC00415,First Class,11.68,2,0.2,3.942
4947,CA-2016-151372,20160905,JH-15985,OFF-FA-10000304,LOC00415,First Class,4.36,2,0.0,1.7876
4948,CA-2014-102085,20141004,JD-16015,OFF-LA-10002475,LOC00061,Standard Class,29.24,4,0.0,13.7428
4949,CA-2017-107125,20171127,BD-11320,OFF-BI-10001989,LOC00063,Standard Class,117.488,7,0.2,41.1208
4950,CA-2017-107125,20171127,BD-11320,FUR-FU-10000732,LOC00063,Standard Class,18.84,3,0.0,6.0288
4951,CA-2016-125815,20161028,DL-13330,OFF-AR-10004441,LOC00030,Second Class,12.42,3,0.0,5.2164
4952,CA-2015-144190,20150609,NC-18415,OFF-PA-10000304,LOC00248,Standard Class,12.96,2,0.0,6.2208
4953,CA-2017-117926,20171208,AS-10225,OFF-AP-10002670,LOC00010,Second Class,69.48,1,0.0,20.844
4954,CA-2015-153906,20150316,MS-17980,TEC-PH-10001527,LOC00030,Standard Class,85.9,2,0.0,2.577
4955,CA-2014-160262,20140609,TS-21205,OFF-AR-10002335,LOC00284,Second Class,18.06,7,0.0,4.6956
4956,CA-2014-160262,20140609,TS-21205,OFF-PA-10003641,LOC00284,Second Class,79.14,3,0.0,36.4044
4957,CA-2014-160262,20140609,TS-21205,FUR-FU-10002685,LOC00284,Second Class,37.4,2,0.0,14.212
4958,CA-2015-127607,20150320,JK-15730,OFF-BI-10001308,LOC00297,Standard Class,2.512,2,0.8,-4.396
4959,CA-2015-127607,20150320,JK-15730,OFF-FA-10003485,LOC00297,Standard Class,18.864,9,0.2,6.1308
4960,CA-2016-166226,20161118,TC-21535,TEC-PH-10003357,LOC00142,Standard Class,61.192,1,0.2,6.1192
4961,CA-2016-166226,20161118,TC-21535,OFF-AP-10002867,LOC00142,Standard Class,67.84,1,0.0,18.3168
4962,CA-2014-156587,20140307,AB-10015,FUR-CH-10004477,LOC00006,First Class,48.712,1,0.2,5.4801
4963,CA-2014-156587,20140307,AB-10015,OFF-AR-10001427,LOC00006,First Class,17.94,3,0.0,4.6644
4964,CA-2014-156587,20140307,AB-10015,OFF-ST-10002344,LOC00006,First Class,242.94,3,0.0,4.8588
4965,CA-2016-141180,20160515,DP-13000,OFF-BI-10000301,LOC00003,Second Class,7.764,4,0.7,-5.176
4966,CA-2015-109708,20150525,CY-12745,TEC-PH-10001944,LOC00085,Second Class,467.04,4,0.2,58.38
4967,CA-2015-122406,20150802,BE-11455,TEC-PH-10001527,LOC00260,Second Class,128.85,3,0.0,3.8655
4968,CA-2015-122406,20150802,BE-11455,OFF-PA-10001307,LOC00260,Second Class,8.4,2,0.0,4.116
4969,CA-2015-122406,20150802,BE-11455,TEC-AC-10004571,LOC00260,Second Class,199.98,2,0.0,83.9916
4970,CA-2015-122406,20150802,BE-11455,FUR-CH-10001973,LOC00260,Second Class,110.98,1,0.0,15.5372
4971,US-2016-153815,20161106,KL-16555,FUR-CH-10000513,LOC00134,First Class,207.984,2,0.2,-28.5978
4972,US-2016-153815,20161106,KL-16555,OFF-PA-10002421,LOC00134,First Class,36.112,2,0.2,12.6392
4973,US-2016-153815,20161106,KL-16555,FUR-FU-10004090,LOC00134,First Class,35.568,2,0.2,5.7798
4974,US-2016-153815,20161106,KL-16555,OFF-PA-10004071,LOC00134,First Class,88.768,2,0.2,31.0688
4975,CA-2016-164896,20161107,PS-19045,OFF-PA-10002246,LOC00219,Standard Class,12.9,2,0.0,6.321
4976,CA-2015-142202,20150918,JR-16210,TEC-AC-10003198,LOC00134,Second Class,717.12,9,0.2,152.388
4977,CA-2015-165050,20151207,AH-10210,OFF-BI-10001031,LOC00024,First Class,21.36,5,0.2,7.209
4978,CA-2015-165050,20151207,AH-10210,OFF-BI-10003727,LOC00024,First Class,6.688,2,0.2,2.3408
4979,CA-2015-165050,20151207,AH-10210,TEC-PH-10001336,LOC00024,First Class,773.94,6,0.0,224.4426
4980,US-2016-131114,20161209,RW-19630,OFF-SU-10001664,LOC00027,Second Class,20.568,3,0.2,1.5426
4981,US-2016-131114,20161209,RW-19630,OFF-AP-10003971,LOC00027,Second Class,4.356,2,0.8,-11.7612
4982,US-2016-131114,20161209,RW-19630,TEC-AC-10000199,LOC00027,Second Class,19.04,4,0.2,-1.428
4983,CA-2014-160066,20141116,AH-10075,OFF-LA-10001045,LOC00126,Standard Class,5.22,2,0.0,2.4012
4984,CA-2016-109925,20161106,IM-15070,OFF-ST-10003442,LOC00189,Second Class,84.84,3,0.0,22.9068
4985,CA-2015-160696,20150906,CK-12760,OFF-FA-10003059,LOC00396,Standard Class,7.24,5,0.2,1.1765
4986,CA-2014-125171,20140903,AG-10390,OFF-LA-10001175,LOC00030,Same Day,14.4,5,0.0,7.056
4987,CA-2016-149279,20160424,CL-12700,OFF-PA-10003441,LOC00098,Standard Class,15.552,3,0.2,5.4432
4988,CA-2016-149279,20160424,CL-12700,FUR-CH-10004287,LOC00098,Standard Class,1325.76,6,0.2,149.148
4989,CA-2016-149279,20160424,CL-12700,OFF-BI-10004040,LOC00098,Standard Class,3.108,2,0.7,-2.1756
4990,CA-2017-107321,20170831,AW-10930,OFF-BI-10004022,LOC00095,Standard Class,6.672,3,0.2,2.1684
4991,CA-2017-107321,20170831,AW-10930,TEC-PH-10002200,LOC00095,Standard Class,689.408,4,0.2,77.5584
4992,US-2017-122714,20171207,HG-14965,OFF-BI-10001120,LOC00156,Standard Class,1889.99,5,0.8,-2929.4845
4993,CA-2015-153038,20151218,RB-19645,OFF-EN-10000461,LOC00032,Standard Class,55.936,8,0.2,18.8784
4994,CA-2015-153038,20151218,RB-19645,OFF-LA-10004008,LOC00032,Standard Class,18.432,8,0.2,5.9904
4995,CA-2015-153038,20151218,RB-19645,FUR-FU-10000221,LOC00032,Standard Class,20.32,5,0.2,3.556
4996,CA-2014-132227,20141104,SZ-20035,OFF-BI-10000962,LOC00165,Standard Class,52.064,4,0.2,18.8732
4997,CA-2017-155824,20170310,KS-16300,OFF-AP-10000390,LOC00315,Standard Class,48.784,1,0.2,3.6588
4998,CA-2017-155824,20170310,KS-16300,OFF-BI-10000014,LOC00315,Standard Class,13.092,4,0.7,-10.0372
4999,CA-2016-129238,20160131,SC-20050,TEC-PH-10004120,LOC00063,Standard Class,109.592,1,0.2,8.2194
5000,CA-2016-129238,20160131,SC-20050,OFF-PA-10002764,LOC00063,Standard Class,56.7,5,0.0,27.783
5001,CA-2017-159688,20170507,AB-10060,TEC-AC-10000736,LOC00026,Standard Class,79.99,1,0.0,28.7964
5002,CA-2016-136126,20160524,EH-14125,OFF-SU-10000898,LOC00390,Same Day,69.5,5,0.0,20.155
5003,CA-2016-136126,20160524,EH-14125,OFF-PA-10004327,LOC00390,Same Day,191.6,4,0.0,91.968
5004,CA-2016-155033,20161007,CC-12475,OFF-PA-10000143,LOC00004,Standard Class,10.56,2,0.0,5.0688
5005,CA-2014-156006,20140430,TM-21010,TEC-AC-10002550,LOC00130,Second Class,47.79,3,0.0,16.2486
5006,CA-2015-158659,20151110,SC-20695,OFF-ST-10003306,LOC00239,Second Class,714.3,5,0.0,207.147
5007,CA-2015-169796,20151109,Dp-13240,TEC-MA-10000045,LOC00046,Standard Class,2321.9,2,0.0,1114.512
5008,CA-2015-169796,20151109,Dp-13240,OFF-ST-10001505,LOC00046,Standard Class,17.94,3,0.0,3.0498
5009,CA-2015-102876,20150907,LR-17035,OFF-BI-10004781,LOC00064,Standard Class,9.522,1,0.7,-6.9828
5010,CA-2015-102876,20150907,LR-17035,TEC-PH-10002680,LOC00064,Standard Class,791.964,6,0.4,-131.994
5011,CA-2015-102876,20150907,LR-17035,OFF-BI-10000848,LOC00064,Standard Class,4.923,3,0.7,-3.9384
5012,US-2017-139647,20170511,TS-21370,FUR-BO-10004467,LOC00052,First Class,209.979,7,0.7,-356.9643
5013,US-2017-160465,20170721,SW-20350,OFF-BI-10001670,LOC00178,Standard Class,33.93,3,0.7,-22.62
5014,US-2017-160465,20170721,SW-20350,OFF-ST-10000136,LOC00178,Standard Class,222.32,7,0.2,25.011
5015,US-2017-160465,20170721,SW-20350,TEC-PH-10004522,LOC00178,Standard Class,210.564,6,0.4,-52.641
5016,CA-2014-153850,20141124,TH-21100,FUR-FU-10002960,LOC00214,Standard Class,35.168,7,0.2,9.6712
5017,CA-2014-153850,20141124,TH-21100,TEC-PH-10002584,LOC00214,Standard Class,1502.376,4,0.4,-250.396
5018,CA-2014-127558,20141115,SS-20410,FUR-FU-10002505,LOC00142,First Class,10.11,3,0.0,3.2352
5019,CA-2014-127558,20141115,SS-20410,TEC-AC-10003832,LOC00142,First Class,772.47,3,0.0,146.7693
5020,CA-2014-127558,20141115,SS-20410,OFF-SU-10002537,LOC00142,First Class,20.46,2,0.0,5.3196
5021,CA-2017-136511,20170323,MZ-17515,OFF-SU-10003505,LOC00165,Second Class,347.58,3,0.0,17.379
5022,CA-2016-133795,20161218,JE-15475,TEC-AC-10001465,LOC00089,Standard Class,72.64,2,0.0,21.792
5023,CA-2016-133795,20161218,JE-15475,TEC-AC-10003832,LOC00089,Standard Class,772.47,3,0.0,146.7693
5024,CA-2016-133795,20161218,JE-15475,FUR-FU-10003731,LOC00089,Standard Class,39.92,4,0.0,11.1776
5025,US-2017-130953,20170729,RF-19735,OFF-BI-10004828,LOC00337,Standard Class,33.48,2,0.0,16.4052
5026,US-2017-130953,20170729,RF-19735,TEC-PH-10003012,LOC00337,Standard Class,461.97,3,0.0,133.9713
5027,US-2017-130953,20170729,RF-19735,OFF-AP-10002311,LOC00337,Standard Class,137.62,2,0.0,60.5528
5028,US-2017-130953,20170729,RF-19735,FUR-CH-10004626,LOC00337,Standard Class,302.67,3,0.0,72.6408
5029,CA-2014-151792,20140902,CV-12295,TEC-AC-10001606,LOC00156,Second Class,239.976,3,0.2,53.9946
5030,CA-2017-139304,20170129,VG-21790,OFF-AR-10001216,LOC00010,Standard Class,8.34,3,0.0,2.1684
5031,CA-2017-139304,20170129,VG-21790,OFF-SU-10001664,LOC00010,Standard Class,8.57,1,0.0,2.2282
5032,CA-2017-139304,20170129,VG-21790,OFF-BI-10002498,LOC00010,Standard Class,119.616,8,0.2,40.3704
5033,CA-2016-155166,20161226,BB-11545,FUR-CH-10003968,LOC00276,Standard Class,212.94,3,0.0,25.5528
5034,CA-2016-155166,20161226,BB-11545,OFF-AP-10002765,LOC00276,Standard Class,26.49,1,0.0,7.4172
5035,CA-2015-103954,20150809,HR-14770,FUR-BO-10004690,LOC00202,Second Class,687.4,5,0.0,48.118
5036,CA-2014-169803,20140406,SC-20260,FUR-TA-10000688,LOC00061,Standard Class,653.55,3,0.0,111.1035
5037,CA-2014-169803,20140406,SC-20260,TEC-AC-10003441,LOC00061,Standard Class,33.9,2,0.0,2.034
5038,CA-2017-141719,20171117,EG-13900,TEC-AC-10003610,LOC00018,Second Class,239.96,5,0.2,83.986
5039,CA-2015-136469,20150711,TS-21370,FUR-TA-10001520,LOC00050,First Class,199.836,4,0.3,-37.1124
5040,CA-2015-136469,20150711,TS-21370,TEC-PH-10001817,LOC00050,First Class,716.0,2,0.0,193.32
5041,CA-2015-136469,20150711,TS-21370,OFF-BI-10004492,LOC00050,First Class,221.06,7,0.0,103.8982
5042,CA-2016-158694,20161110,AI-10855,OFF-PA-10002421,LOC00002,Second Class,67.71,3,0.0,32.5008
5043,CA-2016-158694,20161110,AI-10855,OFF-AP-10000055,LOC00002,Second Class,129.92,4,0.0,38.976
5044,CA-2016-158694,20161110,AI-10855,FUR-FU-10000965,LOC00002,Second Class,467.46,9,0.0,191.6586
5045,CA-2016-158694,20161110,AI-10855,OFF-PA-10001363,LOC00002,Second Class,61.4,5,0.0,28.858
5046,CA-2016-158694,20161110,AI-10855,OFF-ST-10001496,LOC00002,Second Class,720.76,4,0.0,187.3976
5047,CA-2016-158694,20161110,AI-10855,OFF-BI-10004656,LOC00002,Second Class,5.184,3,0.2,1.8144
5048,CA-2016-158694,20161110,AI-10855,OFF-AR-10001227,LOC00002,Second Class,14.7,5,0.0,3.969
5049,US-2014-104759,20140331,DD-13570,OFF-BI-10002071,LOC00027,Standard Class,8.134,7,0.8,-13.8278
5050,US-2014-104759,20140331,DD-13570,TEC-AC-10004901,LOC00027,Standard Class,79.984,2,0.2,13.9972
5051,CA-2015-150511,20150918,AB-10060,OFF-PA-10001776,LOC00120,Standard Class,18.54,2,0.0,8.7138
5052,CA-2015-134922,20151107,KB-16240,OFF-EN-10000483,LOC00012,Standard Class,24.4,2,0.2,7.93
5053,US-2017-120607,20170519,JC-15775,OFF-PA-10003129,LOC00149,Same Day,195.64,4,0.0,91.9508
5054,CA-2015-141243,20150103,AH-10465,TEC-AC-10003198,LOC00163,Second Class,398.4,5,0.2,84.66
5055,CA-2015-141243,20150103,AH-10465,OFF-AR-10001246,LOC00163,Second Class,7.056,3,0.2,0.7938
5056,CA-2015-141243,20150103,AH-10465,FUR-BO-10003272,LOC00163,Second Class,1352.3976,9,0.32,-437.5404
5057,CA-2015-162166,20150908,NM-18520,OFF-PA-10002606,LOC00521,First Class,26.4,5,0.0,11.88
5058,CA-2015-162166,20150908,NM-18520,OFF-ST-10002486,LOC00521,First Class,41.88,6,0.0,0.8376
5059,CA-2016-120796,20160403,CS-11950,OFF-BI-10004330,LOC00012,Standard Class,99.846,9,0.7,-83.205
5060,CA-2016-109722,20161205,TP-21130,TEC-PH-10000560,LOC00522,Second Class,699.98,2,0.0,195.9944
5061,CA-2016-109722,20161205,TP-21130,OFF-ST-10000060,LOC00522,Second Class,584.82,9,0.0,70.1784
5062,CA-2015-136798,20150508,DL-12925,OFF-BI-10003684,LOC00040,Standard Class,43.98,2,0.0,21.99
5063,CA-2015-136798,20150508,DL-12925,TEC-PH-10000441,LOC00040,Standard Class,377.97,3,0.0,105.8316
5064,CA-2015-136798,20150508,DL-12925,FUR-FU-10000723,LOC00040,Standard Class,123.96,3,0.0,11.1564
5065,CA-2017-122196,20170922,CA-12265,TEC-PH-10004977,LOC00050,First Class,391.98,2,0.0,113.6742
5066,CA-2017-142090,20171130,SC-20380,TEC-AC-10002001,LOC00180,Standard Class,383.976,3,0.2,81.5949
5067,CA-2017-142090,20171130,SC-20380,FUR-TA-10001889,LOC00180,Standard Class,1781.682,7,0.4,-653.2834
5068,CA-2017-160934,20170115,TT-21460,OFF-AR-10003504,LOC00142,Standard Class,21.4,5,0.0,6.206
5069,CA-2014-124478,20140808,MA-17560,TEC-CO-10001571,LOC00191,Standard Class,549.99,1,0.0,274.995
5070,CA-2014-124478,20140808,MA-17560,OFF-AP-10002495,LOC00191,Standard Class,167.535,3,0.1,37.23
5071,CA-2014-124478,20140808,MA-17560,OFF-EN-10002500,LOC00191,Standard Class,38.34,3,0.0,17.253
5072,CA-2014-124478,20140808,MA-17560,FUR-FU-10002088,LOC00191,Standard Class,53.88,6,0.0,22.6296
5073,CA-2014-124478,20140808,MA-17560,TEC-PH-10001128,LOC00191,Standard Class,299.98,2,0.0,83.9944
5074,CA-2015-145485,20151105,JM-16195,OFF-ST-10000649,LOC00010,Same Day,62.8,4,0.0,15.7
5075,CA-2017-151071,20170425,MB-18085,OFF-BI-10002103,LOC00014,Second Class,13.904,2,0.2,4.5188
5076,CA-2014-134572,20140420,SV-20365,FUR-TA-10001705,LOC00033,Second Class,744.1,5,0.3,-95.67
5077,CA-2014-134572,20140420,SV-20365,OFF-ST-10004634,LOC00033,Second Class,44.84,5,0.2,5.605
5078,CA-2014-134572,20140420,SV-20365,FUR-TA-10004442,LOC00033,Second Class,401.59,2,0.3,-131.951
5079,CA-2017-143217,20171111,CG-12040,OFF-BI-10002949,LOC00202,Standard Class,18.24,3,0.0,8.5728
5080,US-2017-133312,20171125,BD-11500,FUR-BO-10002213,LOC00035,Standard Class,359.499,3,0.15,-29.6058
5081,US-2017-133312,20171125,BD-11500,OFF-ST-10001325,LOC00035,Standard Class,10.48,1,0.0,2.8296
5082,US-2015-137533,20151218,JK-15640,OFF-PA-10003441,LOC00178,Same Day,20.736,4,0.2,7.2576
5083,CA-2016-155138,20160908,JM-15580,TEC-AC-10004209,LOC00234,Standard Class,35.168,4,0.2,8.3524
5084,CA-2016-155138,20160908,JM-15580,OFF-PA-10000501,LOC00234,Standard Class,64.704,3,0.2,23.4552
5085,CA-2016-108350,20160606,SC-20230,OFF-PA-10003656,LOC00112,Second Class,105.52,4,0.0,48.5392
5086,CA-2015-144302,20150619,ME-17320,OFF-BI-10001107,LOC00177,Standard Class,5.792,2,0.8,-9.5568
5087,CA-2015-109001,20150305,KN-16390,TEC-PH-10000562,LOC00075,Standard Class,466.158,7,0.4,-93.2316
5088,CA-2015-109001,20150305,KN-16390,TEC-AC-10001101,LOC00075,Standard Class,10.312,1,0.2,-1.289
5089,CA-2015-109001,20150305,KN-16390,OFF-BI-10003529,LOC00075,Standard Class,2.556,3,0.7,-1.7892
5090,CA-2017-132738,20170804,HM-14860,OFF-PA-10001752,LOC00523,First Class,7.968,2,0.2,2.8884
5091,CA-2017-132738,20170804,HM-14860,OFF-EN-10001141,LOC00523,First Class,8.784,1,0.2,3.1842
5092,CA-2017-156720,20171230,JM-15580,OFF-FA-10003472,LOC00523,Standard Class,3.024,3,0.2,-0.6048
5093,CA-2015-119102,20150523,KH-16690,OFF-ST-10004507,LOC00470,Standard Class,51.45,3,0.0,13.8915
5094,US-2014-140452,20141206,BK-11260,OFF-AP-10004036,LOC00027,Standard Class,14.016,4,0.8,-31.536
5095,US-2014-140452,20141206,BK-11260,FUR-TA-10004086,LOC00027,Standard Class,214.95,5,0.5,-120.372
5096,US-2014-140452,20141206,BK-11260,TEC-PH-10000307,LOC00027,Standard Class,35.04,4,0.2,-7.008
5097,US-2014-140452,20141206,BK-11260,FUR-FU-10002088,LOC00027,Standard Class,10.776,3,0.6,-4.8492
5098,US-2014-140452,20141206,BK-11260,OFF-BI-10004965,LOC00027,Standard Class,4.6,2,0.8,-8.05
5099,US-2014-140452,20141206,BK-11260,OFF-ST-10002485,LOC00027,Standard Class,35.168,2,0.2,-8.3524
5100,CA-2015-141936,20150807,PN-18775,OFF-BI-10002194,LOC00411,Standard Class,19.152,3,0.2,6.4638
5101,CA-2014-158442,20140317,AZ-10750,OFF-AR-10003732,LOC00163,Same Day,4.448,2,0.2,0.3336
5102,CA-2014-158442,20140317,AZ-10750,OFF-PA-10002195,LOC00163,Same Day,5.184,1,0.2,1.8792
5103,CA-2014-158442,20140317,AZ-10750,OFF-PA-10002365,LOC00163,Same Day,15.552,3,0.2,5.4432
5104,CA-2015-167374,20150326,GM-14500,OFF-PA-10001950,LOC00012,Second Class,40.032,6,0.2,12.51
5105,CA-2015-167374,20150326,GM-14500,TEC-AC-10004633,LOC00012,Second Class,16.776,3,0.2,5.0328
5106,CA-2014-116568,20141214,BM-11785,FUR-CH-10002439,LOC00263,Standard Class,186.304,4,0.2,13.9728
5107,CA-2015-147102,20150919,NH-18610,TEC-AC-10000682,LOC00113,Standard Class,66.36,4,0.0,23.226
5108,CA-2017-132213,20170425,PN-18775,OFF-AR-10004078,LOC00396,First Class,42.048,9,0.2,5.256
5109,CA-2017-132213,20170425,PN-18775,OFF-AR-10001958,LOC00396,First Class,67.92,5,0.2,6.792
5110,CA-2014-138450,20141018,EH-13765,OFF-EN-10001335,LOC00064,Standard Class,52.512,6,0.2,19.692
5111,CA-2014-138450,20141018,EH-13765,OFF-ST-10003479,LOC00064,Standard Class,186.912,6,0.2,-35.046
5112,CA-2014-138450,20141018,EH-13765,OFF-PA-10003016,LOC00064,Standard Class,10.048,4,0.2,3.14
5113,CA-2015-153073,20151113,HA-14905,FUR-FU-10001025,LOC00027,Same Day,17.496,9,0.6,-7.4358
5114,CA-2016-147970,20160131,AB-10150,OFF-PA-10003936,LOC00078,Second Class,15.552,3,0.2,5.4432
5115,CA-2016-150658,20161117,MS-17365,OFF-BI-10004140,LOC00065,Standard Class,10.776,3,0.2,3.3675
5116,CA-2017-125640,20170725,DD-13570,OFF-LA-10004178,LOC00064,Standard Class,3.304,1,0.2,1.0738
5117,CA-2017-154137,20171111,MT-17815,OFF-ST-10003324,LOC00030,Standard Class,35.48,1,0.0,0.0
5118,CA-2015-127173,20150926,GM-14500,OFF-FA-10004854,LOC00188,Standard Class,34.44,3,0.0,16.1868
5119,CA-2015-127173,20150926,GM-14500,TEC-MA-10002859,LOC00188,Standard Class,629.93,7,0.0,296.0671
5120,CA-2015-127173,20150926,GM-14500,OFF-BI-10000088,LOC00188,Standard Class,79.056,9,0.2,28.6578
5121,CA-2014-149538,20140404,KB-16585,OFF-ST-10004180,LOC00300,Standard Class,232.55,5,0.0,9.302
5122,CA-2014-149538,20140404,KB-16585,TEC-AC-10002926,LOC00300,Standard Class,99.98,2,0.0,42.9914
5123,CA-2014-149538,20140404,KB-16585,OFF-PA-10003797,LOC00300,Standard Class,19.44,3,0.0,9.3312
5124,CA-2014-149538,20140404,KB-16585,OFF-PA-10002195,LOC00300,Standard Class,12.96,2,0.0,6.3504
5125,CA-2014-160766,20140914,DM-13015,FUR-TA-10001039,LOC00030,Same Day,464.292,9,0.4,-108.3348
5126,CA-2014-160766,20140914,DM-13015,OFF-EN-10001099,LOC00030,Same Day,68.46,7,0.0,31.4916
5127,CA-2014-160766,20140914,DM-13015,TEC-MA-10003979,LOC00030,Same Day,2799.96,4,0.0,1371.9804
5128,CA-2014-160766,20140914,DM-13015,OFF-AP-10002945,LOC00030,Same Day,601.3,2,0.0,198.429
5129,CA-2014-160766,20140914,DM-13015,TEC-PH-10001536,LOC00030,Same Day,16.99,1,0.0,4.4174
5130,CA-2014-160766,20140914,DM-13015,TEC-PH-10000526,LOC00030,Same Day,287.97,3,0.0,80.6316
5131,CA-2014-160766,20140914,DM-13015,OFF-PA-10000213,LOC00030,Same Day,44.82,9,0.0,21.0654
5132,CA-2017-146626,20171229,BP-11185,FUR-FU-10002501,LOC00159,Standard Class,101.12,8,0.0,37.4144
5133,CA-2015-123330,20150621,EP-13915,TEC-PH-10001819,LOC00263,Standard Class,107.976,3,0.2,37.7916
5134,CA-2017-155607,20171126,FG-14260,OFF-AP-10001962,LOC00030,Standard Class,58.73,7,0.0,14.6825
5135,CA-2017-155607,20171126,FG-14260,OFF-BI-10003364,LOC00030,Standard Class,93.344,4,0.2,32.6704
5136,CA-2016-151323,20161023,AB-10255,OFF-FA-10002983,LOC00006,Standard Class,17.05,5,0.0,8.184
5137,CA-2015-146696,20151214,RD-19480,OFF-BI-10002432,LOC00189,Standard Class,8.096,2,0.2,2.7324
5138,CA-2016-128972,20161113,TS-21430,FUR-FU-10003096,LOC00337,Standard Class,30.36,4,0.0,13.0548
5139,CA-2017-128335,20170929,JA-15970,OFF-EN-10001539,LOC00185,Standard Class,23.34,3,0.0,10.9698
5140,CA-2017-128335,20170929,JA-15970,OFF-PA-10004996,LOC00185,Standard Class,51.55,5,0.0,24.2285
5141,CA-2015-154886,20151108,SW-20455,TEC-AC-10001956,LOC00010,Standard Class,119.9,2,0.0,43.164
5142,CA-2016-111213,20160401,FP-14320,FUR-CH-10000454,LOC00030,Standard Class,1317.492,6,0.1,292.776
5143,CA-2016-111213,20160401,FP-14320,OFF-SU-10000946,LOC00030,Standard Class,63.84,8,0.0,18.5136
5144,CA-2016-111213,20160401,FP-14320,OFF-BI-10004140,LOC00030,Standard Class,3.592,1,0.2,1.1225
5145,CA-2017-161333,20170202,JL-15835,FUR-FU-10003039,LOC00063,Standard Class,86.26,2,0.0,29.3284
5146,CA-2017-161333,20170202,JL-15835,OFF-ST-10000464,LOC00063,Standard Class,139.04,4,0.0,38.9312
5147,CA-2017-161333,20170202,JL-15835,OFF-AP-10000252,LOC00063,Standard Class,46.8,4,0.0,16.38
5148,CA-2017-128734,20171224,JL-15175,FUR-FU-10001731,LOC00524,Standard Class,8.544,4,0.2,1.9224
5149,CA-2017-128734,20171224,JL-15175,FUR-CH-10001394,LOC00524,Standard Class,842.376,3,0.2,105.297
5150,CA-2014-141796,20140621,JG-15160,TEC-PH-10001578,LOC00256,Same Day,1214.85,3,0.0,352.3065
5151,CA-2017-125101,20170306,SH-19975,OFF-ST-10000675,LOC00010,Second Class,67.78,2,0.0,16.945
5152,CA-2017-169929,20170925,LS-17200,OFF-ST-10002352,LOC00525,First Class,39.9,5,0.0,10.374
5153,US-2014-121566,20140630,CS-11860,OFF-BI-10004528,LOC00165,Standard Class,2.688,1,0.2,0.84
5154,US-2014-121566,20140630,CS-11860,OFF-AR-10001026,LOC00165,Standard Class,6.6,3,0.0,2.904
5155,US-2015-124219,20150807,KW-16570,OFF-BI-10002215,LOC00526,First Class,28.4,4,0.0,13.064
5156,US-2015-124219,20150807,KW-16570,FUR-FU-10000305,LOC00526,First Class,212.94,3,0.0,34.0704
5157,CA-2017-163006,20170630,GH-14410,TEC-PH-10002584,LOC00156,Second Class,1001.584,2,0.2,125.198
5158,CA-2017-163006,20170630,GH-14410,FUR-CH-10000229,LOC00156,Second Class,569.058,3,0.3,-178.8468
5159,CA-2017-163006,20170630,GH-14410,FUR-FU-10003799,LOC00156,Second Class,14.224,2,0.6,-10.3124
5160,CA-2015-156146,20151026,AG-10495,TEC-PH-10001700,LOC00346,Second Class,105.584,2,0.2,9.2386
5161,CA-2015-156146,20151026,AG-10495,TEC-PH-10001527,LOC00346,Second Class,68.72,2,0.2,-14.603
5162,CA-2014-111192,20140730,TS-21430,FUR-BO-10002916,LOC00006,Standard Class,1367.84,8,0.0,259.8896
5163,CA-2016-115378,20161118,AJ-10945,FUR-CH-10000863,LOC00100,Second Class,301.96,2,0.0,33.2156
5164,CA-2015-161627,20150706,SJ-20215,FUR-CH-10003968,LOC00055,Standard Class,170.352,3,0.2,-17.0352
5165,CA-2014-121006,20141110,SC-20020,OFF-AR-10001149,LOC00375,Standard Class,3.9,2,0.0,1.521
5166,CA-2014-121006,20141110,SC-20020,OFF-PA-10000130,LOC00375,Standard Class,12.84,3,0.0,5.778
5167,CA-2014-121006,20141110,SC-20020,OFF-PA-10002479,LOC00375,Standard Class,15.84,3,0.0,7.128
5168,CA-2014-121006,20141110,SC-20020,FUR-CH-10004997,LOC00375,Standard Class,563.94,3,0.0,112.788
5169,CA-2014-121006,20141110,SC-20020,OFF-ST-10004950,LOC00375,Standard Class,62.94,3,0.0,11.9586
5170,CA-2014-121006,20141110,SC-20020,OFF-ST-10001490,LOC00375,Standard Class,535.41,3,0.0,160.623
5171,CA-2016-122903,20160527,LA-16780,FUR-CH-10002024,LOC00186,Second Class,3504.9,5,0.0,700.98
5172,CA-2016-122903,20160527,LA-16780,OFF-PA-10001790,LOC00186,Second Class,144.12,3,0.0,69.1776
5173,CA-2016-122903,20160527,LA-16780,OFF-PA-10000994,LOC00186,Second Class,314.55,3,0.0,150.984
5174,CA-2015-107741,20150308,FC-14335,OFF-AR-10002399,LOC00261,First Class,3.408,1,0.2,0.8946
5175,CA-2017-106432,20171019,CA-12265,OFF-BI-10002799,LOC00527,Standard Class,2.072,2,0.8,-3.5224
5176,CA-2017-106432,20171019,CA-12265,FUR-BO-10004360,LOC00527,Standard Class,328.3992,3,0.32,-91.7586
5177,CA-2016-148908,20161105,JH-15985,OFF-BI-10002082,LOC00010,First Class,53.248,2,0.2,19.968
5178,CA-2016-123015,20161226,AJ-10795,OFF-BI-10004967,LOC00024,Standard Class,4.992,3,0.2,1.6848
5179,US-2015-120502,20150413,BT-11395,FUR-FU-10004973,LOC00002,Standard Class,37.68,2,0.0,15.8256
5180,US-2015-120502,20150413,BT-11395,TEC-PH-10003645,LOC00002,Standard Class,258.576,2,0.2,19.3932
5181,US-2015-120502,20150413,BT-11395,OFF-AP-10004980,LOC00002,Standard Class,75.84,2,0.0,29.5776
5182,CA-2017-108749,20170912,DJ-13510,OFF-PA-10003797,LOC00470,First Class,45.36,7,0.0,21.7728
5183,CA-2017-108749,20170912,DJ-13510,OFF-BI-10003707,LOC00470,First Class,45.78,3,0.0,22.89
5184,CA-2017-163335,20170924,AG-10675,OFF-ST-10000885,LOC00113,First Class,40.29,3,0.0,10.0725
5185,CA-2017-163335,20170924,AG-10675,OFF-BI-10002827,LOC00113,First Class,38.71,7,0.0,17.8066
5186,CA-2015-134719,20151010,JD-15790,OFF-ST-10004459,LOC00134,Standard Class,1801.632,6,0.2,-337.806
5187,US-2015-154389,20151127,EH-14125,TEC-PH-10002789,LOC00012,Standard Class,748.752,8,0.4,-162.2296
5188,CA-2015-115567,20150913,ZC-21910,TEC-AC-10001314,LOC00135,Standard Class,199.96,4,0.0,15.9968
5189,CA-2015-115567,20150913,ZC-21910,FUR-CH-10000015,LOC00135,Standard Class,1516.2,7,0.0,394.212
5190,US-2017-136679,20171114,XP-21865,TEC-AC-10004855,LOC00090,Standard Class,167.952,6,0.2,-27.2922
5191,US-2017-136679,20171114,XP-21865,OFF-AR-10003582,LOC00090,Standard Class,45.04,2,0.2,4.504
5192,US-2017-141943,20170505,DK-12985,OFF-EN-10003448,LOC00035,Standard Class,23.16,2,0.0,11.58
5193,CA-2014-101560,20141128,CS-12250,FUR-FU-10003773,LOC00038,Second Class,397.6,5,0.0,43.736
5194,CA-2014-101560,20141128,CS-12250,OFF-PA-10001363,LOC00038,Second Class,85.96,7,0.0,40.4012
5195,CA-2014-101560,20141128,CS-12250,OFF-AR-10004757,LOC00038,Second Class,13.12,4,0.0,4.3296
5196,CA-2014-101560,20141128,CS-12250,OFF-BI-10000309,LOC00038,Second Class,45.66,3,0.0,22.3734
5197,CA-2014-159709,20140510,AI-10855,OFF-EN-10001434,LOC00299,Standard Class,158.13,3,0.0,77.4837
5198,CA-2014-159709,20140510,AI-10855,TEC-PH-10003988,LOC00299,Standard Class,43.6,5,0.2,4.36
5199,CA-2016-103982,20160303,AA-10315,OFF-SU-10000151,LOC00218,Standard Class,3930.072,3,0.2,-786.0144
5200,CA-2016-103982,20160303,AA-10315,OFF-FA-10001332,LOC00218,Standard Class,2.304,1,0.2,0.7776
5201,CA-2016-103982,20160303,AA-10315,TEC-PH-10000895,LOC00218,Standard Class,431.976,3,0.2,32.3982
5202,CA-2016-103982,20160303,AA-10315,TEC-AC-10002857,LOC00218,Standard Class,41.72,7,0.2,5.7365
5203,CA-2015-142454,20150815,RE-19450,FUR-FU-10004018,LOC00233,Standard Class,104.23,7,0.0,28.1421
5204,CA-2015-142454,20150815,RE-19450,OFF-ST-10003638,LOC00233,Standard Class,70.26,3,0.0,18.9702
5205,CA-2015-102015,20150912,TM-21010,OFF-AR-10004685,LOC00136,Standard Class,9.26,2,0.0,3.0558
5206,CA-2015-102015,20150912,TM-21010,OFF-ST-10001713,LOC00136,Standard Class,105.98,2,0.0,4.2392
5207,CA-2015-102015,20150912,TM-21010,OFF-FA-10000490,LOC00136,Standard Class,1.24,1,0.0,0.5828
5208,CA-2015-102015,20150912,TM-21010,OFF-LA-10002043,LOC00136,Standard Class,20.7,2,0.0,9.936
5209,CA-2015-102015,20150912,TM-21010,OFF-PA-10002464,LOC00136,Standard Class,28.9,5,0.0,14.161
5210,CA-2015-102015,20150912,TM-21010,OFF-EN-10002504,LOC00136,Standard Class,27.18,1,0.0,12.7746
5211,CA-2015-156755,20150112,YS-21880,OFF-ST-10002615,LOC00286,Standard Class,465.18,3,0.0,120.9468
5212,CA-2015-130876,20150512,AZ-10750,OFF-ST-10004258,LOC00024,Second Class,36.63,3,0.0,9.8901
5213,CA-2016-145898,20160926,CM-12445,OFF-ST-10004507,LOC00072,Same Day,51.45,3,0.0,13.8915
5214,CA-2016-145898,20160926,CM-12445,OFF-LA-10000262,LOC00072,Same Day,7.83,3,0.0,3.6018
5215,CA-2016-145898,20160926,CM-12445,OFF-AR-10002445,LOC00072,Same Day,35.4,5,0.0,13.452
5216,CA-2016-145898,20160926,CM-12445,OFF-PA-10001667,LOC00072,Same Day,29.9,5,0.0,13.455
5217,US-2017-159562,20170909,JB-16000,OFF-EN-10000461,LOC00528,Standard Class,17.48,2,0.0,8.2156
5218,CA-2017-134635,20170415,NS-18640,OFF-PA-10002254,LOC00014,Second Class,79.14,3,0.0,36.4044
5219,CA-2017-167080,20170610,LC-16930,OFF-AR-10001868,LOC00165,Standard Class,8.4,5,0.0,4.2
5220,CA-2017-145653,20170901,CA-12775,FUR-CH-10004875,LOC00186,Same Day,498.26,7,0.0,134.5302
5221,CA-2014-140487,20140614,SR-20425,FUR-BO-10000711,LOC00152,Standard Class,212.94,3,0.0,57.4938
5222,CA-2017-117401,20170518,PP-18955,OFF-AP-10000938,LOC00335,Second Class,706.86,7,0.0,197.9208
5223,CA-2017-117401,20170518,PP-18955,TEC-PH-10003555,LOC00335,Second Class,114.95,5,0.0,2.299
5224,CA-2017-117401,20170518,PP-18955,OFF-BI-10001267,LOC00335,Second Class,43.19,7,0.0,20.7312
5225,US-2017-109582,20170912,JM-15865,OFF-PA-10004071,LOC00002,Second Class,166.44,3,0.0,79.8912
5226,CA-2016-119865,20160621,AS-10090,OFF-BI-10001553,LOC00165,Standard Class,36.56,5,0.2,12.796
5227,CA-2016-119865,20160621,AS-10090,OFF-BI-10003007,LOC00165,Standard Class,186.144,6,0.2,60.4968
5228,CA-2016-119865,20160621,AS-10090,FUR-BO-10003272,LOC00165,Standard Class,353.568,2,0.2,-44.196
5229,US-2014-147648,20141126,LS-16975,OFF-PA-10001033,LOC00010,Standard Class,81.98,2,0.0,40.1702
5230,CA-2017-124436,20170319,SA-20830,OFF-BI-10001553,LOC00254,Second Class,14.624,2,0.2,5.1184
5231,CA-2017-124436,20170319,SA-20830,FUR-TA-10001095,LOC00254,Second Class,697.16,5,0.2,8.7145
5232,CA-2017-124436,20170319,SA-20830,FUR-FU-10001185,LOC00254,Second Class,30.93,1,0.0,12.6813
5233,CA-2017-124436,20170319,SA-20830,OFF-BI-10000343,LOC00254,Second Class,27.496,7,0.2,9.2799
5234,CA-2014-115084,20141018,LS-17200,FUR-CH-10004626,LOC00465,Standard Class,605.34,6,0.0,145.2816
5235,CA-2017-131037,20170822,TM-21490,FUR-TA-10001768,LOC00095,First Class,210.008,1,0.2,2.6251
5236,CA-2016-111143,20161119,TT-21265,OFF-AP-10001947,LOC00305,First Class,54.96,3,0.0,15.9384
5237,CA-2014-166744,20140920,DN-13690,FUR-FU-10004952,LOC00210,Standard Class,164.22,3,0.0,50.9082
5238,CA-2014-166744,20140920,DN-13690,FUR-BO-10001337,LOC00210,Standard Class,362.94,3,0.0,36.294
5239,CA-2014-166744,20140920,DN-13690,TEC-AC-10003628,LOC00210,Standard Class,59.98,2,0.0,26.3912
5240,CA-2016-116561,20160911,EB-14110,OFF-ST-10004186,LOC00059,Standard Class,332.94,3,0.0,6.6588
5241,CA-2016-116561,20160911,EB-14110,OFF-BI-10001658,LOC00059,Standard Class,39.872,2,0.2,12.9584
5242,CA-2016-110730,20160923,CM-11815,OFF-SU-10004737,LOC00061,Second Class,13.68,2,0.0,3.6936
5243,CA-2017-146367,20170804,HM-14860,OFF-BI-10002827,LOC00297,Standard Class,3.318,3,0.8,-5.6406
5244,CA-2016-149454,20160725,KM-16375,OFF-BI-10003694,LOC00102,First Class,10.44,1,0.0,4.8024
5245,CA-2016-156265,20160802,BF-11020,FUR-TA-10001691,LOC00004,Second Class,136.464,2,0.2,15.3522
5246,CA-2016-156265,20160802,BF-11020,TEC-PH-10001918,LOC00004,Second Class,333.576,3,0.2,33.3576
5247,CA-2016-156265,20160802,BF-11020,OFF-BI-10000285,LOC00004,Second Class,12.544,2,0.2,4.704
5248,US-2015-168914,20150521,JE-15745,OFF-AP-10000358,LOC00529,Standard Class,20.768,8,0.8,-52.9584
5249,US-2017-110989,20171103,EJ-14155,TEC-AC-10002345,LOC00060,Second Class,43.5,3,0.0,10.875
5250,CA-2015-106215,20150416,BN-11470,OFF-FA-10001229,LOC00106,Standard Class,12.576,4,0.2,4.0872
5251,US-2016-169369,20161212,EC-14050,TEC-AC-10001314,LOC00113,Standard Class,249.95,5,0.0,19.996
5252,US-2016-169369,20161212,EC-14050,OFF-PA-10004438,LOC00113,Standard Class,49.12,4,0.0,23.0864
5253,CA-2015-132318,20151030,TT-21220,OFF-AP-10000026,LOC00221,First Class,182.91,3,0.0,53.0439
5254,US-2014-131982,20140307,NP-18685,OFF-BI-10004224,LOC00120,Second Class,107.648,2,0.2,33.64
5255,CA-2015-125185,20150305,AH-10195,FUR-CH-10002647,LOC00530,Second Class,99.372,2,0.3,-7.098
5256,CA-2015-125185,20150305,AH-10195,FUR-FU-10003247,LOC00530,Second Class,33.568,2,0.2,-5.4548
5257,CA-2016-130078,20160808,CC-12145,OFF-PA-10003270,LOC00337,Standard Class,10.56,2,0.0,4.752
5258,US-2017-114034,20170103,DL-13315,OFF-PA-10004735,LOC00350,Standard Class,38.88,6,0.0,18.6624
5259,US-2017-115595,20171009,XP-21865,OFF-PA-10001745,LOC00004,First Class,35.2,5,0.0,16.544
5260,CA-2017-158722,20171020,MA-17560,OFF-PA-10000176,LOC00075,Standard Class,45.528,3,0.2,15.9348
5261,CA-2014-105165,20140907,SZ-20035,TEC-PH-10000675,LOC00067,First Class,196.776,3,0.2,14.7582
5262,CA-2014-105165,20140907,SZ-20035,OFF-BI-10000050,LOC00067,First Class,2.92,2,0.8,-4.818
5263,CA-2014-105165,20140907,SZ-20035,FUR-TA-10004154,LOC00067,First Class,200.795,1,0.3,-22.948
5264,CA-2014-105165,20140907,SZ-20035,TEC-AC-10002718,LOC00067,First Class,46.688,4,0.2,-2.918
5265,CA-2014-105165,20140907,SZ-20035,OFF-AR-10003179,LOC00067,First Class,21.864,3,0.2,3.5529
5266,CA-2017-147452,20170930,CS-11845,OFF-PA-10001838,LOC00006,First Class,11.76,2,0.0,5.7624
5267,CA-2017-147452,20170930,CS-11845,OFF-PA-10004039,LOC00006,First Class,167.94,3,0.0,82.2906
5268,CA-2017-147452,20170930,CS-11845,OFF-AP-10001626,LOC00006,First Class,3.89,1,0.0,1.0114
5269,US-2017-114657,20171116,MH-18115,TEC-MA-10003173,LOC00232,Standard Class,52.44,4,0.0,24.1224
5270,CA-2017-144484,20170911,CB-12025,FUR-FU-10000260,LOC00095,Same Day,32.36,4,0.0,11.6496
5271,CA-2017-144484,20170911,CB-12025,OFF-AP-10004487,LOC00095,Same Day,406.6,5,0.0,113.848
5272,CA-2017-125913,20170116,JO-15145,FUR-FU-10001487,LOC00142,Same Day,27.92,4,0.0,8.0968
5273,CA-2017-125913,20170116,JO-15145,FUR-TA-10001520,LOC00142,Same Day,399.672,7,0.2,-14.9877
5274,US-2016-158309,20161126,PA-19060,OFF-BI-10000145,LOC00230,First Class,3.744,4,0.7,-2.6208
5275,CA-2015-162887,20151107,SV-20785,FUR-CH-10000595,LOC00371,Second Class,715.2,3,0.0,178.8
5276,CA-2017-147333,20171214,KL-16555,TEC-AC-10004469,LOC00146,Standard Class,159.8,4,0.0,70.312
5277,CA-2017-147333,20171214,KL-16555,TEC-AC-10003038,LOC00146,Standard Class,44.75,5,0.0,8.5025
5278,CA-2014-113859,20140913,BC-11125,FUR-CH-10004698,LOC00457,Standard Class,340.116,6,0.3,-9.7176
5279,CA-2014-159681,20141207,PO-18850,OFF-PA-10003641,LOC00221,Standard Class,105.52,4,0.0,48.5392
5280,US-2017-104094,20170907,AG-10675,TEC-AC-10002134,LOC00202,Standard Class,13.48,1,0.0,1.8872
5281,CA-2017-152709,20171007,DB-13210,OFF-ST-10001837,LOC00152,Standard Class,85.52,2,0.0,22.2352
5282,CA-2015-105158,20150905,SP-20860,FUR-FU-10001706,LOC00039,Standard Class,6.16,2,0.0,2.9568
5283,CA-2015-105158,20150905,SP-20860,OFF-PA-10001970,LOC00039,Standard Class,36.84,3,0.0,17.3148
5284,CA-2014-133424,20140330,Dl-13600,OFF-ST-10002957,LOC00060,Standard Class,15.84,3,0.0,0.0
5285,CA-2014-133424,20140330,Dl-13600,OFF-LA-10002312,LOC00060,Standard Class,44.4,3,0.0,22.2
5286,CA-2017-105991,20170505,LH-17020,OFF-EN-10002600,LOC00128,First Class,21.24,9,0.2,7.434
5287,CA-2017-105991,20170505,LH-17020,OFF-BI-10003274,LOC00128,First Class,9.552,8,0.7,-7.3232
5288,CA-2017-105991,20170505,LH-17020,FUR-BO-10004467,LOC00128,First Class,89.991,3,0.7,-152.9847
5289,US-2017-136784,20170430,AD-10180,OFF-PA-10000675,LOC00035,Standard Class,163.96,4,0.0,80.3404
5290,CA-2014-146283,20140908,KT-16465,OFF-PA-10002259,LOC00067,Standard Class,17.904,2,0.2,6.2664
5291,CA-2014-146283,20140908,KT-16465,FUR-CH-10004287,LOC00067,Standard Class,966.7,5,0.3,-13.81
5292,CA-2014-146283,20140908,KT-16465,OFF-PA-10000482,LOC00067,Standard Class,182.112,6,0.2,61.4628
5293,CA-2017-151218,20170620,PJ-19015,OFF-ST-10004835,LOC00124,First Class,4.464,1,0.2,0.3348
5294,CA-2015-111073,20151226,MC-18100,FUR-TA-10004086,LOC00082,Standard Class,51.588,1,0.4,-15.4764
5295,CA-2017-144883,20170815,BO-11350,OFF-LA-10000305,LOC00531,Standard Class,50.4,8,0.0,23.184
5296,CA-2017-142174,20170304,DP-13000,OFF-PA-10000806,LOC00017,Standard Class,89.568,2,0.2,32.4684
5297,CA-2017-108791,20170727,TM-21490,FUR-FU-10004018,LOC00232,Standard Class,14.89,1,0.0,4.0203
5298,CA-2017-108791,20170727,TM-21490,TEC-PH-10002660,LOC00232,Standard Class,543.92,8,0.0,135.98
5299,CA-2016-106656,20160923,DV-13045,OFF-EN-10001509,LOC00089,First Class,4.08,2,0.0,1.9176
5300,CA-2016-106656,20160923,DV-13045,OFF-LA-10003148,LOC00089,First Class,18.9,3,0.0,8.694
5301,CA-2016-113831,20160530,AH-10690,FUR-TA-10002645,LOC00029,Standard Class,2275.5,10,0.0,386.835
5302,CA-2016-113831,20160530,AH-10690,TEC-AC-10003033,LOC00029,Standard Class,1979.7,6,0.0,653.301
5303,CA-2016-113831,20160530,AH-10690,OFF-LA-10001297,LOC00029,Standard Class,62.1,6,0.0,29.808
5304,US-2014-139500,20141116,AB-10165,FUR-CH-10002017,LOC00068,Standard Class,37.296,2,0.3,-1.0656
5305,US-2014-166310,20140921,JS-15940,FUR-FU-10001546,LOC00211,First Class,8.544,2,0.6,-7.476
5306,US-2016-168410,20160221,BV-11245,FUR-FU-10000629,LOC00188,Standard Class,68.95,5,0.0,28.959
5307,US-2016-168410,20160221,BV-11245,OFF-ST-10000036,LOC00188,Standard Class,296.37,3,0.0,80.0199
5308,US-2016-168410,20160221,BV-11245,TEC-PH-10002583,LOC00188,Standard Class,39.98,2,0.0,1.999
5309,CA-2017-131254,20171119,NC-18415,FUR-CH-10003774,LOC00015,First Class,191.058,3,0.3,-46.3998
5310,CA-2017-131254,20171119,NC-18415,OFF-AR-10003876,LOC00015,First Class,13.04,5,0.2,3.912
5311,CA-2017-131254,20171119,NC-18415,OFF-BI-10003527,LOC00015,First Class,1525.188,6,0.8,-2287.782
5312,CA-2016-123414,20160821,SU-20665,OFF-LA-10004559,LOC00255,Standard Class,9.216,4,0.2,3.3408
5313,CA-2016-123414,20160821,SU-20665,OFF-SU-10002573,LOC00255,Standard Class,28.048,2,0.2,3.506
5314,CA-2017-137876,20170430,DJ-13510,FUR-FU-10000222,LOC00095,Standard Class,64.96,2,0.0,21.4368
5315,CA-2017-137876,20170430,DJ-13510,OFF-EN-10001219,LOC00095,Standard Class,30.56,4,0.0,14.9744
5316,CA-2016-154060,20160502,DL-12865,FUR-CH-10002304,LOC00308,Standard Class,187.056,9,0.2,11.691
5317,US-2017-162558,20171002,Dp-13240,FUR-FU-10002364,LOC00366,First Class,11.808,2,0.2,1.3284
5318,US-2017-162558,20171002,Dp-13240,FUR-FU-10004864,LOC00366,First Class,9.656,1,0.2,1.5691
5319,US-2017-162558,20171002,Dp-13240,OFF-PA-10003172,LOC00366,First Class,20.736,4,0.2,7.2576
5320,US-2017-162558,20171002,Dp-13240,OFF-BI-10000977,LOC00366,First Class,27.36,3,0.7,-21.888
5321,US-2017-162558,20171002,Dp-13240,FUR-TA-10000198,LOC00366,First Class,2314.116,7,0.4,-1002.7836
5322,US-2017-162558,20171002,Dp-13240,OFF-BI-10003984,LOC00366,First Class,34.236,4,0.7,-26.2476
5323,US-2017-162558,20171002,Dp-13240,FUR-FU-10003691,LOC00366,First Class,19.76,2,0.2,5.928
5324,CA-2017-134439,20170918,TM-21010,OFF-PA-10004082,LOC00532,Second Class,15.96,2,0.0,7.98
5325,CA-2015-119508,20151204,TZ-21580,OFF-AR-10003723,LOC00469,Standard Class,16.9,5,0.0,6.253
5326,CA-2015-119508,20151204,TZ-21580,FUR-FU-10004270,LOC00469,Standard Class,25.08,6,0.0,9.0288
5327,CA-2015-152681,20150117,SC-20260,OFF-AR-10003183,LOC00129,Standard Class,6.68,2,0.0,2.004
5328,CA-2014-130813,20140106,LS-17230,OFF-PA-10002005,LOC00014,Second Class,19.44,3,0.0,9.3312
5329,CA-2015-120320,20150305,MV-18190,TEC-PH-10000149,LOC00067,Standard Class,31.92,2,0.2,2.394
5330,CA-2016-111941,20161225,BD-11620,OFF-BI-10001524,LOC00046,Second Class,33.568,2,0.2,11.7488
5331,CA-2016-123120,20160904,CV-12295,FUR-FU-10004748,LOC00165,Standard Class,63.94,1,0.0,24.9366
5332,CA-2016-123120,20160904,CV-12295,OFF-BI-10001460,LOC00165,Standard Class,60.6,5,0.2,20.4525
5333,CA-2016-123120,20160904,CV-12295,OFF-SU-10002503,LOC00165,Standard Class,22.72,4,0.0,6.5888
5334,CA-2014-103331,20140826,KB-16315,FUR-FU-10001731,LOC00286,Standard Class,10.68,4,0.0,4.0584
5335,CA-2014-103331,20140826,KB-16315,OFF-PA-10002160,LOC00286,Standard Class,17.34,3,0.0,8.4966
5336,CA-2014-103331,20140826,KB-16315,OFF-PA-10002659,LOC00286,Standard Class,3.38,1,0.0,1.5548
5337,CA-2015-169278,20150521,ME-18010,OFF-BI-10001636,LOC00060,Standard Class,26.976,4,0.2,8.7672
5338,CA-2017-111577,20171016,AJ-10780,OFF-PA-10000062,LOC00058,Standard Class,307.776,7,0.2,111.5688
5339,CA-2015-146486,20151109,DV-13465,OFF-ST-10002554,LOC00188,Second Class,244.55,5,0.0,4.891
5340,CA-2015-146486,20151109,DV-13465,OFF-EN-10001509,LOC00188,Second Class,12.24,6,0.0,5.7528
5341,CA-2015-146486,20151109,DV-13465,TEC-AC-10002018,LOC00188,Second Class,13.98,2,0.0,6.0114
5342,CA-2015-146486,20151109,DV-13465,TEC-AC-10002637,LOC00188,Second Class,899.95,5,0.0,53.997
5343,US-2014-168501,20141121,JK-15325,OFF-EN-10001509,LOC00078,Standard Class,1.632,1,0.2,0.5508
5344,US-2014-168501,20141121,JK-15325,TEC-PH-10004922,LOC00078,Standard Class,267.96,5,0.2,16.7475
5345,CA-2015-112053,20151011,SH-20395,TEC-AC-10002550,LOC00145,Second Class,31.95,1,0.0,2.2365
5346,CA-2017-108539,20170321,SC-20725,OFF-ST-10003208,LOC00063,Second Class,725.84,4,0.0,210.4936
5347,CA-2017-108539,20170321,SC-20725,OFF-BI-10003981,LOC00063,Second Class,10.896,3,0.2,3.9498
5348,CA-2017-108539,20170321,SC-20725,OFF-BI-10001031,LOC00063,Second Class,8.544,2,0.2,2.8836
5349,CA-2015-149811,20150104,CS-12250,OFF-BI-10003676,LOC00533,Standard Class,32.34,3,0.0,15.5232
5350,CA-2015-149811,20150104,CS-12250,OFF-PA-10004082,LOC00533,Standard Class,39.9,5,0.0,19.95
5351,US-2017-103814,20171209,LH-16900,OFF-PA-10001019,LOC00139,Standard Class,143.856,9,0.2,48.5514
5352,CA-2016-123932,20160906,YC-21895,OFF-PA-10004665,LOC00163,Standard Class,41.92,4,0.2,15.196
5353,CA-2016-123932,20160906,YC-21895,TEC-PH-10002447,LOC00163,Standard Class,329.584,2,0.2,37.0782
5354,US-2016-101616,20160903,CY-12745,OFF-BI-10000014,LOC00069,First Class,87.28,8,0.0,41.0216
5355,CA-2014-113768,20140513,AH-10030,FUR-CH-10002439,LOC00026,Standard Class,279.456,6,0.2,20.9592
5356,CA-2014-113768,20140513,AH-10030,OFF-PA-10003063,LOC00026,Standard Class,8.0,2,0.0,3.84
5357,CA-2016-138037,20160929,AR-10540,OFF-BI-10002982,LOC00010,Standard Class,27.24,5,0.2,9.534
5358,CA-2014-150490,20140805,SS-20590,TEC-AC-10004510,LOC00035,Standard Class,16.36,1,0.0,1.636
5359,CA-2014-150490,20140805,SS-20590,OFF-ST-10000321,LOC00035,Standard Class,15.78,2,0.0,0.6312
5360,CA-2014-150490,20140805,SS-20590,OFF-AR-10004602,LOC00035,Standard Class,45.98,2,0.0,12.8744
5361,US-2017-126060,20170414,DW-13585,FUR-BO-10003433,LOC00307,Standard Class,198.272,8,0.2,-32.2192
5362,CA-2017-100951,20170609,NC-18625,OFF-ST-10001496,LOC00163,First Class,720.76,5,0.2,54.057
5363,CA-2016-122017,20161229,CD-11920,FUR-FU-10000672,LOC00478,Standard Class,70.56,6,0.0,23.9904
5364,CA-2016-122017,20161229,CD-11920,OFF-AP-10001293,LOC00478,Standard Class,81.96,2,0.0,22.9488
5365,CA-2014-123477,20140118,DW-13195,OFF-AP-10000692,LOC00331,Second Class,64.864,4,0.2,6.4864
5366,CA-2016-107790,20161120,EH-13990,TEC-PH-10004539,LOC00017,Standard Class,151.192,1,0.2,13.2293
5367,CA-2017-158071,20170610,BD-11320,TEC-PH-10002923,LOC00006,Standard Class,88.776,3,0.2,7.7679
5368,CA-2017-158071,20170610,BD-11320,OFF-LA-10004689,LOC00006,Standard Class,11.56,4,0.0,5.4332
5369,CA-2017-158071,20170610,BD-11320,OFF-ST-10001228,LOC00006,Standard Class,15.58,1,0.0,3.895
5370,CA-2017-147403,20170910,KH-16630,OFF-PA-10003302,LOC00076,First Class,85.056,3,0.2,28.7064
5371,US-2017-136721,20170408,NH-18610,FUR-FU-10004665,LOC00534,Standard Class,273.96,2,0.0,71.2296
5372,US-2017-136721,20170408,NH-18610,FUR-FU-10004188,LOC00534,Standard Class,306.9,3,0.0,79.794
5373,CA-2015-118738,20151024,AG-10495,OFF-PA-10003177,LOC00017,Standard Class,15.552,3,0.2,5.4432
5374,CA-2015-118738,20151024,AG-10495,FUR-TA-10002607,LOC00017,Standard Class,347.361,7,0.3,-69.4722
5375,CA-2015-118738,20151024,AG-10495,OFF-PA-10001166,LOC00017,Standard Class,10.368,2,0.2,3.6288
5376,CA-2017-134152,20170527,RP-19855,TEC-AC-10004510,LOC00006,Standard Class,98.16,6,0.0,9.816
5377,CA-2017-134152,20170527,RP-19855,OFF-AR-10004062,LOC00006,Standard Class,31.44,3,0.0,7.86
5378,CA-2014-125542,20141205,NB-18655,OFF-EN-10000056,LOC00064,First Class,348.488,7,0.2,117.6147
5379,CA-2014-125542,20141205,NB-18655,OFF-ST-10001469,LOC00064,First Class,172.736,4,0.2,-30.2288
5380,CA-2016-136021,20160814,JM-15580,OFF-PA-10000551,LOC00063,Standard Class,15.54,3,0.0,7.6146
5381,CA-2016-136021,20160814,JM-15580,TEC-MA-10000423,LOC00063,Standard Class,105.552,6,0.2,35.6238
5382,CA-2016-149195,20160905,DM-13525,OFF-PA-10001870,LOC00033,Second Class,25.92,5,0.2,9.072
5383,CA-2016-149195,20160905,DM-13525,OFF-FA-10001843,LOC00033,Second Class,15.808,8,0.2,5.3352
5384,CA-2016-149195,20160905,DM-13525,OFF-PA-10002036,LOC00033,Second Class,10.368,2,0.2,3.7584
5385,CA-2017-161410,20170626,CC-12220,TEC-PH-10001760,LOC00106,Standard Class,358.2,3,0.4,41.79
5386,CA-2017-161410,20170626,CC-12220,TEC-PH-10000673,LOC00106,Standard Class,545.916,14,0.4,72.7888
5387,CA-2017-152786,20170312,GA-14725,OFF-BI-10000829,LOC00535,Standard Class,40.41,9,0.0,18.5886
5388,CA-2017-164707,20170218,CV-12805,TEC-PH-10001924,LOC00063,Second Class,167.976,3,0.2,10.4985
5389,CA-2017-164707,20170218,CV-12805,TEC-AC-10004864,LOC00063,Second Class,109.53,3,0.0,47.0979
5390,CA-2017-164707,20170218,CV-12805,OFF-LA-10004345,LOC00063,Second Class,9.82,2,0.0,4.8118
5391,CA-2017-163874,20171110,NC-18535,OFF-BI-10000088,LOC00060,Second Class,26.352,3,0.2,9.5526
5392,US-2014-123183,20141119,GR-14560,OFF-LA-10002787,LOC00050,Standard Class,22.5,6,0.0,10.8
5393,US-2014-123183,20141119,GR-14560,OFF-LA-10001569,LOC00050,Standard Class,9.96,2,0.0,4.5816
5394,US-2014-123183,20141119,GR-14560,OFF-BI-10002429,LOC00050,Standard Class,213.08,7,0.0,102.2784
5395,US-2014-123183,20141119,GR-14560,FUR-BO-10000362,LOC00050,Standard Class,1025.88,6,0.0,235.9524
5396,CA-2014-104829,20141118,JG-15805,OFF-PA-10003016,LOC00268,Second Class,21.98,7,0.0,9.891
5397,US-2016-147340,20160924,EB-13750,FUR-FU-10002501,LOC00095,Same Day,63.2,5,0.0,23.384
5398,CA-2016-145492,20161120,MC-17605,OFF-AP-10003622,LOC00026,Standard Class,39.0,12,0.0,11.31
5399,CA-2016-163202,20160927,BM-11650,OFF-BI-10002764,LOC00404,Standard Class,2.907,3,0.7,-2.0349
5400,CA-2016-117681,20160409,HF-14995,FUR-BO-10001798,LOC00026,Standard Class,556.665,5,0.15,6.549
5401,CA-2017-132262,20170921,ML-18265,TEC-AC-10000158,LOC00006,First Class,71.98,2,0.0,15.1158
5402,CA-2017-132262,20170921,ML-18265,TEC-AC-10000303,LOC00006,First Class,79.98,2,0.0,26.3934
5403,CA-2017-123043,20170824,AH-10195,OFF-BI-10003910,LOC00024,Standard Class,24.672,4,0.2,7.71
5404,CA-2017-123043,20170824,AH-10195,OFF-BI-10000138,LOC00024,Standard Class,3.744,1,0.2,1.3104
5405,US-2016-143280,20160222,TZ-21580,TEC-PH-10002398,LOC00063,Standard Class,445.96,5,0.2,55.745
5406,US-2016-143280,20160222,TZ-21580,TEC-AC-10003399,LOC00063,Standard Class,36.24,1,0.0,15.2208
5407,US-2016-143280,20160222,TZ-21580,OFF-FA-10000992,LOC00063,Standard Class,10.65,3,0.0,5.0055
5408,CA-2017-108854,20171208,DM-13345,OFF-PA-10003022,LOC00010,Standard Class,87.92,4,0.0,40.4432
5409,CA-2017-108854,20171208,DM-13345,OFF-BI-10002854,LOC00010,Standard Class,22.424,1,0.2,8.409
5410,CA-2017-108854,20171208,DM-13345,OFF-BI-10001670,LOC00010,Standard Class,90.48,3,0.2,33.93
5411,CA-2017-108854,20171208,DM-13345,OFF-ST-10001837,LOC00010,Standard Class,42.76,1,0.0,11.1176
5412,CA-2017-166856,20170918,TS-21505,OFF-BI-10002012,LOC00536,Standard Class,10.08,7,0.2,3.528
5413,CA-2017-166856,20170918,TS-21505,TEC-AC-10004992,LOC00536,Standard Class,101.34,3,0.0,8.1072
5414,CA-2016-153157,20160911,TB-21625,TEC-PH-10003171,LOC00478,First Class,224.75,5,0.0,62.93
5415,US-2017-125647,20170923,LC-16870,OFF-AP-10000390,LOC00156,Standard Class,73.176,6,0.8,-197.5752
5416,US-2017-125647,20170923,LC-16870,OFF-PA-10004888,LOC00156,Standard Class,20.736,4,0.2,7.2576
5417,US-2017-125647,20170923,LC-16870,TEC-PH-10004188,LOC00156,Standard Class,39.984,2,0.2,-8.9964
5418,CA-2014-132542,20141006,AM-10360,OFF-BI-10004099,LOC00199,Second Class,15.36,2,0.0,7.68
5419,CA-2015-110877,20151023,JE-15715,OFF-PA-10004621,LOC00017,First Class,36.288,7,0.2,12.7008
5420,CA-2015-110877,20151023,JE-15715,TEC-PH-10002103,LOC00017,First Class,150.384,2,0.2,15.0384
5421,US-2016-151827,20160331,CS-11950,TEC-PH-10002789,LOC00064,Second Class,280.782,3,0.4,-60.8361
5422,US-2016-151827,20160331,CS-11950,TEC-AC-10003289,LOC00064,Second Class,31.984,2,0.2,1.1994
5423,US-2016-163258,20161229,PF-19225,OFF-BI-10000138,LOC00063,Standard Class,11.232,3,0.2,3.9312
5424,CA-2017-103009,20171103,PJ-18835,OFF-PA-10001215,LOC00127,Second Class,26.4,5,0.0,11.88
5425,US-2017-120649,20170120,JF-15490,OFF-AR-10001545,LOC00506,Standard Class,3.52,2,0.0,1.0208
5426,CA-2016-153598,20161203,NM-18520,TEC-AC-10003870,LOC00063,First Class,1649.95,5,0.0,659.98
5427,CA-2016-153598,20161203,NM-18520,FUR-FU-10001085,LOC00063,First Class,111.9,6,0.0,51.474
5428,US-2016-108497,20160614,MH-17290,FUR-BO-10004218,LOC00002,Same Day,599.165,5,0.15,35.245
5429,CA-2016-113096,20160902,SZ-20035,OFF-ST-10003455,LOC00035,First Class,46.53,3,0.0,12.0978
5430,CA-2014-136861,20140905,PR-18880,FUR-FU-10001967,LOC00105,First Class,31.984,2,0.2,1.999
5431,CA-2017-117422,20171021,FC-14245,OFF-AP-10000938,LOC00347,Standard Class,161.568,2,0.2,16.1568
5432,CA-2017-117422,20171021,FC-14245,OFF-PA-10002195,LOC00347,Standard Class,4.064,1,0.2,1.3716
5433,CA-2017-117422,20171021,FC-14245,OFF-BI-10002799,LOC00347,Standard Class,6.216,4,0.7,-4.9728
5434,CA-2017-129707,20170425,LH-16750,OFF-AR-10000246,LOC00524,Standard Class,8.896,4,0.2,0.6672
5435,CA-2015-160171,20151019,RM-19675,OFF-AP-10000275,LOC00142,Standard Class,1640.7,5,0.0,459.396
5436,CA-2015-160171,20151019,RM-19675,TEC-AC-10000892,LOC00142,Standard Class,270.0,3,0.0,97.2
5437,CA-2014-103317,20140705,DM-13525,FUR-FU-10001591,LOC00184,First Class,19.52,2,0.2,5.368
5438,CA-2014-103317,20140705,DM-13525,OFF-BI-10001787,LOC00184,First Class,9.81,5,0.7,-6.867
5439,CA-2014-103317,20140705,DM-13525,FUR-FU-10003192,LOC00184,First Class,213.216,3,0.2,15.9912
5440,CA-2016-167115,20160404,EH-14185,OFF-BI-10004600,LOC00046,Standard Class,588.784,2,0.2,183.995
5441,US-2017-153633,20171113,TC-21295,OFF-AR-10002335,LOC00537,Second Class,2.064,1,0.2,0.1548
5442,CA-2017-155929,20170909,AI-10855,OFF-PA-10000859,LOC00277,Standard Class,6.368,2,0.2,2.388
5443,CA-2015-148712,20150417,JM-15535,TEC-AC-10003198,LOC00046,Standard Class,99.6,1,0.0,36.852
5444,CA-2015-148712,20150417,JM-15535,OFF-BI-10001900,LOC00046,Standard Class,62.296,13,0.2,21.0249
5445,CA-2015-148712,20150417,JM-15535,OFF-AR-10000614,LOC00046,Standard Class,10.71,3,0.0,2.7846
5446,CA-2016-128307,20160725,BE-11335,OFF-EN-10003040,LOC00017,Standard Class,20.936,1,0.2,7.0659
5447,US-2016-127425,20160826,DR-12880,TEC-PH-10003442,LOC00046,Standard Class,33.0,6,0.0,8.25
5448,US-2016-127425,20160826,DR-12880,TEC-AC-10002800,LOC00046,Standard Class,249.95,5,0.0,87.4825
5449,US-2014-119081,20140912,TA-21385,OFF-SU-10000157,LOC00311,Standard Class,357.93,3,0.0,7.1586
5450,US-2014-119081,20140912,TA-21385,TEC-AC-10001542,LOC00311,Standard Class,57.4,5,0.0,10.906
5451,US-2014-119081,20140912,TA-21385,OFF-BI-10004519,LOC00311,Standard Class,331.96,2,0.0,149.382
5452,US-2014-119081,20140912,TA-21385,FUR-FU-10003464,LOC00311,Standard Class,40.56,2,0.0,12.9792
5453,CA-2016-140613,20160722,KN-16705,OFF-SU-10004261,LOC00385,Standard Class,86.2,5,0.0,24.998
5454,US-2017-108700,20170519,PJ-18835,OFF-PA-10004733,LOC00229,Standard Class,38.016,6,0.2,13.7808
5455,CA-2017-160962,20170428,MC-17605,OFF-ST-10001325,LOC00106,Standard Class,8.384,1,0.2,0.7336
5456,CA-2017-160962,20170428,MC-17605,OFF-AR-10003056,LOC00106,Standard Class,6.848,2,0.2,0.7704
5457,CA-2017-130631,20171229,BS-11755,OFF-FA-10000089,LOC00200,Standard Class,19.6,5,0.0,9.604
5458,CA-2017-130631,20171229,BS-11755,FUR-FU-10004093,LOC00200,Standard Class,68.46,2,0.0,20.538
5459,CA-2017-116680,20170904,PK-19075,OFF-BI-10004022,LOC00035,Second Class,13.344,6,0.2,4.3368
5460,CA-2017-116680,20170904,PK-19075,FUR-TA-10001771,LOC00035,Second Class,1478.272,8,0.2,92.392
5461,US-2014-107405,20140321,TS-21205,OFF-ST-10002301,LOC00197,Standard Class,16.272,1,0.2,-3.8646
5462,CA-2017-101574,20170928,BD-11725,FUR-FU-10001706,LOC00004,Standard Class,9.24,3,0.0,4.4352
5463,CA-2014-146591,20140119,TS-21340,OFF-BI-10003676,LOC00058,First Class,32.34,10,0.7,-23.716
5464,CA-2014-146591,20140119,TS-21340,OFF-PA-10000659,LOC00058,First Class,56.064,4,0.2,19.6224
5465,CA-2014-146591,20140119,TS-21340,OFF-EN-10002504,LOC00058,First Class,108.72,5,0.2,36.693
5466,CA-2014-146591,20140119,TS-21340,FUR-BO-10001972,LOC00058,First Class,181.47,5,0.7,-320.597
5467,CA-2014-107706,20140214,ST-20530,OFF-PA-10000466,LOC00015,Second Class,16.176,3,0.2,6.066
5468,CA-2016-122448,20160609,DB-13210,FUR-CH-10002774,LOC00010,Standard Class,122.352,3,0.2,13.7646
5469,CA-2014-132451,20140926,KF-16285,FUR-CH-10000454,LOC00189,First Class,585.552,3,0.2,73.194
5470,CA-2014-132451,20140926,KF-16285,OFF-PA-10004888,LOC00189,First Class,19.44,3,0.0,9.3312
5471,CA-2016-158547,20160530,JM-16195,OFF-AP-10003842,LOC00073,Standard Class,123.92,5,0.2,9.294
5472,CA-2017-116946,20171219,TS-21505,FUR-FU-10000320,LOC00148,Standard Class,13.36,5,0.2,4.008
5473,CA-2017-116946,20171219,TS-21505,OFF-ST-10002554,LOC00148,Standard Class,78.256,2,0.2,-17.6076
5474,CA-2017-116946,20171219,TS-21505,FUR-BO-10000468,LOC00148,Standard Class,102.018,7,0.7,-183.6324
5475,CA-2017-121741,20171226,YC-21895,OFF-ST-10004459,LOC00011,Same Day,750.68,2,0.0,37.534
5476,CA-2017-169691,20170615,Dp-13240,OFF-LA-10002312,LOC00433,First Class,44.4,3,0.0,22.2
5477,CA-2017-169691,20170615,Dp-13240,OFF-ST-10001291,LOC00433,First Class,84.55,5,0.0,22.8285
5478,CA-2017-169691,20170615,Dp-13240,OFF-PA-10003022,LOC00433,First Class,17.94,3,0.0,8.7906
5479,CA-2016-121356,20161120,SJ-20500,OFF-BI-10002133,LOC00286,Standard Class,128.4,3,0.0,62.916
5480,CA-2014-101770,20140331,KB-16240,OFF-BI-10001097,LOC00124,Standard Class,1.869,1,0.7,-1.3083
5481,CA-2017-105487,20171008,CS-12250,TEC-PH-10001336,LOC00189,Standard Class,103.192,1,0.2,11.6091
5482,CA-2017-105487,20171008,CS-12250,TEC-AC-10002305,LOC00189,Standard Class,36.0,2,0.0,6.48
5483,CA-2017-105487,20171008,CS-12250,TEC-AC-10003610,LOC00189,Standard Class,239.96,4,0.0,115.1808
5484,CA-2017-105487,20171008,CS-12250,OFF-ST-10002301,LOC00189,Standard Class,40.68,2,0.0,0.4068
5485,CA-2017-148999,20170130,EB-13870,FUR-CH-10002044,LOC00230,Standard Class,419.136,4,0.2,-68.1096
5486,CA-2014-107573,20141212,PB-19150,OFF-EN-10001099,LOC00329,Standard Class,23.472,3,0.2,7.6284
5487,CA-2015-156608,20151024,MT-18070,OFF-BI-10004140,LOC00066,Standard Class,3.592,4,0.8,-6.286
5488,CA-2017-134495,20170401,BF-11020,TEC-PH-10004897,LOC00134,Second Class,23.976,3,0.2,-5.6943
5489,CA-2017-134495,20170401,BF-11020,OFF-LA-10000262,LOC00134,Second Class,6.264,3,0.2,2.0358
5490,CA-2017-134495,20170401,BF-11020,OFF-AP-10002222,LOC00134,Second Class,20.808,3,0.2,1.8207
5491,CA-2017-134495,20170401,BF-11020,FUR-CH-10003774,LOC00134,Second Class,218.352,3,0.2,-19.1058
5492,CA-2017-164098,20170126,CG-12520,OFF-ST-10000615,LOC00033,First Class,18.16,2,0.2,1.816
5493,CA-2014-105249,20141128,DH-13675,OFF-SU-10001225,LOC00035,Same Day,7.36,2,0.0,0.1472
5494,CA-2014-105249,20141128,DH-13675,OFF-LA-10002043,LOC00035,Same Day,41.4,4,0.0,19.872
5495,CA-2014-105249,20141128,DH-13675,FUR-BO-10000330,LOC00035,Same Day,411.332,4,0.15,-4.8392
5496,CA-2015-113523,20150904,SC-20440,OFF-BI-10001249,LOC00012,Standard Class,7.656,4,0.7,-6.1248
5497,CA-2017-117821,20170612,HG-15025,TEC-AC-10004469,LOC00369,Standard Class,63.92,2,0.2,19.176
5498,CA-2017-164378,20170715,MM-18055,OFF-AR-10001177,LOC00024,Second Class,6.56,2,0.0,1.9024
5499,CA-2017-164378,20170715,MM-18055,OFF-LA-10000634,LOC00024,Second Class,7.83,3,0.0,3.6018
5500,CA-2017-164378,20170715,MM-18055,TEC-AC-10004708,LOC00024,Second Class,41.9,2,0.0,8.799
5501,CA-2017-164378,20170715,MM-18055,FUR-CH-10002084,LOC00024,Second Class,664.146,6,0.1,88.5528
5502,CA-2017-164378,20170715,MM-18055,OFF-PA-10004519,LOC00024,Second Class,8.96,2,0.0,4.3904
5503,CA-2017-127782,20171102,TH-21115,FUR-FU-10001847,LOC00012,Standard Class,3.312,1,0.2,0.6624
5504,CA-2017-127782,20171102,TH-21115,OFF-AP-10001962,LOC00012,Standard Class,20.136,3,0.2,1.2585
5505,CA-2017-127782,20171102,TH-21115,OFF-EN-10003845,LOC00012,Standard Class,8.856,3,0.2,2.8782
5506,CA-2017-127782,20171102,TH-21115,TEC-PH-10001817,LOC00012,Standard Class,859.2,4,0.4,-186.16
5507,US-2016-162026,20161008,JE-15745,OFF-PA-10000167,LOC00002,Same Day,61.96,2,0.0,27.882
5508,CA-2016-150000,20160408,PG-18820,OFF-EN-10002973,LOC00270,Standard Class,17.92,4,0.0,8.6016
5509,CA-2015-168529,20151008,MB-17305,FUR-FU-10001588,LOC00035,Standard Class,145.9,5,0.0,62.737
5510,US-2017-152569,20170515,JD-16015,OFF-PA-10001736,LOC00156,Standard Class,56.704,2,0.2,19.1376
5511,US-2017-152569,20170515,JD-16015,TEC-PH-10002185,LOC00156,Standard Class,11.12,2,0.2,3.475
5512,US-2014-137680,20140224,JH-15430,OFF-PA-10000174,LOC00326,Standard Class,32.896,4,0.2,11.1024
5513,US-2014-137680,20140224,JH-15430,OFF-PA-10000069,LOC00326,Standard Class,22.776,3,0.2,7.6869
5514,CA-2015-103177,20150530,EN-13780,TEC-PH-10001795,LOC00030,First Class,239.97,3,0.0,2.3997
5515,CA-2015-103177,20150530,EN-13780,OFF-AP-10004540,LOC00030,First Class,160.32,2,0.0,44.8896
5516,CA-2015-103177,20150530,EN-13780,TEC-PH-10001527,LOC00030,First Class,128.85,3,0.0,3.8655
5517,US-2016-138408,20161118,KC-16255,TEC-AC-10003870,LOC00365,Second Class,1319.96,4,0.0,527.984
5518,CA-2017-117667,20171204,MS-17980,FUR-CH-10004540,LOC00064,Standard Class,239.96,10,0.3,-10.284
5519,CA-2017-117667,20171204,MS-17980,FUR-FU-10004093,LOC00064,Standard Class,54.768,2,0.2,6.846
5520,CA-2017-117667,20171204,MS-17980,OFF-AR-10000716,LOC00064,Standard Class,13.392,3,0.2,3.1806
5521,CA-2017-117667,20171204,MS-17980,OFF-PA-10002709,LOC00064,Standard Class,23.92,5,0.2,8.671
5522,CA-2017-117667,20171204,MS-17980,TEC-AC-10000580,LOC00064,Standard Class,255.968,4,0.2,-28.7964
5523,CA-2016-110982,20160605,CK-12205,OFF-BI-10000829,LOC00087,First Class,21.552,6,0.2,7.0044
5524,CA-2016-110982,20160605,CK-12205,OFF-AP-10004859,LOC00087,First Class,58.24,4,0.0,15.7248
5525,CA-2016-147123,20161210,SJ-20125,OFF-PA-10000575,LOC00107,First Class,80.28,12,0.0,36.9288
5526,CA-2017-154501,20170430,EA-14035,OFF-AR-10002804,LOC00142,Standard Class,9.78,2,0.0,4.0098
5527,CA-2017-166933,20170424,MG-17890,OFF-FA-10002676,LOC00538,Standard Class,1.81,1,0.0,0.6516
5528,CA-2015-142055,20150508,AB-10255,OFF-PA-10003465,LOC00030,First Class,37.94,2,0.0,18.2112
5529,CA-2015-137106,20150331,SC-20260,TEC-PH-10000011,LOC00134,Standard Class,79.96,5,0.2,27.986
5530,CA-2017-136609,20170806,TB-21355,OFF-PA-10004381,LOC00539,Standard Class,115.296,3,0.2,40.3536
5531,CA-2017-160885,20171202,JK-16090,TEC-PH-10001795,LOC00199,Standard Class,2479.96,4,0.0,743.988
5532,US-2016-167472,20160606,CK-12595,TEC-AC-10001109,LOC00367,First Class,179.94,6,0.0,75.5748
5533,US-2016-167472,20160606,CK-12595,TEC-AC-10003038,LOC00367,First Class,26.85,3,0.0,5.1015
5534,US-2016-167472,20160606,CK-12595,TEC-AC-10003174,LOC00367,First Class,323.37,3,0.0,129.348
5535,US-2016-167472,20160606,CK-12595,OFF-PA-10000157,LOC00367,First Class,59.94,3,0.0,28.1718
5536,US-2016-167472,20160606,CK-12595,OFF-BI-10001721,LOC00367,First Class,64.14,3,0.0,30.7872
5537,US-2016-167472,20160606,CK-12595,OFF-BI-10000591,LOC00367,First Class,11.67,3,0.0,5.6016
5538,US-2016-167472,20160606,CK-12595,OFF-PA-10001534,LOC00367,First Class,12.96,2,0.0,6.2208
5539,CA-2015-120551,20150413,SS-20590,OFF-BI-10002071,LOC00540,Standard Class,17.43,3,0.0,8.0178
5540,US-2017-150595,20170522,LE-16810,FUR-CH-10000513,LOC00156,Standard Class,181.986,2,0.3,-54.5958
5541,US-2017-150595,20170522,LE-16810,OFF-BI-10003274,LOC00156,Standard Class,1.592,2,0.8,-2.6268
5542,US-2017-150595,20170522,LE-16810,OFF-SU-10000381,LOC00156,Standard Class,22.344,3,0.2,2.5137
5543,CA-2016-134936,20161219,ES-14080,FUR-TA-10001086,LOC00116,Standard Class,455.97,6,0.5,-218.8656
5544,CA-2016-134936,20161219,ES-14080,OFF-BI-10000174,LOC00116,Standard Class,10.44,6,0.7,-7.656
5545,CA-2016-134936,20161219,ES-14080,OFF-BI-10002103,LOC00116,Standard Class,5.214,2,0.7,-4.1712
5546,CA-2017-102967,20170922,MG-17890,OFF-ST-10001590,LOC00209,Standard Class,67.4,5,0.0,17.524
5547,CA-2017-151008,20170907,JM-16195,FUR-FU-10002396,LOC00541,First Class,25.16,2,0.0,10.5672
5548,CA-2017-151008,20170907,JM-16195,TEC-PH-10002807,LOC00541,First Class,126.56,4,0.2,47.46
5549,CA-2014-159800,20141128,SG-20470,OFF-AP-10004859,LOC00010,First Class,43.68,3,0.0,11.7936
5550,CA-2014-159800,20141128,SG-20470,TEC-AC-10003447,LOC00010,First Class,139.93,7,0.0,34.9825
5551,US-2014-159618,20141112,DB-12970,OFF-AR-10003183,LOC00067,Standard Class,2.672,1,0.2,0.334
5552,US-2014-159618,20141112,DB-12970,OFF-SU-10000432,LOC00067,Standard Class,16.656,6,0.2,-3.123
5553,US-2014-159618,20141112,DB-12970,TEC-AC-10003832,LOC00067,Standard Class,79.512,3,0.2,20.8719
5554,US-2014-159618,20141112,DB-12970,OFF-PA-10004100,LOC00067,Standard Class,36.288,7,0.2,12.7008
5555,US-2014-159618,20141112,DB-12970,FUR-BO-10004467,LOC00067,Standard Class,67.9932,1,0.32,-12.9987
5556,CA-2017-116113,20171002,JW-15220,FUR-FU-10002963,LOC00154,Second Class,10.16,2,0.0,3.4544
5557,CA-2015-125066,20151214,KD-16495,FUR-FU-10003829,LOC00130,Standard Class,6.16,2,0.0,1.9712
5558,CA-2015-125066,20151214,KD-16495,OFF-AR-10003582,LOC00130,Standard Class,56.3,2,0.0,15.764
5559,US-2015-114741,20151206,IL-15100,OFF-PA-10000048,LOC00284,Standard Class,6.48,1,0.0,3.1104
5560,US-2015-114741,20151206,IL-15100,OFF-ST-10000078,LOC00284,Standard Class,1325.85,5,0.0,238.653
5561,US-2015-114741,20151206,IL-15100,OFF-LA-10004853,LOC00284,Standard Class,14.94,3,0.0,6.8724
5562,CA-2017-133263,20170331,JE-15610,OFF-BI-10001153,LOC00149,Second Class,34.54,1,0.0,17.27
5563,CA-2017-133263,20170331,JE-15610,TEC-CO-10001449,LOC00149,Second Class,2999.95,5,0.0,1439.976
5564,CA-2017-133263,20170331,JE-15610,OFF-BI-10000474,LOC00149,Second Class,64.12,4,0.0,30.7776
5565,CA-2017-157966,20170313,SU-20665,OFF-AR-10000799,LOC00027,Same Day,19.456,4,0.2,2.1888
5566,CA-2017-157966,20170313,SU-20665,TEC-MA-10002109,LOC00027,Same Day,209.986,2,0.3,8.9994
5567,CA-2017-157966,20170313,SU-20665,OFF-AR-10003338,LOC00027,Same Day,29.76,5,0.2,1.86
5568,CA-2017-157966,20170313,SU-20665,FUR-CH-10003606,LOC00027,Same Day,89.768,1,0.3,-2.5648
5569,CA-2017-157966,20170313,SU-20665,TEC-CO-10001449,LOC00027,Same Day,959.984,2,0.2,335.9944
5570,CA-2017-157966,20170313,SU-20665,OFF-PA-10001934,LOC00027,Same Day,15.552,3,0.2,5.6376
5571,CA-2017-157966,20170313,SU-20665,TEC-PH-10001527,LOC00027,Same Day,34.36,1,0.2,-7.3015
5572,CA-2014-151162,20141205,EA-14035,OFF-PA-10001033,LOC00048,Standard Class,98.376,3,0.2,35.6613
5573,CA-2014-151162,20141205,EA-14035,OFF-BI-10003719,LOC00048,Standard Class,29.94,4,0.7,-23.952
5574,CA-2014-151162,20141205,EA-14035,OFF-PA-10003036,LOC00048,Standard Class,17.472,3,0.2,5.6784
5575,CA-2014-151162,20141205,EA-14035,TEC-PH-10001870,LOC00048,Standard Class,36.738,1,0.4,-9.1845
5576,CA-2014-151162,20141205,EA-14035,TEC-PH-10001809,LOC00048,Standard Class,179.94,2,0.4,-44.985
5577,CA-2016-136686,20161212,RF-19840,FUR-FU-10004864,LOC00055,Standard Class,383.64,6,0.0,122.7648
5578,CA-2016-136686,20161212,RF-19840,OFF-AP-10002350,LOC00055,Standard Class,56.52,3,0.0,15.8256
5579,CA-2017-137498,20170909,LC-17050,OFF-AR-10003829,LOC00026,Second Class,6.56,2,0.0,1.9024
5580,CA-2017-137498,20170909,LC-17050,FUR-CH-10003833,LOC00026,Second Class,243.92,5,0.2,-15.245
5581,CA-2017-137498,20170909,LC-17050,OFF-PA-10000143,LOC00026,Second Class,47.52,9,0.0,22.8096
5582,CA-2017-163818,20171004,PS-18970,FUR-FU-10000076,LOC00235,Standard Class,19.98,1,0.0,8.5914
5583,CA-2016-161158,20160509,PS-18970,OFF-AR-10000462,LOC00024,Standard Class,8.0,5,0.0,3.44
5584,CA-2014-116673,20141215,JO-15280,FUR-FU-10003829,LOC00089,Second Class,6.16,2,0.0,1.9712
5585,CA-2017-105333,20171130,VP-21730,OFF-ST-10002182,LOC00165,Standard Class,83.56,4,0.0,1.6712
5586,CA-2017-105333,20171130,VP-21730,TEC-PH-10001468,LOC00165,Standard Class,546.06,3,0.0,163.818
5587,CA-2017-105333,20171130,VP-21730,OFF-ST-10001809,LOC00165,Standard Class,269.49,3,0.0,5.3898
5588,CA-2015-149993,20150319,GA-14725,OFF-FA-10001561,LOC00195,First Class,10.9,5,0.0,3.597
5589,CA-2014-168158,20140719,EM-14140,OFF-BI-10001759,LOC00151,Standard Class,6.096,2,0.2,2.2098
5590,CA-2016-115224,20161208,DB-13615,OFF-ST-10000615,LOC00095,Second Class,34.05,3,0.0,9.534
5591,CA-2016-115224,20161208,DB-13615,OFF-ST-10003816,LOC00095,Second Class,352.38,2,0.0,81.0474
5592,CA-2014-164742,20141013,ML-17395,FUR-CH-10002880,LOC00101,Second Class,245.98,2,0.0,27.0578
5593,CA-2014-164742,20141013,ML-17395,OFF-BI-10004738,LOC00101,Second Class,18.94,1,0.0,9.47
5594,US-2017-108014,20171119,JH-15430,OFF-BI-10003984,LOC00178,Standard Class,59.913,7,0.7,-45.9333
5595,CA-2017-160325,20170924,BP-11095,TEC-PH-10000984,LOC00129,Same Day,391.98,2,0.0,109.7544
5596,CA-2017-160325,20170924,BP-11095,TEC-PH-10001944,LOC00129,Same Day,437.85,3,0.0,131.355
5597,CA-2015-159779,20150925,SB-20185,OFF-BI-10002735,LOC00209,Standard Class,68.62,2,0.0,32.2514
5598,CA-2017-151176,20170213,SV-20785,OFF-SU-10001165,LOC00309,Standard Class,25.02,3,0.0,6.5052
5599,CA-2017-151176,20170213,SV-20785,OFF-AR-10000614,LOC00309,Standard Class,10.71,3,0.0,2.7846
5600,CA-2014-108903,20141003,DO-13435,OFF-AR-10004010,LOC00048,Same Day,55.984,2,0.2,4.1988
5601,CA-2014-108903,20141003,DO-13435,OFF-EN-10004030,LOC00048,Same Day,14.48,5,0.2,4.887
5602,CA-2014-108903,20141003,DO-13435,TEC-AC-10003023,LOC00048,Same Day,142.488,3,0.2,-3.5622
5603,CA-2016-117919,20160827,TB-21355,OFF-ST-10003572,LOC00017,Second Class,14.16,1,0.2,1.062
5604,CA-2016-117919,20160827,TB-21355,OFF-PA-10004353,LOC00017,Second Class,79.92,5,0.2,27.972
5605,CA-2015-142475,20151203,BS-11380,OFF-BI-10003718,LOC00165,Standard Class,590.352,6,0.2,206.6232
5606,CA-2016-134516,20160920,FM-14215,FUR-FU-10001546,LOC00308,Standard Class,17.088,2,0.2,1.068
5607,CA-2016-134516,20160920,FM-14215,FUR-CH-10002880,LOC00308,Standard Class,98.392,1,0.2,-11.0691
5608,CA-2017-105193,20170325,JL-15835,OFF-AR-10001547,LOC00024,Standard Class,11.05,5,0.0,2.9835
5609,CA-2015-168634,20151206,AF-10870,OFF-AP-10001626,LOC00010,Standard Class,7.78,2,0.0,2.0228
5610,CA-2017-117198,20170831,BG-11035,TEC-AC-10003033,LOC00069,Standard Class,659.9,2,0.0,217.767
5611,CA-2015-145828,20151005,MB-17305,TEC-AC-10002323,LOC00094,First Class,53.04,3,0.2,-4.641
5612,CA-2017-121027,20170818,HW-14935,TEC-AC-10002049,LOC00060,Standard Class,843.9,2,0.0,371.316
5613,CA-2017-121027,20170818,HW-14935,TEC-AC-10002253,LOC00060,Standard Class,1496.16,9,0.0,224.424
5614,CA-2016-147431,20160202,AB-10105,OFF-ST-10003994,LOC00165,Standard Class,117.96,2,0.0,5.898
5615,CA-2016-158001,20160823,JP-15460,OFF-AR-10002399,LOC00046,Standard Class,21.3,5,0.0,8.733
5616,CA-2016-158001,20160823,JP-15460,OFF-AP-10002118,LOC00046,Standard Class,1040.8,5,0.0,281.016
5617,CA-2016-158001,20160823,JP-15460,OFF-AR-10001954,LOC00046,Standard Class,29.34,6,0.0,7.9218
5618,CA-2017-125745,20170630,DV-13045,FUR-FU-10001591,LOC00032,Standard Class,19.52,2,0.2,5.368
5619,CA-2015-101154,20150918,CM-12190,OFF-ST-10004186,LOC00189,First Class,443.92,4,0.0,8.8784
5620,US-2016-124163,20160925,SC-20695,TEC-AC-10001908,LOC00500,Standard Class,499.95,5,0.0,174.9825
5621,US-2016-124163,20160925,SC-20695,OFF-AR-10000817,LOC00500,Standard Class,3.04,1,0.0,1.0336
5622,US-2016-124163,20160925,SC-20695,FUR-CH-10004218,LOC00500,Standard Class,201.96,2,0.0,50.49
5623,US-2016-124163,20160925,SC-20695,FUR-FU-10000755,LOC00500,Standard Class,68.64,11,0.0,17.16
5624,CA-2016-121748,20161024,VW-21775,TEC-AC-10003063,LOC00004,Second Class,100.0,4,0.0,21.0
5625,CA-2016-121748,20161024,VW-21775,TEC-AC-10002637,LOC00004,Second Class,359.98,2,0.0,21.5988
5626,CA-2014-126683,20140929,PP-18955,FUR-FU-10001706,LOC00061,Second Class,6.16,2,0.0,2.9568
5627,CA-2014-126683,20140929,PP-18955,FUR-TA-10002958,LOC00061,Second Class,2348.82,9,0.0,399.2994
5628,CA-2017-148810,20170626,DR-12880,OFF-LA-10004689,LOC00124,Standard Class,13.872,6,0.2,4.6818
5629,CA-2017-148810,20170626,DR-12880,FUR-CH-10001545,LOC00124,Standard Class,273.552,3,0.2,-13.6776
5630,US-2016-146066,20160821,RB-19465,FUR-TA-10002530,LOC00106,Second Class,815.292,9,0.4,-339.705
5631,CA-2014-127614,20140211,NF-18385,TEC-AC-10001432,LOC00338,Standard Class,234.45,3,0.0,103.158
5632,CA-2014-127614,20140211,NF-18385,FUR-TA-10003715,LOC00338,Standard Class,1256.22,6,0.0,75.3732
5633,CA-2014-127614,20140211,NF-18385,OFF-BI-10003291,LOC00338,Standard Class,17.46,2,0.0,8.2062
5634,CA-2016-101742,20160923,CR-12580,OFF-BI-10004187,LOC00030,Second Class,10.528,7,0.2,3.6848
5635,CA-2015-134943,20151205,SU-20665,OFF-BI-10000666,LOC00542,First Class,152.8,5,0.0,76.4
5636,CA-2017-123022,20170903,SC-20050,OFF-BI-10002225,LOC00543,Standard Class,82.56,5,0.2,28.896
5637,CA-2017-123022,20170903,SC-20050,TEC-AC-10000474,LOC00543,Standard Class,284.97,3,0.0,85.491
5638,CA-2017-113208,20170326,ML-18040,FUR-FU-10004245,LOC00166,Standard Class,60.84,3,0.0,23.1192
5639,CA-2014-154893,20141221,GM-14440,FUR-CH-10004287,LOC00143,Standard Class,1325.76,6,0.2,149.148
5640,CA-2014-154893,20141221,GM-14440,FUR-CH-10000595,LOC00143,Standard Class,572.16,3,0.2,35.76
5641,CA-2014-147900,20140923,JK-15640,OFF-PA-10003063,LOC00347,Standard Class,28.8,9,0.2,10.08
5642,CA-2017-106355,20170402,AT-10435,OFF-AR-10000246,LOC00317,First Class,11.12,4,0.0,2.8912
5643,CA-2016-127985,20160401,DB-12910,FUR-FU-10003274,LOC00113,Second Class,7.04,4,0.0,3.0976
5644,CA-2015-166604,20150515,AH-10690,OFF-EN-10004147,LOC00237,Second Class,17.94,3,0.0,8.7906
5645,CA-2017-120719,20170323,SJ-20125,OFF-BI-10002103,LOC00060,First Class,34.76,5,0.2,11.297
5646,CA-2017-127117,20170414,HM-14860,FUR-FU-10004018,LOC00093,Standard Class,74.45,5,0.0,20.1015
5647,CA-2015-104241,20150104,AG-10495,FUR-FU-10001473,LOC00213,Standard Class,192.22,14,0.0,69.1992
5648,CA-2017-168179,20171102,JB-16000,OFF-PA-10001800,LOC00364,Standard Class,19.44,3,0.0,9.3312
5649,CA-2017-142342,20170717,AJ-10795,OFF-PA-10004609,LOC00431,Second Class,32.4,5,0.0,15.552
5650,CA-2017-142342,20170717,AJ-10795,OFF-EN-10002592,LOC00431,Second Class,57.9,5,0.0,28.95
5651,CA-2017-142342,20170717,AJ-10795,OFF-ST-10002957,LOC00431,Second Class,10.56,2,0.0,0.0
5652,CA-2017-142342,20170717,AJ-10795,FUR-BO-10002613,LOC00431,Second Class,1194.165,5,0.15,210.735
5653,CA-2017-109099,20171006,MM-18280,OFF-PA-10001033,LOC00030,Standard Class,40.99,1,0.0,20.0851
5654,US-2014-134187,20141104,TH-21235,OFF-AR-10000940,LOC00107,Standard Class,2.94,1,0.0,0.7938
5655,CA-2016-145261,20161218,AH-10120,OFF-BI-10001670,LOC00161,First Class,45.24,4,0.7,-30.16
5656,CA-2016-145261,20161218,AH-10120,OFF-AR-10004078,LOC00161,First Class,18.688,4,0.2,2.336
5657,CA-2016-145261,20161218,AH-10120,OFF-PA-10003036,LOC00161,First Class,11.648,2,0.2,3.7856
5658,CA-2016-145261,20161218,AH-10120,TEC-AC-10000991,LOC00161,First Class,112.776,3,0.2,-8.4582
5659,CA-2016-145261,20161218,AH-10120,FUR-TA-10002530,LOC00161,First Class,377.45,5,0.5,-264.215
5660,CA-2016-145261,20161218,AH-10120,OFF-LA-10000407,LOC00161,First Class,15.936,4,0.2,5.1792
5661,CA-2016-145261,20161218,AH-10120,TEC-PH-10004833,LOC00161,First Class,28.68,3,0.2,-7.17
5662,CA-2016-108875,20160924,CL-12700,FUR-FU-10002671,LOC00043,Standard Class,21.44,2,0.2,7.504
5663,CA-2016-108875,20160924,CL-12700,OFF-ST-10001370,LOC00043,Standard Class,511.056,9,0.2,-95.823
5664,CA-2016-141957,20160721,JG-15310,OFF-AR-10000914,LOC00056,Same Day,18.656,2,0.2,1.3992
5665,CA-2016-141957,20160721,JG-15310,OFF-BI-10001116,LOC00056,Same Day,11.088,7,0.7,-8.1312
5666,CA-2016-141957,20160721,JG-15310,OFF-ST-10002276,LOC00056,Same Day,66.688,1,0.2,4.168
5667,CA-2016-141957,20160721,JG-15310,OFF-ST-10004340,LOC00056,Same Day,99.488,2,0.2,8.7052
5668,CA-2016-142405,20160611,SE-20110,OFF-LA-10004093,LOC00006,Standard Class,14.62,2,0.0,6.8714
5669,CA-2016-142405,20160611,SE-20110,OFF-BI-10004728,LOC00006,Standard Class,53.984,14,0.2,17.5448
5670,CA-2016-142405,20160611,SE-20110,TEC-AC-10003095,LOC00006,Standard Class,389.97,3,0.0,132.5898
5671,CA-2015-141012,20150609,TG-21640,FUR-FU-10003192,LOC00544,Second Class,355.36,4,0.0,92.3936
5672,CA-2015-141012,20150609,TG-21640,TEC-PH-10004522,LOC00544,Second Class,140.376,3,0.2,8.7735
5673,CA-2017-127922,20171027,SH-19975,OFF-EN-10003068,LOC00177,Standard Class,15.84,2,0.2,5.544
5674,CA-2017-127922,20171027,SH-19975,OFF-PA-10001204,LOC00177,Standard Class,8.448,2,0.2,2.64
5675,CA-2016-146318,20160122,MC-17275,OFF-PA-10003953,LOC00060,Standard Class,12.96,2,0.0,6.2208
5676,CA-2014-135993,20140528,PJ-18835,TEC-PH-10001552,LOC00061,Standard Class,57.408,6,0.2,5.7408
5677,CA-2014-135993,20140528,PJ-18835,TEC-AC-10004877,LOC00061,Standard Class,27.6,4,0.0,2.208
5678,CA-2014-126802,20141229,ZC-21910,FUR-FU-10000193,LOC00027,Standard Class,38.976,3,0.6,-50.6688
5679,CA-2016-143924,20160728,SC-20680,OFF-FA-10000735,LOC00545,Standard Class,20.44,7,0.0,9.198
5680,CA-2016-143924,20160728,SC-20680,OFF-PA-10002120,LOC00545,Standard Class,109.92,2,0.0,53.8608
5681,CA-2016-141551,20160924,BP-11230,OFF-BI-10001249,LOC00474,Standard Class,6.38,1,0.0,2.9348
5682,CA-2016-141551,20160924,BP-11230,OFF-PA-10001569,LOC00474,Standard Class,6.48,1,0.0,3.1104
5683,CA-2014-164315,20140402,RD-19585,OFF-PA-10004248,LOC00507,Standard Class,15.84,3,0.0,7.128
5684,CA-2014-164315,20140402,RD-19585,TEC-PH-10001128,LOC00507,Standard Class,1049.93,7,0.0,293.9804
5685,CA-2014-164315,20140402,RD-19585,OFF-AP-10003842,LOC00507,Standard Class,154.9,5,0.0,40.274
5686,CA-2015-131072,20151105,KL-16645,OFF-BI-10002794,LOC00060,Same Day,98.352,3,0.2,35.6526
5687,CA-2014-131541,20140728,CK-12205,OFF-FA-10000621,LOC00332,Same Day,14.32,5,0.2,5.191
5688,CA-2014-131541,20140728,CK-12205,FUR-FU-10003623,LOC00332,Same Day,129.888,6,0.2,12.9888
5689,CA-2014-131541,20140728,CK-12205,OFF-EN-10000781,LOC00332,Same Day,48.944,7,0.2,16.5186
5690,CA-2015-119550,20151226,RB-19705,FUR-CH-10002044,LOC00033,Standard Class,275.058,3,0.3,-90.3762
5691,US-2015-138093,20151210,KM-16225,OFF-AR-10000817,LOC00309,Standard Class,27.36,9,0.0,9.3024
5692,US-2015-138093,20151210,KM-16225,OFF-PA-10001509,LOC00309,Standard Class,44.75,5,0.0,20.585
5693,US-2015-138093,20151210,KM-16225,TEC-PH-10004667,LOC00309,Standard Class,134.99,1,0.0,36.4473
5694,US-2015-138093,20151210,KM-16225,OFF-PA-10000143,LOC00309,Standard Class,26.4,5,0.0,12.672
5695,US-2015-138093,20151210,KM-16225,FUR-CH-10000785,LOC00309,Standard Class,542.94,3,0.0,141.1644
5696,CA-2016-126165,20160505,AH-10465,FUR-TA-10001676,LOC00010,Second Class,71.088,2,0.2,-1.7772
5697,CA-2017-126123,20171014,AG-10765,OFF-BI-10000309,LOC00037,Standard Class,27.396,9,0.8,-42.4638
5698,CA-2017-126123,20171014,AG-10765,OFF-BI-10004224,LOC00037,Standard Class,13.456,1,0.8,-23.548
5699,CA-2016-143441,20161105,EB-14170,OFF-LA-10002312,LOC00162,Same Day,11.84,1,0.2,4.44
5700,CA-2017-148320,20171103,PG-18895,OFF-PA-10003022,LOC00010,Standard Class,35.88,6,0.0,17.5812
5701,CA-2016-125661,20161124,CA-12055,OFF-EN-10001532,LOC00178,First Class,40.752,3,0.2,15.282
5702,CA-2016-125661,20161124,CA-12055,TEC-AC-10004855,LOC00178,First Class,139.96,5,0.2,-22.7435
5703,US-2014-123519,20141214,SS-20875,OFF-AR-10003829,LOC00369,Standard Class,2.624,1,0.2,0.2952
5704,US-2014-123519,20141214,SS-20875,FUR-TA-10002645,LOC00369,Standard Class,136.53,1,0.4,-52.3365
5705,US-2014-123519,20141214,SS-20875,TEC-AC-10003033,LOC00369,Standard Class,263.96,1,0.2,42.8935
5706,CA-2014-155593,20141103,RP-19390,OFF-SU-10002522,LOC00070,Standard Class,11.64,3,0.0,3.3756
5707,CA-2017-136000,20170922,SC-20440,OFF-BI-10004828,LOC00030,Second Class,40.176,3,0.2,14.5638
5708,US-2015-160857,20150508,NW-18400,FUR-FU-10001095,LOC00024,Standard Class,79.44,3,0.0,30.1872
5709,US-2015-160857,20150508,NW-18400,OFF-SU-10000157,LOC00024,Standard Class,357.93,3,0.0,7.1586
5710,US-2015-160857,20150508,NW-18400,FUR-CH-10002647,LOC00024,Standard Class,127.764,2,0.1,21.294
5711,US-2015-160857,20150508,NW-18400,TEC-CO-10004115,LOC00024,Standard Class,2799.944,7,0.2,1014.9797
5712,US-2015-160857,20150508,NW-18400,OFF-PA-10003363,LOC00024,Standard Class,19.44,3,0.0,9.3312
5713,CA-2017-115805,20170731,KW-16435,TEC-PH-10003092,LOC00156,Same Day,36.792,1,0.2,4.1391
5714,US-2014-143707,20140301,HR-14770,TEC-PH-10003655,LOC00046,Standard Class,5.94,3,0.0,1.6038
5715,CA-2017-116939,20170925,AG-10900,OFF-ST-10001476,LOC00196,Standard Class,177.55,5,0.0,47.9385
5716,CA-2015-124107,20151009,BM-11650,TEC-AC-10002049,LOC00542,Second Class,619.95,5,0.0,111.591
5717,CA-2015-124107,20151009,BM-11650,TEC-PH-10003875,LOC00542,Second Class,29.16,3,0.0,8.4564
5718,CA-2015-124107,20151009,BM-11650,OFF-EN-10003286,LOC00542,Second Class,57.96,7,0.0,27.2412
5719,CA-2015-124107,20151009,BM-11650,OFF-AP-10003971,LOC00542,Second Class,29.403,3,0.1,5.2272
5720,CA-2017-126550,20170329,RD-19720,OFF-ST-10001031,LOC00378,Second Class,81.4,5,0.0,21.164
5721,CA-2015-138674,20151114,KB-16585,OFF-FA-10000304,LOC00331,First Class,8.72,5,0.2,2.289
5722,CA-2015-138674,20151114,KB-16585,TEC-AC-10000358,LOC00331,First Class,91.176,3,0.2,4.5588
5723,CA-2015-138674,20151114,KB-16585,TEC-AC-10002800,LOC00331,First Class,159.968,4,0.2,29.994
5724,CA-2016-165820,20160926,DW-13585,OFF-PA-10004735,LOC00010,Standard Class,12.96,2,0.0,6.2208
5725,CA-2014-103191,20140922,VG-21805,OFF-ST-10002574,LOC00156,Standard Class,331.536,3,0.2,-82.884
5726,CA-2015-103933,20150925,DR-12880,TEC-AC-10004171,LOC00165,First Class,899.91,9,0.0,395.9604
5727,CA-2015-110548,20150504,AH-10690,TEC-PH-10002922,LOC00015,Standard Class,946.344,7,0.2,118.293
5728,CA-2017-117324,20171208,JP-15520,TEC-AC-10003023,LOC00008,Standard Class,178.11,3,0.0,32.0598
5729,CA-2017-117324,20171208,JP-15520,OFF-AP-10003590,LOC00008,Standard Class,1089.75,3,0.0,305.13
5730,CA-2017-117324,20171208,JP-15520,OFF-LA-10003510,LOC00008,Standard Class,61.06,2,0.0,28.0876
5731,CA-2017-117324,20171208,JP-15520,FUR-BO-10003159,LOC00008,Standard Class,459.92,4,0.0,41.3928
5732,CA-2017-117324,20171208,JP-15520,OFF-PA-10002713,LOC00008,Standard Class,27.52,4,0.0,12.6592
5733,CA-2017-143574,20170629,DR-12880,FUR-BO-10002598,LOC00546,First Class,638.82,9,0.0,185.2578
5734,CA-2017-143574,20170629,DR-12880,OFF-SU-10002537,LOC00546,First Class,30.69,3,0.0,7.9794
5735,CA-2017-143574,20170629,DR-12880,FUR-FU-10003976,LOC00546,First Class,25.16,2,0.0,8.5544
5736,CA-2014-111773,20140629,JK-15625,OFF-BI-10000174,LOC00024,Standard Class,13.92,3,0.2,4.872
5737,CA-2014-148614,20140120,MV-17485,OFF-PA-10002893,LOC00014,Standard Class,19.36,2,0.0,9.2928
5738,CA-2014-148614,20140120,MV-17485,FUR-FU-10003194,LOC00014,Standard Class,19.3,2,0.0,5.79
5739,CA-2017-156139,20161231,BP-11155,OFF-BI-10004233,LOC00010,Standard Class,38.376,3,0.2,13.4316
5740,US-2017-147886,20170328,DH-13075,OFF-PA-10000232,LOC00262,First Class,12.96,2,0.0,6.3504
5741,US-2017-147886,20170328,DH-13075,FUR-FU-10001095,LOC00262,First Class,26.48,1,0.0,10.0624
5742,US-2017-147886,20170328,DH-13075,TEC-MA-10004679,LOC00262,First Class,532.72,2,0.2,53.272
5743,US-2017-147886,20170328,DH-13075,OFF-PA-10003651,LOC00262,First Class,26.72,4,0.0,12.8256
5744,US-2017-147886,20170328,DH-13075,OFF-PA-10000743,LOC00262,First Class,20.04,3,0.0,9.6192
5745,US-2017-147886,20170328,DH-13075,OFF-ST-10002743,LOC00262,First Class,795.48,7,0.0,7.9548
5746,US-2017-147886,20170328,DH-13075,FUR-FU-10003829,LOC00262,First Class,21.56,7,0.0,6.8992
5747,CA-2016-113733,20161208,LH-16900,TEC-PH-10002496,LOC00255,Standard Class,249.584,2,0.2,31.198
5748,CA-2016-113733,20161208,LH-16900,TEC-AC-10002473,LOC00255,Standard Class,68.112,3,0.2,17.8794
5749,CA-2016-113733,20161208,LH-16900,TEC-AC-10004877,LOC00255,Standard Class,16.56,3,0.2,-2.484
5750,CA-2017-104913,20171118,DK-13090,TEC-PH-10000923,LOC00256,Standard Class,74.95,5,0.0,36.7255
5751,CA-2014-145800,20140530,SS-20410,FUR-TA-10001539,LOC00547,Standard Class,355.455,3,0.5,-184.8366
5752,CA-2016-125850,20160122,FP-14320,OFF-LA-10003498,LOC00089,Standard Class,44.4,3,0.0,22.2
5753,CA-2016-125850,20160122,FP-14320,OFF-LA-10004484,LOC00089,Standard Class,20.65,5,0.0,9.499
5754,CA-2016-118514,20160203,LC-17050,FUR-CH-10000015,LOC00127,Standard Class,866.4,4,0.0,225.264
5755,CA-2015-150749,20150329,AS-10240,OFF-AR-10003732,LOC00029,Second Class,5.56,2,0.0,1.4456
5756,CA-2014-163748,20141014,HG-15025,OFF-AP-10004052,LOC00007,Standard Class,3.16,4,0.8,-8.532
5757,CA-2014-163748,20141014,HG-15025,TEC-CO-10002095,LOC00007,Standard Class,1999.96,5,0.2,624.9875
5758,CA-2015-119634,20150811,BW-11065,FUR-FU-10004270,LOC00315,Standard Class,46.152,3,0.2,12.1149
5759,CA-2015-149300,20151122,BH-11710,TEC-MA-10000423,LOC00187,First Class,32.985,3,0.5,-1.9791
5760,US-2016-111528,20161230,JP-16135,OFF-ST-10001526,LOC00004,Same Day,481.32,4,0.0,125.1432
5761,US-2016-111528,20161230,JP-16135,OFF-BI-10002194,LOC00004,Same Day,6.384,1,0.2,2.1546
5762,CA-2017-158169,20170812,JM-16195,OFF-AP-10000828,LOC00548,First Class,542.94,3,0.0,152.0232
5763,CA-2017-158169,20170812,JM-16195,FUR-FU-10001473,LOC00548,First Class,54.92,4,0.0,19.7712
5764,CA-2015-162047,20151103,FH-14365,FUR-CH-10004983,LOC00256,First Class,1448.82,10,0.1,209.274
5765,CA-2015-117772,20150910,MC-17575,OFF-ST-10003994,LOC00006,Second Class,353.88,6,0.0,17.694
5766,US-2014-126340,20141108,EB-13870,TEC-PH-10004447,LOC00549,Standard Class,333.576,3,0.2,25.0182
5767,CA-2016-149685,20161008,PM-19135,OFF-LA-10004545,LOC00066,Standard Class,60.144,6,0.2,20.2986
5768,CA-2017-126396,20170908,AR-10345,TEC-AC-10003116,LOC00033,Second Class,85.2,6,0.2,20.235
5769,CA-2015-154900,20150225,SS-20875,OFF-LA-10001641,LOC00344,Standard Class,3.15,1,0.0,1.512
5770,CA-2015-154900,20150225,SS-20875,OFF-PA-10002377,LOC00344,Standard Class,22.72,4,0.0,10.224
5771,CA-2015-103835,20150924,SC-20440,FUR-FU-10000010,LOC00004,Standard Class,14.91,3,0.0,4.6221
5772,CA-2015-103835,20150924,SC-20440,OFF-AP-10002651,LOC00004,Standard Class,1158.12,4,0.0,335.8548
5773,CA-2015-158939,20151126,EA-14035,TEC-CO-10002313,LOC00335,Standard Class,599.99,1,0.0,233.9961
5774,CA-2016-117408,20160831,TP-21130,OFF-ST-10001580,LOC00527,Standard Class,23.968,2,0.2,2.3968
5775,CA-2016-142398,20160412,BP-11290,FUR-CH-10001545,LOC00002,Standard Class,638.288,7,0.2,-31.9144
5776,CA-2016-142398,20160412,BP-11290,OFF-BI-10004826,LOC00002,Standard Class,13.208,1,0.2,4.6228
5777,CA-2016-105277,20161204,LM-17065,OFF-BI-10000301,LOC00136,Standard Class,15.528,3,0.2,5.823
5778,CA-2016-112060,20161204,KT-16465,OFF-PA-10000994,LOC00010,Standard Class,104.85,1,0.0,50.328
5779,CA-2014-105270,20141111,AP-10915,OFF-AR-10003156,LOC00142,Standard Class,30.48,3,0.0,7.9248
5780,CA-2014-105270,20141111,AP-10915,FUR-CH-10000988,LOC00142,Standard Class,112.648,1,0.2,11.2648
5781,US-2015-159513,20150402,JD-15790,TEC-MA-10003329,LOC00014,Standard Class,71.976,3,0.2,24.2919
5782,CA-2015-155586,20151212,XP-21865,OFF-AR-10001547,LOC00550,Second Class,2.21,1,0.0,0.5967
5783,CA-2015-155586,20151212,XP-21865,OFF-EN-10003072,LOC00550,Second Class,15.52,4,0.0,7.4496
5784,CA-2015-155586,20151212,XP-21865,OFF-PA-10000726,LOC00550,Second Class,36.44,4,0.0,16.398
5785,CA-2017-141117,20171002,JK-16090,FUR-BO-10001972,LOC00331,Standard Class,217.764,6,0.7,-384.7164
5786,CA-2017-141117,20171002,JK-16090,OFF-SU-10004664,LOC00331,Standard Class,39.072,6,0.2,4.3956
5787,CA-2017-141117,20171002,JK-16090,OFF-BI-10003676,LOC00331,Standard Class,22.638,7,0.7,-16.6012
5788,CA-2017-141117,20171002,JK-16090,OFF-AR-10003727,LOC00331,Standard Class,95.144,7,0.2,10.7037
5789,CA-2017-115070,20170410,MG-18205,FUR-FU-10003829,LOC00134,Second Class,12.32,5,0.2,1.848
5790,CA-2017-115070,20170410,MG-18205,OFF-BI-10003712,LOC00134,Second Class,4.419,3,0.7,-3.0933
5791,CA-2017-140186,20170929,PG-18820,OFF-FA-10002280,LOC00411,First Class,35.0,7,0.0,16.8
5792,CA-2017-140186,20170929,PG-18820,FUR-CH-10002961,LOC00411,First Class,72.784,1,0.2,0.0
5793,CA-2017-140186,20170929,PG-18820,OFF-AP-10002578,LOC00411,First Class,97.84,2,0.0,25.4384
5794,CA-2017-140186,20170929,PG-18820,FUR-FU-10004848,LOC00411,First Class,51.75,1,0.0,15.525
5795,CA-2017-140186,20170929,PG-18820,OFF-BI-10003364,LOC00411,First Class,46.672,2,0.2,16.3352
5796,CA-2014-124856,20140929,LD-17005,OFF-ST-10002615,LOC00165,Second Class,1395.54,9,0.0,362.8404
5797,CA-2014-124856,20140929,LD-17005,FUR-FU-10000521,LOC00165,Second Class,117.36,4,0.0,36.3816
5798,CA-2014-124856,20140929,LD-17005,OFF-LA-10000121,LOC00165,Second Class,18.9,3,0.0,8.694
5799,CA-2014-124856,20140929,LD-17005,OFF-PA-10001289,LOC00165,Second Class,77.52,2,0.0,37.9848
5800,CA-2014-166716,20140820,CR-12730,FUR-CH-10004495,LOC00027,Second Class,421.372,2,0.3,-6.0196
5801,CA-2014-123225,20140711,MN-17935,TEC-PH-10000895,LOC00295,First Class,575.968,4,0.2,43.1976
5802,CA-2014-123225,20140711,MN-17935,OFF-PA-10000552,LOC00295,First Class,10.368,2,0.2,3.6288
5803,CA-2015-163440,20150322,RD-19900,TEC-PH-10000376,LOC00381,First Class,15.984,2,0.2,1.1988
5804,US-2017-106796,20170512,JP-16135,OFF-AR-10003504,LOC00158,Standard Class,10.272,3,0.2,1.1556
5805,CA-2017-113873,20171113,KE-16420,OFF-ST-10000943,LOC00078,Standard Class,61.792,4,0.2,6.1792
5806,CA-2017-113873,20171113,KE-16420,FUR-BO-10003441,LOC00078,Standard Class,205.9992,3,0.32,-27.2646
5807,CA-2016-149783,20160904,DL-13315,OFF-PA-10002195,LOC00366,Second Class,12.192,3,0.2,4.1148
5808,CA-2016-149783,20160904,DL-13315,OFF-AP-10001205,LOC00366,Second Class,87.168,2,0.2,8.7168
5809,CA-2016-149783,20160904,DL-13315,OFF-AR-10002987,LOC00366,Second Class,31.744,2,0.2,8.3328
5810,CA-2016-125017,20160206,KB-16240,FUR-FU-10000723,LOC00429,Standard Class,132.224,4,0.2,-18.1808
5811,US-2015-163279,20150322,JD-16150,OFF-PA-10003127,LOC00089,Standard Class,105.52,4,0.0,48.5392
5812,US-2015-163279,20150322,JD-16150,FUR-FU-10000747,LOC00089,Standard Class,91.96,2,0.0,15.6332
5813,US-2015-163279,20150322,JD-16150,TEC-PH-10001795,LOC00089,Standard Class,1487.976,3,0.2,185.997
5814,CA-2015-150196,20150702,SR-20740,OFF-PA-10003797,LOC00024,First Class,19.44,3,0.0,9.3312
5815,US-2015-106495,20150615,AC-10450,TEC-AC-10002718,LOC00086,First Class,11.672,1,0.2,-0.7295
5816,CA-2014-124730,20141126,LS-17245,TEC-PH-10002170,LOC00551,Same Day,279.96,4,0.0,78.3888
5817,CA-2014-124730,20141126,LS-17245,OFF-BI-10001078,LOC00551,Same Day,12.912,3,0.2,4.6806
5818,CA-2014-124730,20141126,LS-17245,OFF-BI-10001031,LOC00551,Same Day,17.088,4,0.2,5.7672
5819,CA-2014-124730,20141126,LS-17245,OFF-LA-10001158,LOC00551,Same Day,93.15,9,0.0,44.712
5820,CA-2014-124730,20141126,LS-17245,OFF-LA-10001613,LOC00551,Same Day,11.52,4,0.0,5.6448
5821,CA-2017-117632,20170512,CS-12175,OFF-SU-10000157,LOC00035,Standard Class,238.62,2,0.0,4.7724
5822,CA-2017-117632,20170512,CS-12175,OFF-AP-10004868,LOC00035,Standard Class,7.77,1,0.0,2.0979
5823,CA-2017-117632,20170512,CS-12175,FUR-TA-10001520,LOC00035,Standard Class,285.48,5,0.2,-10.7055
5824,CA-2017-117632,20170512,CS-12175,OFF-BI-10001900,LOC00035,Standard Class,19.168,4,0.2,6.4692
5825,CA-2014-115056,20140502,AR-10510,OFF-AP-10003971,LOC00048,Same Day,26.136,3,0.2,1.9602
5826,CA-2017-161067,20170903,KB-16405,OFF-PA-10000418,LOC00046,Second Class,419.4,4,0.0,201.312
5827,CA-2017-161067,20170903,KB-16405,FUR-CH-10004626,LOC00046,Second Class,90.801,1,0.1,14.1246
5828,CA-2017-161067,20170903,KB-16405,FUR-CH-10004860,LOC00046,Second Class,181.764,2,0.1,-8.0784
5829,CA-2017-161067,20170903,KB-16405,OFF-AR-10003251,LOC00046,Second Class,5.56,2,0.0,2.224
5830,CA-2016-122063,20161203,MM-17920,FUR-TA-10004575,LOC00239,Standard Class,581.96,2,0.0,104.7528
5831,CA-2016-122063,20161203,MM-17920,FUR-CH-10004754,LOC00239,Standard Class,29.98,1,0.0,8.0946
5832,CA-2015-111206,20150718,RF-19735,TEC-AC-10003095,LOC00189,Standard Class,519.96,4,0.0,176.7864
5833,CA-2016-142895,20160721,BP-11290,OFF-LA-10000262,LOC00005,Standard Class,6.264,3,0.2,2.0358
5834,CA-2016-142895,20160721,BP-11290,FUR-CH-10002961,LOC00005,Standard Class,363.92,5,0.2,0.0
5835,CA-2015-101868,20150609,MJ-17740,OFF-BI-10003876,LOC00329,Standard Class,64.2,5,0.7,-42.8
5836,CA-2015-101868,20150609,MJ-17740,OFF-BI-10002133,LOC00329,Standard Class,38.52,3,0.7,-26.964
5837,CA-2015-101868,20150609,MJ-17740,TEC-AC-10004396,LOC00329,Standard Class,72.6,5,0.2,-8.1675
5838,CA-2017-133207,20171127,DO-13645,TEC-PH-10004100,LOC00002,Standard Class,57.568,4,0.2,5.7568
5839,CA-2015-132948,20150327,MV-17485,OFF-ST-10000636,LOC00061,Standard Class,83.7,5,0.0,3.348
5840,CA-2015-134992,20150922,MG-17875,OFF-PA-10001972,LOC00102,Second Class,32.4,5,0.0,15.552
5841,CA-2015-134992,20150922,MG-17875,FUR-FU-10002554,LOC00102,Second Class,47.98,2,0.0,11.0354
5842,CA-2015-126725,20151117,BS-11665,TEC-PH-10003174,LOC00189,Standard Class,415.968,4,0.2,51.996
5843,CA-2015-126725,20151117,BS-11665,OFF-ST-10001418,LOC00189,Standard Class,304.9,5,0.0,6.098
5844,CA-2015-126725,20151117,BS-11665,FUR-FU-10002813,LOC00189,Standard Class,80.96,4,0.0,29.1456
5845,CA-2015-126725,20151117,BS-11665,OFF-ST-10000129,LOC00189,Standard Class,777.21,7,0.0,54.4047
5846,CA-2015-126725,20151117,BS-11665,OFF-PA-10001639,LOC00189,Standard Class,32.4,5,0.0,15.552
5847,CA-2015-126725,20151117,BS-11665,FUR-CH-10001708,LOC00189,Standard Class,225.568,2,0.2,2.8196
5848,CA-2015-126725,20151117,BS-11665,FUR-FU-10001591,LOC00189,Standard Class,36.6,3,0.0,15.372
5849,CA-2015-121783,20151110,PO-19180,OFF-AP-10003849,LOC00531,Standard Class,715.64,2,0.0,178.91
5850,CA-2015-121783,20151110,PO-19180,OFF-ST-10000078,LOC00531,Standard Class,795.51,3,0.0,143.1918
5851,CA-2015-121783,20151110,PO-19180,TEC-CO-10001571,LOC00531,Standard Class,549.99,1,0.0,274.995
5852,CA-2015-121783,20151110,PO-19180,OFF-BI-10001658,LOC00531,Standard Class,74.76,3,0.0,34.3896
5853,CA-2015-121783,20151110,PO-19180,FUR-FU-10004351,LOC00531,Standard Class,29.22,3,0.0,12.8568
5854,US-2014-138835,20140910,DA-13450,OFF-BI-10003314,LOC00221,Standard Class,9.64,2,0.0,4.7236
5855,CA-2015-112214,20150805,AH-10690,OFF-ST-10001505,LOC00078,Standard Class,33.488,7,0.2,-1.2558
5856,CA-2015-112214,20150805,AH-10690,OFF-SU-10003567,LOC00078,Standard Class,23.04,3,0.2,-4.896
5857,CA-2015-112214,20150805,AH-10690,OFF-BI-10002982,LOC00078,Standard Class,1.362,1,0.8,-2.1792
5858,CA-2015-112214,20150805,AH-10690,FUR-FU-10002364,LOC00078,Standard Class,14.76,5,0.6,-11.439
5859,US-2017-153255,20170903,JK-15730,FUR-BO-10004218,LOC00138,Second Class,239.666,2,0.15,14.098
5860,CA-2015-108119,20151101,MS-17530,FUR-TA-10002530,LOC00552,Standard Class,301.96,2,0.0,45.294
5861,CA-2015-157434,20150429,JK-15640,OFF-PA-10001526,LOC00075,Second Class,7.968,2,0.2,2.8884
5862,CA-2016-101525,20160501,CM-12235,OFF-PA-10001497,LOC00367,Second Class,109.92,2,0.0,53.8608
5863,CA-2016-101525,20160501,CM-12235,OFF-PA-10003936,LOC00367,Second Class,19.44,3,0.0,9.3312
5864,CA-2016-101525,20160501,CM-12235,OFF-AR-10000716,LOC00367,Second Class,11.16,2,0.0,4.3524
5865,US-2014-117968,20140805,RS-19420,OFF-AP-10002765,LOC00317,Second Class,79.47,3,0.0,22.2516
5866,US-2014-117968,20140805,RS-19420,OFF-AR-10004165,LOC00317,Second Class,4.56,2,0.0,2.0064
5867,US-2014-117968,20140805,RS-19420,FUR-CH-10002335,LOC00317,Second Class,1133.35,5,0.0,294.671
5868,CA-2016-158211,20160104,BP-11185,OFF-AR-10004078,LOC00106,Standard Class,4.672,1,0.2,0.584
5869,CA-2016-158211,20160104,BP-11185,OFF-BI-10002026,LOC00106,Standard Class,104.58,6,0.7,-80.178
5870,CA-2016-152247,20161107,MA-17995,FUR-CH-10001215,LOC00553,Standard Class,1603.136,4,0.2,100.196
5871,CA-2016-128223,20160614,EB-13705,FUR-TA-10001771,LOC00159,Same Day,1293.488,7,0.2,80.843
5872,CA-2016-154235,20160924,RD-19900,FUR-FU-10004006,LOC00464,Standard Class,127.95,3,0.0,21.7515
5873,CA-2017-129910,20170330,ME-17320,OFF-ST-10003282,LOC00113,Standard Class,59.76,1,0.0,16.7328
5874,CA-2017-133095,20170604,EH-14005,OFF-BI-10002353,LOC00238,Same Day,108.08,7,0.0,54.04
5875,CA-2017-133095,20170604,EH-14005,OFF-BI-10004141,LOC00238,Same Day,9.54,3,0.0,4.3884
5876,CA-2015-130554,20150407,FM-14290,OFF-AR-10001954,LOC00012,First Class,11.736,3,0.2,1.0269
5877,CA-2014-152443,20140521,FG-14260,OFF-BI-10001071,LOC00129,Standard Class,447.86,7,0.0,219.4514
5878,CA-2014-152443,20140521,FG-14260,OFF-PA-10003022,LOC00129,Standard Class,17.94,3,0.0,8.7906
5879,CA-2014-152443,20140521,FG-14260,OFF-AP-10001293,LOC00129,Standard Class,245.88,6,0.0,68.8464
5880,CA-2016-133319,20160905,MV-17485,OFF-PA-10001815,LOC00165,Standard Class,192.16,4,0.0,92.2368
5881,CA-2016-133935,20160918,JW-15220,FUR-CH-10001215,LOC00189,Standard Class,801.568,2,0.2,50.098
5882,CA-2016-133935,20160918,JW-15220,OFF-PA-10000100,LOC00189,Standard Class,368.91,9,0.0,180.7659
5883,CA-2016-133935,20160918,JW-15220,FUR-CH-10002880,LOC00189,Standard Class,885.528,9,0.2,-99.6219
5884,CA-2016-136301,20160313,EH-13765,FUR-FU-10004712,LOC00010,Second Class,28.28,2,0.0,7.3528
5885,CA-2016-136301,20160313,EH-13765,OFF-SU-10000151,LOC00010,Second Class,4912.59,3,0.0,196.5036
5886,US-2014-109456,20141016,LS-17245,OFF-BI-10000136,LOC00095,Same Day,14.352,3,0.2,5.0232
5887,US-2014-109456,20141016,LS-17245,TEC-AC-10003610,LOC00095,Same Day,179.97,3,0.0,86.3856
5888,CA-2017-151596,20171008,BP-11050,OFF-ST-10001837,LOC00482,First Class,42.76,1,0.0,11.1176
5889,CA-2015-147879,20150507,CC-12220,OFF-PA-10001952,LOC00554,Standard Class,45.68,2,0.0,21.0128
5890,CA-2016-166625,20160414,JM-15580,OFF-BI-10002414,LOC00309,First Class,25.06,2,0.0,11.7782
5891,CA-2016-146157,20161121,RD-19720,OFF-PA-10001790,LOC00027,Standard Class,38.432,1,0.2,13.4512
5892,CA-2016-146157,20161121,RD-19720,OFF-ST-10001590,LOC00027,Standard Class,21.568,2,0.2,1.6176
5893,CA-2016-146157,20161121,RD-19720,TEC-AC-10003657,LOC00027,Standard Class,81.576,3,0.2,2.0394
5894,CA-2017-159954,20170910,SS-20410,OFF-BI-10004876,LOC00149,Standard Class,2.78,1,0.0,1.3622
5895,CA-2017-100825,20170909,KD-16495,OFF-ST-10003123,LOC00002,Standard Class,99.87,3,0.0,23.9688
5896,CA-2014-168305,20141101,PL-18925,OFF-LA-10003498,LOC00014,Standard Class,44.4,3,0.0,22.2
5897,CA-2014-168305,20141101,PL-18925,OFF-PA-10004947,LOC00014,Standard Class,21.4,5,0.0,9.63
5898,CA-2016-167682,20160403,ZD-21925,FUR-FU-10003799,LOC00239,Standard Class,71.12,4,0.0,22.0472
5899,CA-2016-167682,20160403,ZD-21925,TEC-PH-10000673,LOC00239,Standard Class,259.96,4,0.0,124.7808
5900,CA-2017-108000,20170112,LS-16945,OFF-EN-10002621,LOC00095,Standard Class,9.78,1,0.0,4.89
5901,CA-2015-146465,20151120,PB-18805,OFF-BI-10004528,LOC00035,Standard Class,24.192,9,0.2,7.56
5902,CA-2016-159639,20161127,PC-18745,FUR-FU-10001889,LOC00074,Standard Class,31.56,3,0.0,10.4148
5903,US-2017-153948,20171106,FM-14290,OFF-PA-10000157,LOC00035,Same Day,59.94,3,0.0,28.1718
5904,US-2017-153948,20171106,FM-14290,OFF-PA-10002764,LOC00035,Same Day,45.36,4,0.0,22.2264
5905,US-2017-153948,20171106,FM-14290,OFF-PA-10000143,LOC00035,Same Day,26.4,5,0.0,12.672
5906,US-2017-153948,20171106,FM-14290,OFF-LA-10000414,LOC00035,Same Day,41.4,4,0.0,19.872
5907,US-2017-153948,20171106,FM-14290,TEC-AC-10003441,LOC00035,Same Day,16.95,1,0.0,1.017
5908,US-2016-113985,20161202,KD-16495,OFF-BI-10002353,LOC00059,Standard Class,24.704,2,0.2,9.264
5909,US-2016-113985,20161202,KD-16495,OFF-AP-10001303,LOC00059,Standard Class,59.7,3,0.0,26.865
5910,US-2016-113985,20161202,KD-16495,FUR-FU-10003026,LOC00059,Standard Class,14.52,3,0.0,5.6628
5911,US-2016-113985,20161202,KD-16495,OFF-BI-10000632,LOC00059,Standard Class,104.184,3,0.2,33.8598
5912,CA-2016-155383,20161217,SC-20680,OFF-ST-10001328,LOC00061,Standard Class,46.53,3,0.0,13.0284
5913,CA-2014-120432,20140824,DW-13585,OFF-SU-10004661,LOC00554,Second Class,25.5,3,0.0,6.63
5914,US-2015-126977,20150917,PF-19120,OFF-ST-10000617,LOC00046,Standard Class,14.9,5,0.0,1.043
5915,US-2015-126977,20150917,PF-19120,OFF-LA-10002762,LOC00046,Standard Class,87.71,7,0.0,41.2237
5916,US-2015-126977,20150917,PF-19120,FUR-CH-10001973,LOC00046,Standard Class,199.764,2,0.1,8.8784
5917,US-2015-126977,20150917,PF-19120,OFF-ST-10003058,LOC00046,Standard Class,94.6,4,0.0,27.434
5918,US-2015-126977,20150917,PF-19120,FUR-BO-10004834,LOC00046,Standard Class,4228.704,6,0.2,158.5764
5919,US-2015-126977,20150917,PF-19120,FUR-BO-10002213,LOC00046,Standard Class,2003.92,5,0.2,-25.049
5920,US-2015-126977,20150917,PF-19120,TEC-PH-10002170,LOC00046,Standard Class,209.97,3,0.0,58.7916
5921,US-2015-126977,20150917,PF-19120,TEC-AC-10003033,LOC00046,Standard Class,659.9,2,0.0,217.767
5922,US-2015-126977,20150917,PF-19120,OFF-PA-10004071,LOC00046,Standard Class,110.96,2,0.0,53.2608
5923,US-2015-126977,20150917,PF-19120,TEC-PH-10000169,LOC00046,Standard Class,67.8,4,0.0,1.356
5924,CA-2016-130288,20161126,DK-13225,FUR-TA-10002958,LOC00165,Second Class,313.176,2,0.4,-120.0508
5925,CA-2017-146458,20171119,RB-19435,OFF-AR-10001177,LOC00029,Second Class,22.96,7,0.0,6.6584
5926,CA-2017-150420,20170603,GD-14590,TEC-AC-10004975,LOC00397,Standard Class,1099.5,10,0.0,362.835
5927,US-2014-118997,20140408,RA-19885,FUR-TA-10001086,LOC00034,Standard Class,1215.92,8,0.0,316.1392
5928,CA-2014-114314,20141011,DB-13555,OFF-LA-10000240,LOC00146,Standard Class,7.31,1,0.0,3.4357
5929,CA-2014-114314,20141011,DB-13555,FUR-FU-10002107,LOC00146,Standard Class,8.92,4,0.0,3.9248
5930,US-2017-169551,20170707,RL-19615,FUR-BO-10001519,LOC00075,First Class,87.21,3,0.5,-45.3492
5931,US-2017-169551,20170707,RL-19615,OFF-PA-10004100,LOC00075,First Class,15.552,3,0.2,5.4432
5932,US-2017-169551,20170707,RL-19615,TEC-PH-10001363,LOC00075,First Class,683.988,2,0.4,-113.998
5933,US-2017-169551,20170707,RL-19615,OFF-ST-10004835,LOC00075,First Class,13.392,3,0.2,1.0044
5934,US-2017-169551,20170707,RL-19615,TEC-AC-10002018,LOC00075,First Class,16.776,3,0.2,4.8231
5935,US-2017-169551,20170707,RL-19615,TEC-AC-10003033,LOC00075,First Class,527.92,2,0.2,85.787
5936,CA-2016-103107,20160704,RB-19465,FUR-FU-10000221,LOC00006,Same Day,25.4,5,0.0,8.636
5937,CA-2016-103107,20160704,RB-19465,TEC-PH-10001198,LOC00006,Same Day,177.48,3,0.2,19.9665
5938,CA-2016-103107,20160704,RB-19465,TEC-PH-10002564,LOC00006,Same Day,71.976,3,0.2,8.997
5939,CA-2017-122077,20170519,JF-15295,TEC-PH-10003811,LOC00303,Standard Class,95.992,1,0.2,9.5992
5940,CA-2017-122077,20170519,JF-15295,OFF-LA-10004178,LOC00303,Standard Class,13.216,4,0.2,4.2952
5941,CA-2017-112431,20171012,RW-19690,TEC-AC-10001465,LOC00014,Second Class,435.84,12,0.0,130.752
5942,CA-2017-112431,20171012,RW-19690,OFF-AR-10000940,LOC00014,Second Class,5.88,2,0.0,1.5876
5943,CA-2016-151092,20160806,VG-21790,TEC-PH-10001700,LOC00004,Standard Class,211.168,4,0.2,18.4772
5944,CA-2014-104178,20140825,JM-15265,FUR-FU-10000771,LOC00002,Standard Class,6.28,1,0.0,2.6376
5945,CA-2014-104178,20140825,JM-15265,TEC-AC-10002399,LOC00002,Standard Class,95.1,5,0.0,30.432
5946,CA-2014-104178,20140825,JM-15265,OFF-PA-10004983,LOC00002,Standard Class,25.92,4,0.0,12.4416
5947,CA-2014-104178,20140825,JM-15265,OFF-ST-10004258,LOC00002,Standard Class,48.84,4,0.0,13.1868
5948,CA-2015-115924,20150914,BE-11455,OFF-BI-10004040,LOC00194,Second Class,25.9,5,0.0,12.691
5949,CA-2017-161046,20170305,CB-12535,OFF-EN-10003862,LOC00373,Same Day,42.68,4,0.0,19.6328
5950,CA-2017-161046,20170305,CB-12535,TEC-AC-10004571,LOC00373,Same Day,299.97,3,0.0,125.9874
5951,CA-2017-161046,20170305,CB-12535,OFF-AP-10000891,LOC00373,Same Day,262.24,2,0.0,78.672
5952,CA-2017-161046,20170305,CB-12535,OFF-BI-10002026,LOC00373,Same Day,234.36,6,0.0,112.4928
5953,US-2017-141698,20170415,SD-20485,OFF-PA-10001826,LOC00017,Standard Class,20.736,4,0.2,7.2576
5954,US-2014-105151,20140330,SG-20890,OFF-AR-10001231,LOC00030,First Class,10.5,5,0.0,2.94
5955,CA-2014-155796,20141111,TS-21430,FUR-FU-10000409,LOC00333,Second Class,23.968,2,0.2,7.7896
5956,CA-2014-155796,20141111,TS-21430,FUR-BO-10002545,LOC00333,Second Class,521.96,4,0.5,-250.5408
5957,CA-2016-127138,20160312,DK-13225,OFF-ST-10002756,LOC00010,Second Class,676.55,5,0.0,6.7655
5958,CA-2016-127138,20160312,DK-13225,OFF-AP-10003842,LOC00010,Second Class,154.9,5,0.0,40.274
5959,CA-2016-127138,20160312,DK-13225,OFF-EN-10004459,LOC00010,Second Class,30.56,4,0.0,14.9744
5960,CA-2016-127138,20160312,DK-13225,FUR-CH-10003746,LOC00010,Second Class,770.352,3,0.2,77.0352
5961,CA-2017-150602,20170209,ML-17395,FUR-FU-10003142,LOC00063,Second Class,21.12,4,0.0,6.5472
5962,CA-2014-140732,20141111,MA-17560,TEC-PH-10001425,LOC00026,Second Class,575.928,9,0.2,57.5928
5963,CA-2014-140732,20141111,MA-17560,OFF-AP-10001626,LOC00026,Second Class,7.78,2,0.0,2.0228
5964,CA-2014-140732,20141111,MA-17560,OFF-PA-10003625,LOC00026,Second Class,123.92,4,0.0,55.764
5965,CA-2017-119011,20170820,LR-17035,OFF-SU-10004768,LOC00010,Standard Class,17.22,3,0.0,5.166
5966,CA-2017-119011,20170820,LR-17035,OFF-ST-10000777,LOC00010,Standard Class,226.56,6,0.0,63.4368
5967,CA-2017-119011,20170820,LR-17035,TEC-PH-10003171,LOC00010,Standard Class,107.88,3,0.2,10.788
5968,CA-2016-166912,20160115,BE-11335,OFF-PA-10001033,LOC00030,First Class,81.98,2,0.0,40.1702
5969,CA-2014-141726,20140720,CC-12145,OFF-PA-10000418,LOC00189,First Class,104.85,1,0.0,50.328
5970,CA-2014-141726,20140720,CC-12145,OFF-BI-10001982,LOC00189,First Class,8.704,2,0.2,3.1552
5971,CA-2014-141726,20140720,CC-12145,OFF-PA-10002230,LOC00189,First Class,19.92,4,0.0,9.7608
5972,CA-2014-141726,20140720,CC-12145,FUR-FU-10003577,LOC00189,First Class,43.02,3,0.0,15.4872
5973,CA-2017-115105,20170206,BD-11770,FUR-BO-10001811,LOC00024,Standard Class,240.784,1,0.2,30.098
5974,CA-2015-143980,20151225,JK-15640,OFF-AP-10003779,LOC00165,Standard Class,414.96,2,0.0,124.488
5975,CA-2016-135636,20161008,DB-13615,OFF-ST-10000676,LOC00044,Standard Class,387.72,5,0.2,-67.851
5976,CA-2017-102155,20170713,RR-19525,OFF-ST-10001496,LOC00440,Standard Class,360.38,2,0.0,93.6988
5977,CA-2017-102155,20170713,RR-19525,OFF-PA-10003673,LOC00440,Standard Class,13.56,2,0.0,6.2376
5978,CA-2017-116953,20170424,SV-20935,TEC-PH-10004614,LOC00155,First Class,552.0,10,0.2,34.5
5979,CA-2014-117765,20140907,RB-19465,FUR-TA-10001039,LOC00313,Standard Class,429.9,5,0.0,111.774
5980,CA-2014-117765,20140907,RB-19465,OFF-BI-10000474,LOC00313,Standard Class,32.06,2,0.0,15.3888
5981,CA-2014-117765,20140907,RB-19465,FUR-CH-10004698,LOC00313,Standard Class,161.96,2,0.0,45.3488
5982,CA-2014-117765,20140907,RB-19465,OFF-ST-10003327,LOC00313,Standard Class,19.86,2,0.0,5.7594
5983,CA-2016-114895,20161121,MV-18190,OFF-PA-10000232,LOC00046,Standard Class,12.96,2,0.0,6.3504
5984,CA-2017-112984,20170916,EH-14185,OFF-PA-10003657,LOC00106,Second Class,20.544,6,0.2,6.42
5985,CA-2016-163776,20160719,JS-16030,FUR-FU-10001185,LOC00502,Standard Class,185.58,6,0.0,76.0878
5986,CA-2016-163776,20160719,JS-16030,OFF-BI-10003007,LOC00502,Standard Class,77.56,2,0.0,35.6776
5987,CA-2016-163776,20160719,JS-16030,OFF-ST-10002485,LOC00502,Standard Class,87.92,4,0.0,0.8792
5988,CA-2016-163776,20160719,JS-16030,OFF-PA-10001033,LOC00502,Standard Class,245.94,6,0.0,120.5106
5989,CA-2016-163776,20160719,JS-16030,OFF-BI-10000404,LOC00502,Standard Class,8.6,1,0.0,4.042
5990,CA-2016-163776,20160719,JS-16030,FUR-BO-10003546,LOC00502,Standard Class,504.9,5,0.0,126.225
5991,US-2017-163300,20170915,ES-14020,OFF-BI-10004390,LOC00014,Standard Class,2357.488,7,0.2,884.058
5992,US-2017-163300,20170915,ES-14020,TEC-PH-10001700,LOC00014,Standard Class,369.544,7,0.2,32.3351
5993,US-2017-163300,20170915,ES-14020,FUR-CH-10003396,LOC00014,Standard Class,184.752,3,0.2,-20.7846
5994,CA-2016-162187,20161211,NS-18640,OFF-ST-10001558,LOC00048,Same Day,64.96,5,0.2,-4.06
5995,CA-2016-162187,20161211,NS-18640,OFF-SU-10004782,LOC00048,Same Day,13.52,2,0.2,1.69
5996,CA-2016-162187,20161211,NS-18640,FUR-CH-10003298,LOC00048,Same Day,458.43,5,0.3,-137.529
5997,CA-2016-162187,20161211,NS-18640,OFF-AP-10000576,LOC00048,Same Day,387.136,4,0.2,24.196
5998,CA-2016-162187,20161211,NS-18640,FUR-TA-10003008,LOC00048,Same Day,328.59,3,0.4,-147.8655
5999,US-2014-112991,20141210,SH-19975,FUR-CH-10001708,LOC00555,Standard Class,338.352,3,0.2,4.2294
6000,US-2014-112991,20141210,SH-19975,OFF-PA-10000019,LOC00555,Standard Class,25.92,4,0.0,12.4416
6001,US-2014-112991,20141210,SH-19975,OFF-PA-10002222,LOC00555,Standard Class,91.36,4,0.0,42.0256
6002,CA-2014-124079,20141213,RF-19345,FUR-FU-10002553,LOC00052,Standard Class,87.96,3,0.2,7.6965
6003,CA-2014-124079,20141213,RF-19345,OFF-BI-10002103,LOC00052,Standard Class,5.214,2,0.7,-4.1712
6004,US-2017-146878,20170921,DL-12865,OFF-BI-10002794,LOC00230,Standard Class,12.294,1,0.7,-8.6058
6005,CA-2017-107244,20170907,AG-10390,FUR-FU-10002597,LOC00026,Standard Class,19.76,4,0.0,8.2992
6006,CA-2015-100657,20151102,SW-20245,FUR-CH-10003535,LOC00025,Standard Class,109.764,2,0.1,8.5372
6007,CA-2017-129581,20171211,KN-16390,TEC-PH-10001527,LOC00274,Standard Class,128.85,3,0.0,3.8655
6008,CA-2017-129028,20170401,GB-14530,FUR-FU-10004006,LOC00330,First Class,127.95,3,0.0,21.7515
6009,CA-2015-135580,20151230,CL-12565,OFF-PA-10000595,LOC00014,Standard Class,68.52,3,0.0,31.5192
6010,CA-2015-135580,20151230,CL-12565,OFF-ST-10000798,LOC00014,Standard Class,74.94,3,0.0,14.2386
6011,CA-2015-135580,20151230,CL-12565,TEC-MA-10004002,LOC00014,Standard Class,2548.56,6,0.2,286.713
6012,CA-2015-135580,20151230,CL-12565,OFF-EN-10003296,LOC00014,Standard Class,271.44,3,0.0,122.148
6013,CA-2015-135580,20151230,CL-12565,TEC-PH-10004345,LOC00014,Standard Class,287.88,3,0.2,35.985
6014,CA-2016-159016,20160310,KF-16285,OFF-PA-10004405,LOC00142,First Class,14.9,5,0.0,7.152
6015,CA-2016-159016,20160310,KF-16285,TEC-PH-10002885,LOC00142,First Class,4158.912,8,0.2,363.9048
6016,CA-2014-102652,20140406,AY-10555,FUR-FU-10000747,LOC00014,Standard Class,91.96,2,0.0,15.6332
6017,CA-2014-102652,20140406,AY-10555,FUR-FU-10001918,LOC00014,Standard Class,33.11,7,0.0,12.9129
6018,CA-2014-102652,20140406,AY-10555,OFF-PA-10003309,LOC00014,Standard Class,19.44,3,0.0,9.3312
6019,CA-2014-102652,20140406,AY-10555,OFF-PA-10001977,LOC00014,Standard Class,55.48,1,0.0,26.6304
6020,CA-2014-152422,20141005,BD-11635,OFF-AP-10002892,LOC00048,Second Class,91.92,5,0.2,11.49
6021,US-2016-156692,20160813,HG-15025,OFF-AP-10002222,LOC00556,Same Day,17.34,2,0.0,4.6818
6022,US-2016-156692,20160813,HG-15025,TEC-AC-10000158,LOC00556,Same Day,71.98,2,0.0,15.1158
6023,CA-2014-130869,20141117,CB-12025,OFF-EN-10002600,LOC00539,Standard Class,7.08,3,0.2,2.478
6024,US-2017-128832,20170424,LS-16945,TEC-AC-10004855,LOC00260,First Class,69.98,2,0.0,4.8986
6025,CA-2017-139717,20170824,DM-13015,OFF-AP-10000938,LOC00404,Second Class,646.272,8,0.2,64.6272
6026,CA-2017-139717,20170824,DM-13015,OFF-PA-10002195,LOC00404,Second Class,10.368,2,0.2,3.7584
6027,CA-2017-136007,20170223,AC-10615,OFF-FA-10002701,LOC00061,Standard Class,8.4,5,0.0,0.336
6028,CA-2017-136007,20170223,AC-10615,TEC-PH-10003589,LOC00061,Standard Class,71.96,5,0.2,25.186
6029,CA-2016-157364,20161119,LT-17110,OFF-AR-10003752,LOC00223,First Class,18.48,2,0.2,6.006
6030,US-2016-112970,20161114,TB-21250,OFF-AR-10003829,LOC00014,First Class,9.84,3,0.0,2.8536
6031,US-2017-152492,20170706,AH-10585,FUR-CH-10000155,LOC00230,Same Day,239.24,1,0.2,23.924
6032,CA-2016-101168,20161225,SS-20140,FUR-FU-10003142,LOC00557,Standard Class,21.12,4,0.0,6.5472
6033,CA-2017-104010,20170423,TD-20995,OFF-SU-10001218,LOC00165,First Class,54.9,5,0.0,15.372
6034,CA-2015-130253,20151214,PP-18955,FUR-FU-10002963,LOC00002,Standard Class,15.24,3,0.0,5.1816
6035,US-2015-155369,20150419,PG-18820,OFF-AP-10002578,LOC00297,Standard Class,19.568,2,0.8,-52.8336
6036,US-2015-155369,20150419,PG-18820,OFF-BI-10003925,LOC00297,Standard Class,310.392,4,0.8,-512.1468
6037,CA-2016-131205,20160904,AA-10645,FUR-FU-10003347,LOC00522,Standard Class,42.6,3,0.0,16.614
6038,CA-2016-131205,20160904,AA-10645,OFF-BI-10000315,LOC00522,Standard Class,113.94,6,0.0,54.6912
6039,CA-2016-131205,20160904,AA-10645,OFF-ST-10002583,LOC00522,Standard Class,129.92,4,0.0,5.1968
6040,CA-2016-131205,20160904,AA-10645,OFF-AR-10003469,LOC00522,Standard Class,5.28,3,0.0,2.5344
6041,CA-2017-122364,20170924,FA-14230,TEC-PH-10001817,LOC00142,Standard Class,859.2,3,0.2,75.18
6042,CA-2017-122364,20170924,FA-14230,TEC-MA-10001031,LOC00142,Standard Class,506.28,3,0.2,177.198
6043,CA-2016-117912,20160204,TB-21520,FUR-FU-10002088,LOC00172,Standard Class,14.368,2,0.2,3.9512
6044,CA-2017-145702,20170519,AH-10075,FUR-CH-10001482,LOC00366,Second Class,314.352,3,0.2,-35.3646
6045,CA-2017-145702,20170519,AH-10075,OFF-PA-10001526,LOC00366,Second Class,27.888,7,0.2,10.1094
6046,CA-2015-113215,20150903,CP-12085,FUR-FU-10002937,LOC00116,Standard Class,238.152,3,0.2,89.307
6047,CA-2016-154662,20160609,BF-11215,FUR-TA-10001771,LOC00040,Standard Class,692.94,3,0.0,173.235
6048,CA-2015-105571,20151107,CP-12340,OFF-BI-10003305,LOC00230,Standard Class,16.146,9,0.7,-12.9168
6049,CA-2015-105571,20151107,CP-12340,OFF-BI-10001359,LOC00230,Standard Class,1345.485,5,0.7,-1031.5385
6050,CA-2016-152765,20160615,LS-17245,OFF-PA-10000483,LOC00067,First Class,173.488,7,0.2,54.215
6051,CA-2015-153878,20150425,TS-21655,OFF-AR-10000658,LOC00202,Standard Class,57.75,5,0.0,16.17
6052,CA-2015-153878,20150425,TS-21655,OFF-AP-10001205,LOC00202,Standard Class,272.4,5,0.0,76.272
6053,CA-2016-124016,20160923,JS-15940,OFF-PA-10002586,LOC00404,Second Class,11.952,3,0.2,4.0338
6054,CA-2016-124016,20160923,JS-15940,FUR-FU-10004963,LOC00404,Second Class,28.0,4,0.2,7.7
6055,CA-2016-124016,20160923,JS-15940,OFF-BI-10002071,LOC00404,Second Class,12.201,7,0.7,-9.7608
6056,CA-2016-113551,20160818,NF-18385,OFF-BI-10001617,LOC00466,First Class,2.068,1,0.8,-3.4122
6057,CA-2016-113551,20160818,NF-18385,OFF-PA-10004665,LOC00466,First Class,83.84,8,0.2,30.392
6058,CA-2014-107524,20140302,KN-16705,OFF-EN-10001990,LOC00030,Standard Class,11.36,2,0.0,5.3392
6059,CA-2014-107524,20140302,KN-16705,OFF-PA-10000587,LOC00030,Standard Class,36.4,5,0.0,17.472
6060,CA-2014-138072,20141230,GA-14725,TEC-AC-10004859,LOC00075,Standard Class,27.968,2,0.2,6.992
6061,CA-2015-134201,20150410,EH-14125,OFF-ST-10001476,LOC00145,Standard Class,142.04,4,0.0,38.3508
6062,CA-2015-134201,20150410,EH-14125,OFF-AR-10002804,LOC00145,Standard Class,14.67,3,0.0,6.0147
6063,CA-2015-111780,20151225,RA-19285,TEC-CO-10004202,LOC00089,Second Class,1199.96,5,0.2,224.9925
6064,CA-2015-111780,20151225,RA-19285,OFF-PA-10001307,LOC00089,Second Class,12.6,3,0.0,6.174
6065,CA-2015-111780,20151225,RA-19285,OFF-PA-10001667,LOC00089,Second Class,17.94,3,0.0,8.073
6066,CA-2015-119942,20150405,TT-21070,OFF-LA-10001569,LOC00075,First Class,23.904,6,0.2,7.7688
6067,CA-2015-151547,20150117,AH-10465,OFF-SU-10000898,LOC00558,Standard Class,88.96,8,0.2,10.008
6068,CA-2017-166695,20170520,CC-12430,FUR-CH-10000225,LOC00469,Standard Class,518.272,8,0.2,-97.176
6069,CA-2017-166695,20170520,CC-12430,FUR-FU-10002191,LOC00469,Standard Class,6.98,1,0.0,3.3504
6070,CA-2017-166695,20170520,CC-12430,TEC-MA-10003176,LOC00469,Standard Class,343.2,1,0.2,38.61
6071,CA-2017-167542,20170813,KD-16495,OFF-LA-10004093,LOC00075,Standard Class,17.544,3,0.2,5.9211
6072,CA-2015-120901,20151231,BG-11035,OFF-ST-10000025,LOC00111,Standard Class,152.688,2,0.2,-26.7204
6073,CA-2015-120901,20151231,BG-11035,OFF-FA-10001561,LOC00111,Standard Class,3.488,2,0.2,0.5668
6074,CA-2015-120901,20151231,BG-11035,OFF-SU-10001225,LOC00111,Standard Class,5.888,2,0.2,-1.3248
6075,CA-2017-121398,20171225,FH-14365,OFF-BI-10001718,LOC00142,Standard Class,153.552,3,0.2,51.8238
6076,CA-2017-121398,20171225,FH-14365,OFF-ST-10002756,LOC00142,Standard Class,270.62,2,0.0,2.7062
6077,CA-2016-151561,20160901,PG-18820,TEC-AC-10001432,LOC00165,Standard Class,468.9,6,0.0,206.316
6078,CA-2016-151561,20160901,PG-18820,TEC-AC-10003399,LOC00165,Standard Class,72.48,2,0.0,30.4416
6079,CA-2016-151561,20160901,PG-18820,OFF-SU-10001574,LOC00165,Standard Class,10.95,3,0.0,3.285
6080,CA-2016-151561,20160901,PG-18820,FUR-FU-10004864,LOC00165,Standard Class,191.82,3,0.0,61.3824
6081,CA-2017-154676,20170805,NZ-18565,OFF-ST-10001172,LOC00033,First Class,151.056,9,0.2,7.5528
6082,US-2014-165589,20140218,TB-21595,FUR-FU-10002396,LOC00339,Same Day,25.16,5,0.6,-11.322
6083,US-2016-132577,20161122,JE-15475,OFF-BI-10004040,LOC00015,Standard Class,6.216,6,0.8,-9.6348
6084,US-2016-132577,20161122,JE-15475,OFF-AR-10003481,LOC00015,Standard Class,23.616,9,0.2,2.6568
6085,US-2016-132577,20161122,JE-15475,TEC-AC-10000387,LOC00015,Standard Class,24.032,2,0.2,-0.6008
6086,US-2016-132577,20161122,JE-15475,OFF-LA-10000262,LOC00015,Standard Class,2.088,1,0.2,0.6786
6087,US-2016-132577,20161122,JE-15475,OFF-BI-10003196,LOC00015,Standard Class,4.488,6,0.8,-6.732
6088,CA-2015-114048,20151214,EH-13945,FUR-FU-10004351,LOC00147,Standard Class,29.22,3,0.0,12.8568
6089,CA-2015-137281,20150613,BF-10975,OFF-PA-10001870,LOC00237,Standard Class,6.48,1,0.0,3.1104
6090,US-2017-162068,20171228,PC-18745,OFF-BI-10002813,LOC00523,Second Class,1.188,2,0.7,-0.99
6091,CA-2017-100111,20170920,SV-20365,FUR-CH-10003846,LOC00046,Standard Class,272.646,3,0.1,18.1764
6092,CA-2017-100111,20170920,SV-20365,TEC-AC-10002647,LOC00046,Standard Class,212.8,2,0.0,95.76
6093,CA-2017-100111,20170920,SV-20365,OFF-PA-10000807,LOC00046,Standard Class,38.52,9,0.0,18.1044
6094,CA-2017-100111,20170920,SV-20365,TEC-AC-10001465,LOC00046,Standard Class,72.64,2,0.0,21.792
6095,CA-2017-100111,20170920,SV-20365,OFF-ST-10000615,LOC00046,Standard Class,45.4,4,0.0,12.712
6096,CA-2017-100111,20170920,SV-20365,OFF-PA-10002713,LOC00046,Standard Class,13.76,2,0.0,6.3296
6097,CA-2017-100111,20170920,SV-20365,FUR-CH-10003061,LOC00046,Standard Class,80.991,1,0.1,8.0991
6098,CA-2017-100111,20170920,SV-20365,OFF-BI-10000343,LOC00046,Standard Class,11.784,3,0.2,3.9771
6099,CA-2017-100111,20170920,SV-20365,OFF-FA-10000304,LOC00046,Standard Class,4.36,2,0.0,1.7876
6100,CA-2017-100111,20170920,SV-20365,FUR-CH-10004086,LOC00046,Standard Class,2888.127,11,0.1,609.7157
6101,CA-2017-100111,20170920,SV-20365,TEC-PH-10002885,LOC00046,Standard Class,1299.66,2,0.0,350.9082
6102,CA-2017-100111,20170920,SV-20365,FUR-CH-10001215,LOC00046,Standard Class,2254.41,5,0.1,375.735
6103,CA-2017-100111,20170920,SV-20365,TEC-PH-10000215,LOC00046,Standard Class,104.85,3,0.0,28.3095
6104,CA-2017-100111,20170920,SV-20365,TEC-AC-10001998,LOC00046,Standard Class,59.97,3,0.0,20.3898
6105,US-2017-132381,20170822,Dp-13240,FUR-TA-10002356,LOC00106,First Class,314.532,2,0.4,-83.8752
6106,CA-2015-147011,20150618,HR-14830,OFF-AR-10002399,LOC00329,Standard Class,13.632,4,0.2,3.5784
6107,CA-2014-120852,20141220,WB-21850,OFF-AP-10001563,LOC00071,Standard Class,19.432,2,0.8,-49.5516
6108,CA-2014-120852,20141220,WB-21850,TEC-AC-10004510,LOC00071,Standard Class,65.44,5,0.2,-8.18
6109,CA-2016-150007,20160911,AS-10090,OFF-LA-10001982,LOC00156,Standard Class,6.0,2,0.2,2.1
6110,CA-2016-150007,20160911,AS-10090,OFF-BI-10004141,LOC00156,Standard Class,1.908,3,0.8,-3.2436
6111,CA-2016-124590,20161112,SP-20920,FUR-CH-10004495,LOC00272,Standard Class,1474.802,7,0.3,-21.0686
6112,CA-2016-124590,20161112,SP-20920,OFF-AP-10002311,LOC00272,Standard Class,110.096,2,0.2,33.0288
6113,CA-2016-124590,20161112,SP-20920,OFF-FA-10000585,LOC00272,Standard Class,16.752,6,0.2,5.4444
6114,CA-2016-124590,20161112,SP-20920,FUR-CH-10000454,LOC00272,Standard Class,1537.074,9,0.3,0.0
6115,CA-2016-124590,20161112,SP-20920,FUR-CH-10003746,LOC00272,Standard Class,449.372,2,0.3,-12.8392
6116,CA-2016-133802,20160314,SP-20650,OFF-BI-10003291,LOC00559,Standard Class,41.904,6,0.2,14.1426
6117,US-2016-113677,20161113,CM-12655,TEC-PH-10002114,LOC00165,Standard Class,2279.96,4,0.0,592.7896
6118,US-2016-113677,20161113,CM-12655,OFF-LA-10001569,LOC00165,Standard Class,14.94,3,0.0,6.8724
6119,CA-2017-143378,20170919,JR-16210,TEC-PH-10001425,LOC00331,Standard Class,191.976,3,0.2,19.1976
6120,CA-2017-143378,20170919,JR-16210,OFF-AR-10001915,LOC00331,Standard Class,23.832,3,0.2,6.5538
6121,CA-2017-143378,20170919,JR-16210,FUR-FU-10004864,LOC00331,Standard Class,409.216,8,0.2,61.3824
6122,CA-2017-143378,20170919,JR-16210,FUR-BO-10001972,LOC00331,Standard Class,72.588,2,0.7,-128.2388
6123,CA-2017-152660,20171204,CB-12415,OFF-ST-10000532,LOC00027,Standard Class,61.568,2,0.2,4.6176
6124,CA-2015-142139,20150831,SD-20485,OFF-PA-10003883,LOC00472,Standard Class,20.96,4,0.2,6.812
6125,CA-2017-145772,20170603,SS-20140,TEC-AC-10003038,LOC00002,Standard Class,44.75,5,0.0,8.5025
6126,CA-2017-145772,20170603,SS-20140,OFF-PA-10001593,LOC00002,Standard Class,11.96,2,0.0,5.382
6127,CA-2017-145772,20170603,SS-20140,OFF-BI-10002049,LOC00002,Standard Class,3.912,1,0.2,1.2714
6128,CA-2016-124100,20160331,EH-13990,FUR-CH-10003817,LOC00030,Standard Class,327.996,6,0.1,54.666
6129,US-2014-158400,20141025,AH-10030,OFF-BI-10002353,LOC00010,First Class,49.408,4,0.2,18.528
6130,CA-2017-162033,20170326,EM-14200,TEC-AC-10003116,LOC00221,Standard Class,53.25,3,0.0,20.7675
6131,CA-2017-162033,20170326,EM-14200,OFF-FA-10003021,LOC00221,Standard Class,3.76,2,0.0,1.316
6132,CA-2014-163447,20141227,TB-21190,FUR-CH-10004477,LOC00165,Standard Class,767.214,14,0.1,161.9674
6133,CA-2017-145737,20170915,AB-10165,OFF-PA-10001033,LOC00560,Standard Class,163.96,5,0.2,59.4355
6134,CA-2016-148096,20160816,AO-10810,FUR-TA-10004152,LOC00063,First Class,161.28,2,0.2,12.096
6135,CA-2016-146766,20161104,TT-21220,OFF-AR-10002135,LOC00459,Same Day,192.8,4,0.0,55.912
6136,CA-2015-105613,20151018,KN-16705,TEC-AC-10000521,LOC00479,Standard Class,27.696,3,0.2,3.462
6137,CA-2015-105613,20151018,KN-16705,OFF-AP-10000026,LOC00479,Standard Class,73.164,6,0.8,-186.5682
6138,US-2016-142251,20161031,FO-14305,OFF-PA-10002986,LOC00476,Second Class,32.064,6,0.2,11.2224
6139,CA-2014-131247,20140330,GA-14725,FUR-BO-10001337,LOC00095,Standard Class,205.666,2,0.15,-12.098
6140,US-2015-113593,20150418,NC-18415,OFF-ST-10000532,LOC00561,First Class,115.44,3,0.0,30.0144
6141,CA-2017-121083,20170709,JF-15190,OFF-PA-10001497,LOC00114,Standard Class,274.8,5,0.0,134.652
6142,CA-2017-121083,20170709,JF-15190,OFF-ST-10002554,LOC00114,Standard Class,195.64,4,0.0,3.9128
6143,CA-2017-121083,20170709,JF-15190,TEC-PH-10001336,LOC00114,Standard Class,257.98,2,0.0,74.8142
6144,CA-2017-121083,20170709,JF-15190,OFF-AR-10002987,LOC00114,Standard Class,119.04,6,0.0,48.8064
6145,CA-2017-151190,20170627,GT-14710,OFF-PA-10000575,LOC00199,Standard Class,20.07,3,0.0,9.2322
6146,CA-2014-133543,20141222,KM-16660,OFF-AR-10003394,LOC00059,Standard Class,11.76,4,0.0,3.1752
6147,CA-2017-105130,20171121,PJ-18835,OFF-AR-10003394,LOC00035,Standard Class,11.76,4,0.0,3.1752
6148,CA-2017-105130,20171121,PJ-18835,OFF-BI-10001191,LOC00035,Standard Class,40.736,2,0.2,14.7668
6149,CA-2016-161928,20160627,AC-10660,TEC-PH-10003484,LOC00010,Second Class,201.584,2,0.2,12.599
6150,CA-2017-101322,20171228,JG-15310,FUR-CH-10003968,LOC00107,First Class,340.704,6,0.2,-34.0704
6151,US-2016-106600,20160408,RM-19375,FUR-BO-10001608,LOC00113,First Class,354.9,5,0.0,88.725
6152,CA-2014-111871,20140318,EK-13795,FUR-BO-10004218,LOC00095,Second Class,1198.33,10,0.15,70.49
6153,CA-2017-139437,20170703,RD-19585,OFF-ST-10002485,LOC00026,Standard Class,87.92,4,0.0,0.8792
6154,CA-2017-151484,20170420,CV-12805,FUR-FU-10001876,LOC00075,First Class,51.968,2,0.2,10.3936
6155,CA-2017-151484,20170420,CV-12805,OFF-ST-10002370,LOC00075,First Class,51.336,3,0.2,5.7753
6156,CA-2017-151484,20170420,CV-12805,OFF-ST-10000142,LOC00075,First Class,332.704,1,0.2,33.2704
6157,CA-2017-151484,20170420,CV-12805,FUR-FU-10004671,LOC00075,First Class,42.408,3,0.2,9.5418
6158,CA-2016-104150,20160803,AG-10330,OFF-EN-10002504,LOC00313,Second Class,81.54,3,0.0,38.3238
6159,CA-2016-104150,20160803,AG-10330,TEC-AC-10004803,LOC00313,Second Class,167.28,12,0.0,23.4192
6160,CA-2016-161025,20161203,GM-14440,OFF-ST-10001932,LOC00014,Standard Class,772.68,4,0.0,108.1752
6161,CA-2014-103989,20140319,MC-17605,TEC-PH-10004667,LOC00153,First Class,323.976,3,0.2,28.3479
6162,CA-2014-103989,20140319,MC-17605,OFF-LA-10000443,LOC00153,First Class,11.808,4,0.2,3.9852
6163,CA-2014-103989,20140319,MC-17605,OFF-ST-10000918,LOC00153,First Class,26.16,3,0.2,1.962
6164,CA-2014-103989,20140319,MC-17605,OFF-BI-10001196,LOC00153,First Class,33.57,5,0.7,-25.737
6165,CA-2014-103989,20140319,MC-17605,FUR-FU-10003981,LOC00153,First Class,4.992,3,0.2,1.3728
6166,CA-2014-103989,20140319,MC-17605,FUR-FU-10002508,LOC00153,First Class,20.016,3,0.2,5.5044
6167,CA-2014-103989,20140319,MC-17605,TEC-AC-10002647,LOC00153,First Class,170.24,2,0.2,53.2
6168,CA-2015-142433,20150420,ES-14020,OFF-PA-10002377,LOC00067,Standard Class,117.456,3,0.2,44.046
6169,CA-2015-132815,20150919,RW-19540,OFF-PA-10004530,LOC00142,Second Class,22.96,2,0.0,11.2504
6170,CA-2014-101266,20140827,MM-17920,OFF-PA-10002986,LOC00029,Second Class,13.36,2,0.0,6.4128
6171,CA-2016-141523,20161219,MH-17440,OFF-BI-10000948,LOC00046,Second Class,34.248,3,0.2,11.5587
6172,CA-2016-141523,20161219,MH-17440,OFF-AR-10001545,LOC00046,Second Class,3.52,2,0.0,1.0208
6173,US-2014-106299,20140802,NZ-18565,OFF-BI-10001758,LOC00335,Standard Class,26.7,5,0.0,12.549
6174,US-2014-106299,20140802,NZ-18565,TEC-AC-10003237,LOC00335,Standard Class,21.2,2,0.0,9.116
6175,US-2014-106299,20140802,NZ-18565,OFF-ST-10002011,LOC00335,Standard Class,838.38,2,0.0,226.3626
6176,CA-2015-158421,20150921,GB-14575,FUR-CH-10000309,LOC00038,Standard Class,1690.04,4,0.0,422.51
6177,CA-2015-158421,20150921,GB-14575,OFF-ST-10002444,LOC00038,Standard Class,85.96,7,0.0,24.0688
6178,CA-2015-158421,20150921,GB-14575,OFF-EN-10001453,LOC00038,Standard Class,121.96,2,0.0,57.3212
6179,CA-2015-158421,20150921,GB-14575,OFF-PA-10001801,LOC00038,Standard Class,23.92,4,0.0,11.7208
6180,CA-2015-158421,20150921,GB-14575,OFF-ST-10000563,LOC00038,Standard Class,63.96,2,0.0,6.396
6181,CA-2015-158421,20150921,GB-14575,TEC-PH-10000369,LOC00038,Standard Class,629.95,5,0.0,176.386
6182,CA-2015-158421,20150921,GB-14575,TEC-PH-10002538,LOC00038,Standard Class,113.73,3,0.0,32.9817
6183,CA-2015-158421,20150921,GB-14575,OFF-BI-10000050,LOC00038,Standard Class,14.6,2,0.0,6.862
6184,CA-2015-158421,20150921,GB-14575,OFF-ST-10004186,LOC00038,Standard Class,887.84,8,0.0,17.7568
6185,CA-2016-143609,20161211,DB-13270,FUR-CH-10004218,LOC00041,First Class,403.92,5,0.2,25.245
6186,CA-2015-138331,20150807,JK-15625,OFF-AR-10002952,LOC00075,Standard Class,106.8,10,0.2,10.68
6187,CA-2015-138954,20151115,MH-17785,OFF-ST-10003058,LOC00046,First Class,70.95,3,0.0,20.5755
6188,CA-2015-138954,20151115,MH-17785,OFF-BI-10003963,LOC00046,First Class,34.944,6,0.2,11.7936
6189,CA-2015-138954,20151115,MH-17785,OFF-AR-10001955,LOC00046,First Class,119.04,6,0.0,35.712
6190,CA-2017-157903,20170404,AM-10705,TEC-PH-10004345,LOC00562,Standard Class,383.84,4,0.2,47.98
6191,CA-2016-157259,20161224,JM-15535,FUR-FU-10003192,LOC00046,Standard Class,799.56,9,0.0,207.8856
6192,CA-2017-107986,20171213,MW-18220,OFF-ST-10001325,LOC00006,Same Day,31.44,3,0.0,8.4888
6193,CA-2017-104927,20171222,AG-10330,OFF-PA-10000019,LOC00015,Standard Class,25.92,5,0.2,9.072
6194,CA-2017-104927,20171222,AG-10330,OFF-BI-10003429,LOC00015,Standard Class,6.33,5,0.8,-9.8115
6195,CA-2017-104927,20171222,AG-10330,OFF-PA-10000176,LOC00015,Standard Class,75.88,5,0.2,26.558
6196,CA-2017-113453,20171021,CM-12160,TEC-PH-10004165,LOC00106,Standard Class,329.988,2,0.4,-76.9972
6197,CA-2017-113453,20171021,CM-12160,OFF-ST-10000352,LOC00106,Standard Class,71.376,3,0.2,-4.461
6198,CA-2015-149909,20151113,RA-19915,OFF-PA-10000726,LOC00135,Standard Class,63.77,7,0.0,28.6965
6199,CA-2015-149909,20151113,RA-19915,TEC-PH-10001536,LOC00135,Standard Class,50.97,3,0.0,13.2522
6200,CA-2015-149909,20151113,RA-19915,OFF-PA-10001790,LOC00135,Standard Class,96.08,2,0.0,46.1184
6201,CA-2015-146675,20150416,SB-20185,TEC-CO-10001766,LOC00190,Standard Class,1439.968,4,0.2,485.9892
6202,CA-2015-146675,20150416,SB-20185,TEC-AC-10004396,LOC00190,Standard Class,43.56,3,0.2,-4.9005
6203,CA-2016-118332,20161216,PK-19075,FUR-CH-10001708,LOC00431,Standard Class,563.92,5,0.2,7.049
6204,CA-2016-133669,20161021,SV-20935,TEC-PH-10001305,LOC00048,Standard Class,235.152,8,0.4,-47.0304
6205,CA-2017-145660,20171201,MG-17650,FUR-FU-10002885,LOC00369,First Class,7.712,2,0.2,1.7352
6206,CA-2016-133697,20161020,CM-12445,OFF-PA-10000726,LOC00015,Second Class,51.016,7,0.2,15.9425
6207,CA-2016-133697,20161020,CM-12445,OFF-FA-10003112,LOC00015,Second Class,25.248,4,0.2,7.89
6208,CA-2016-133697,20161020,CM-12445,FUR-CH-10002372,LOC00015,Second Class,56.686,1,0.3,-14.5764
6209,CA-2017-148138,20170929,ME-18010,OFF-ST-10000563,LOC00369,Standard Class,51.168,2,0.2,-6.396
6210,CA-2017-119809,20170818,YS-21880,OFF-BI-10003925,LOC00006,Standard Class,2793.528,9,0.2,942.8157
6211,CA-2017-119809,20170818,YS-21880,OFF-ST-10003306,LOC00006,Standard Class,1000.02,7,0.0,290.0058
6212,CA-2017-119809,20170818,YS-21880,FUR-FU-10001475,LOC00006,Standard Class,65.94,3,0.0,22.4196
6213,CA-2017-149944,20171112,MB-17305,OFF-FA-10003495,LOC00563,Second Class,18.24,3,0.0,9.12
6214,CA-2017-149944,20171112,MB-17305,OFF-AP-10004708,LOC00563,Second Class,76.12,2,0.0,22.0748
6215,CA-2014-128538,20141011,AS-10240,OFF-EN-10001219,LOC00415,Standard Class,7.64,1,0.0,3.7436
6216,CA-2015-161711,20151128,MC-17425,FUR-FU-10000087,LOC00046,Standard Class,68.16,3,0.0,27.9456
6217,CA-2015-161711,20151128,MC-17425,OFF-EN-10001539,LOC00046,Standard Class,62.24,8,0.0,29.2528
6218,US-2015-129553,20150727,PG-18820,TEC-PH-10004897,LOC00176,Standard Class,29.97,3,0.0,0.2997
6219,CA-2016-160220,20161020,JS-16030,TEC-PH-10001300,LOC00191,Standard Class,125.7,6,0.0,35.196
6220,CA-2016-160220,20161020,JS-16030,TEC-PH-10001557,LOC00191,Standard Class,191.98,2,0.0,51.8346
6221,CA-2016-160220,20161020,JS-16030,OFF-ST-10000617,LOC00191,Standard Class,20.86,7,0.0,1.4602
6222,US-2017-157224,20170914,JB-16000,OFF-LA-10000121,LOC00063,Second Class,56.7,9,0.0,26.082
6223,CA-2017-140627,20171223,DK-12985,FUR-FU-10000087,LOC00564,Standard Class,72.704,4,0.2,19.0848
6224,CA-2017-140627,20171223,DK-12985,OFF-AR-10000422,LOC00564,Standard Class,12.264,7,0.2,1.0731
6225,CA-2017-140627,20171223,DK-12985,OFF-ST-10004123,LOC00564,Standard Class,218.352,3,0.2,-54.588
6226,CA-2015-133445,20151005,JF-15490,FUR-BO-10003660,LOC00041,Standard Class,66.294,1,0.7,-103.8606
6227,CA-2015-133445,20151005,JF-15490,FUR-CH-10000422,LOC00041,Standard Class,291.168,4,0.2,-14.5584
6228,CA-2014-148782,20141102,PO-18850,TEC-PH-10002923,LOC00275,Standard Class,88.776,3,0.2,7.7679
6229,CA-2016-148208,20160122,BT-11530,TEC-PH-10004093,LOC00178,Standard Class,110.376,4,0.4,-20.2356
6230,CA-2016-148208,20160122,BT-11530,TEC-AC-10000171,LOC00178,Standard Class,55.176,3,0.2,15.8631
6231,CA-2017-127656,20170711,NW-18400,OFF-AR-10001166,LOC00565,Standard Class,30.32,4,0.0,11.8248
6232,US-2017-142188,20170911,JF-15415,FUR-CH-10003199,LOC00060,Same Day,177.568,2,0.2,8.8784
6233,US-2017-142188,20170911,JF-15415,OFF-PA-10002005,LOC00060,Same Day,19.44,3,0.0,9.3312
6234,US-2017-142188,20170911,JF-15415,OFF-PA-10004101,LOC00060,Same Day,71.28,11,0.0,34.2144
6235,US-2017-142188,20170911,JF-15415,OFF-BI-10004600,LOC00060,Same Day,1471.96,5,0.2,459.9875
6236,US-2017-142188,20170911,JF-15415,TEC-PH-10000127,LOC00060,Same Day,79.96,5,0.2,-17.991
6237,CA-2016-144400,20160223,AC-10420,OFF-EN-10004386,LOC00075,Standard Class,57.576,3,0.2,21.591
6238,US-2016-155180,20160122,TB-21280,OFF-BI-10004506,LOC00030,Standard Class,26.336,4,0.2,9.2176
6239,CA-2015-134075,20151212,HA-14905,FUR-FU-10004597,LOC00059,Standard Class,166.5,3,0.0,21.645
6240,CA-2015-134075,20151212,HA-14905,OFF-ST-10001496,LOC00059,Standard Class,360.38,2,0.0,93.6988
6241,US-2016-131912,20161029,LH-17155,OFF-BI-10004236,LOC00142,Second Class,11.744,1,0.2,3.8168
6242,CA-2017-141572,20170528,LO-17170,FUR-FU-10001185,LOC00209,Second Class,247.44,8,0.0,101.4504
6243,CA-2014-134621,20141221,DP-13390,OFF-BI-10000977,LOC00085,Standard Class,18.24,2,0.7,-14.592
6244,CA-2016-165561,20161124,CR-12580,OFF-SU-10004782,LOC00293,Standard Class,25.35,3,0.0,7.605
6245,CA-2015-112305,20151120,KB-16405,OFF-AR-10002067,LOC00060,Standard Class,119.04,6,0.0,30.9504
6246,CA-2015-112305,20151120,KB-16405,FUR-FU-10002364,LOC00060,Standard Class,22.14,3,0.0,6.4206
6247,CA-2015-112305,20151120,KB-16405,TEC-AC-10002018,LOC00060,Standard Class,13.98,2,0.0,6.0114
6248,CA-2017-121580,20170529,ML-17410,OFF-BI-10000632,LOC00135,Standard Class,43.41,1,0.0,19.9686
6249,CA-2017-121580,20170529,ML-17410,FUR-FU-10003981,LOC00135,Standard Class,6.24,3,0.0,2.6208
6250,CA-2017-121580,20170529,ML-17410,OFF-AP-10001564,LOC00135,Standard Class,465.16,2,0.0,120.9416
6251,CA-2017-121580,20170529,ML-17410,OFF-PA-10004082,LOC00135,Standard Class,7.98,1,0.0,3.99
6252,CA-2014-101147,20141202,MC-17575,OFF-AP-10004249,LOC00037,First Class,2.394,1,0.8,-6.3441
6253,CA-2014-165806,20140407,VM-21685,OFF-PA-10003441,LOC00511,Same Day,58.32,9,0.0,27.9936
6254,CA-2014-165806,20140407,VM-21685,TEC-PH-10004922,LOC00511,Same Day,200.97,3,0.0,50.2425
6255,CA-2015-151624,20150908,VW-21775,FUR-FU-10001731,LOC00154,Standard Class,21.36,8,0.0,8.1168
6256,CA-2017-139444,20170909,GK-14620,OFF-LA-10000134,LOC00303,Standard Class,9.856,4,0.2,3.4496
6257,CA-2015-133977,20150906,AT-10435,OFF-BI-10003166,LOC00097,Second Class,3.444,1,0.7,-2.5256
6258,CA-2017-141425,20171102,AR-10825,OFF-SU-10000646,LOC00048,Second Class,384.592,2,0.2,-81.7258
6259,CA-2015-133536,20150328,JH-15820,OFF-EN-10004459,LOC00030,Second Class,22.92,3,0.0,11.2308
6260,CA-2015-150441,20150813,RA-19285,OFF-BI-10003529,LOC00239,Second Class,11.36,4,0.0,5.5664
6261,CA-2015-162607,20150512,RO-19780,OFF-BI-10002949,LOC00061,Standard Class,14.592,3,0.2,4.9248
6262,CA-2017-103506,20170723,LR-17035,OFF-LA-10001158,LOC00256,Standard Class,41.4,4,0.0,19.872
6263,CA-2016-132479,20160924,MK-17905,OFF-BI-10004584,LOC00229,First Class,442.372,7,0.8,-729.9138
6264,CA-2017-160724,20170505,YS-21880,OFF-BI-10004965,LOC00113,Standard Class,34.5,3,0.0,15.525
6265,US-2016-115952,20161006,JH-15910,OFF-BI-10004654,LOC00313,Same Day,28.85,5,0.0,14.425
6266,CA-2014-146731,20141103,AT-10735,OFF-PA-10000141,LOC00396,Standard Class,3.488,2,0.2,1.1772
6267,CA-2014-146731,20141103,AT-10735,OFF-PA-10001019,LOC00396,Standard Class,143.856,9,0.2,48.5514
6268,CA-2015-115392,20151001,RM-19675,TEC-PH-10002496,LOC00566,Second Class,311.98,2,0.0,93.594
6269,CA-2015-115392,20151001,RM-19675,OFF-BI-10000829,LOC00566,Second Class,22.45,5,0.0,10.327
6270,CA-2017-102379,20171202,BB-11545,TEC-PH-10001448,LOC00233,Standard Class,39.992,1,0.2,-7.9984
6271,CA-2017-102379,20171202,BB-11545,FUR-CH-10004983,LOC00233,Standard Class,1159.056,9,0.2,43.4646
6272,CA-2017-102379,20171202,BB-11545,OFF-AR-10004022,LOC00233,Standard Class,179.9,5,0.0,44.975
6273,CA-2017-149706,20171211,AS-10285,TEC-AC-10001284,LOC00567,First Class,116.312,7,0.2,23.2624
6274,US-2016-139087,20160717,DK-13375,FUR-FU-10001847,LOC00060,Second Class,12.42,3,0.0,4.4712
6275,US-2016-139087,20160717,DK-13375,TEC-AC-10004595,LOC00060,Second Class,428.4,3,0.0,89.964
6276,US-2016-139087,20160717,DK-13375,FUR-FU-10004164,LOC00060,Second Class,24.75,5,0.0,10.89
6277,US-2016-139087,20160717,DK-13375,OFF-LA-10001074,LOC00060,Second Class,87.71,7,0.0,41.2237
6278,US-2016-139087,20160717,DK-13375,OFF-ST-10000604,LOC00060,Second Class,69.52,2,0.0,17.38
6279,US-2016-139087,20160717,DK-13375,TEC-PH-10000148,LOC00060,Second Class,20.784,2,0.2,-4.6764
6280,US-2016-139087,20160717,DK-13375,OFF-BI-10000042,LOC00060,Second Class,12.816,3,0.2,4.1652
6281,CA-2017-152226,20170512,JH-15910,OFF-LA-10000443,LOC00094,Standard Class,5.904,2,0.2,1.9926
6282,CA-2015-116484,20151120,JK-15205,FUR-FU-10002874,LOC00369,Standard Class,63.824,2,0.2,9.5736
6283,CA-2015-116484,20151120,JK-15205,OFF-ST-10003994,LOC00369,Standard Class,141.552,3,0.2,-26.541
6284,CA-2016-100944,20160924,EH-13765,OFF-EN-10001453,LOC00014,Standard Class,304.9,5,0.0,143.303
6285,CA-2016-100944,20160924,EH-13765,FUR-CH-10000988,LOC00014,Standard Class,563.24,5,0.2,56.324
6286,CA-2016-125080,20161021,VW-21775,FUR-TA-10003238,LOC00347,Standard Class,661.176,2,0.4,-231.4116
6287,CA-2016-121020,20161024,CG-12040,TEC-PH-10001061,LOC00560,Standard Class,239.976,3,0.2,17.9982
6288,CA-2014-100090,20140708,EB-13705,FUR-TA-10003715,LOC00035,Standard Class,502.488,3,0.2,-87.9354
6289,CA-2014-100090,20140708,EB-13705,OFF-BI-10001597,LOC00035,Standard Class,196.704,6,0.2,68.8464
6290,US-2015-139675,20150313,NF-18595,FUR-CH-10004063,LOC00550,Second Class,915.136,4,0.2,102.9528
6291,US-2015-139675,20150313,NF-18595,FUR-FU-10001979,LOC00550,Second Class,327.76,8,0.0,91.7728
6292,CA-2017-143756,20171202,ME-17725,FUR-CH-10001854,LOC00271,First Class,701.96,2,0.0,168.4704
6293,CA-2015-151253,20150422,AZ-10750,TEC-PH-10002923,LOC00142,Standard Class,88.776,3,0.2,7.7679
6294,CA-2015-151253,20150422,AZ-10750,OFF-AR-10004691,LOC00142,Standard Class,64.14,3,0.0,16.6764
6295,CA-2014-141152,20140916,RF-19345,OFF-BI-10002931,LOC00024,First Class,33.552,1,0.2,12.582
6296,CA-2014-141313,20141228,AJ-10780,OFF-AP-10002651,LOC00568,Standard Class,1737.18,6,0.0,503.7822
6297,CA-2014-141313,20141228,AJ-10780,OFF-ST-10000689,LOC00568,Standard Class,704.25,5,0.0,84.51
6298,CA-2014-141313,20141228,AJ-10780,OFF-PA-10003302,LOC00568,Standard Class,141.76,4,0.0,66.6272
6299,CA-2014-169852,20141021,SF-20965,OFF-BI-10001460,LOC00143,Standard Class,36.36,3,0.2,12.2715
6300,CA-2017-107314,20171130,MZ-17335,FUR-FU-10003489,LOC00010,First Class,25.83,3,0.0,9.5571
6301,US-2014-161305,20140606,SB-20170,OFF-BI-10002794,LOC00037,Standard Class,24.588,3,0.8,-38.1114
6302,US-2014-161305,20140606,SB-20170,OFF-EN-10000461,LOC00037,Standard Class,13.984,2,0.2,4.7196
6303,CA-2017-166919,20171123,AH-10210,TEC-PH-10001305,LOC00078,Standard Class,195.96,5,0.2,19.596
6304,CA-2017-162712,20170618,NK-18490,OFF-PA-10000167,LOC00414,Second Class,74.352,3,0.2,23.235
6305,CA-2017-107552,20170505,AI-10855,OFF-PA-10002947,LOC00046,Same Day,6.68,1,0.0,3.2064
6306,CA-2016-163328,20161104,TP-21565,OFF-SU-10002301,LOC00569,Second Class,17.584,7,0.2,-4.1762
6307,CA-2016-163328,20161104,TP-21565,FUR-CH-10003298,LOC00569,Second Class,104.784,1,0.2,-14.4078
6308,CA-2016-163328,20161104,TP-21565,OFF-PA-10004353,LOC00569,Second Class,47.952,3,0.2,16.7832
6309,CA-2016-163328,20161104,TP-21565,FUR-CH-10000229,LOC00569,Second Class,650.352,3,0.2,-97.5528
6310,CA-2016-163328,20161104,TP-21565,OFF-LA-10003930,LOC00569,Second Class,629.184,8,0.2,228.0792
6311,CA-2016-163328,20161104,TP-21565,OFF-PA-10000176,LOC00569,Second Class,15.176,1,0.2,5.3116
6312,CA-2014-112837,20140911,LW-17125,FUR-FU-10004006,LOC00570,Standard Class,127.95,3,0.0,21.7515
6313,CA-2017-120019,20170216,NG-18355,OFF-ST-10001932,LOC00070,Standard Class,579.51,3,0.0,81.1314
6314,CA-2017-120019,20170216,NG-18355,TEC-PH-10000923,LOC00070,Standard Class,14.99,1,0.0,7.3451
6315,CA-2014-100762,20141124,NG-18355,OFF-AR-10000380,LOC00031,Standard Class,151.92,4,0.0,45.576
6316,CA-2014-100762,20141124,NG-18355,OFF-LA-10003930,LOC00031,Standard Class,196.62,2,0.0,96.3438
6317,CA-2014-100762,20141124,NG-18355,OFF-PA-10001815,LOC00031,Standard Class,144.12,3,0.0,69.1776
6318,CA-2014-100762,20141124,NG-18355,OFF-PA-10004082,LOC00031,Standard Class,15.96,2,0.0,7.98
6319,CA-2017-161459,20171125,EB-13750,TEC-PH-10004071,LOC00288,Second Class,39.96,5,0.2,3.4965
6320,CA-2017-161459,20171125,EB-13750,OFF-PA-10002377,LOC00288,Second Class,34.08,6,0.0,15.336
6321,CA-2017-160017,20170928,SP-20860,OFF-PA-10001800,LOC00134,Standard Class,10.368,2,0.2,3.6288
6322,CA-2014-123316,20141013,SP-20545,OFF-BI-10002764,LOC00185,Standard Class,7.752,3,0.2,2.8101
6323,CA-2014-141299,20140603,RB-19795,OFF-EN-10004459,LOC00375,Second Class,15.28,2,0.0,7.4872
6324,CA-2014-104402,20140617,DB-13660,TEC-MA-10000423,LOC00286,Standard Class,65.97,3,0.0,31.0059
6325,CA-2015-110289,20151029,NB-18655,OFF-PA-10002986,LOC00010,Standard Class,33.4,5,0.0,16.032
6326,CA-2015-110289,20151029,NB-18655,OFF-EN-10001434,LOC00010,Standard Class,210.84,4,0.0,103.3116
6327,CA-2014-167927,20140120,XP-21865,OFF-ST-10000760,LOC00021,Standard Class,13.98,1,0.0,4.0542
6328,CA-2014-167927,20140120,XP-21865,FUR-FU-10002918,LOC00021,Standard Class,272.94,3,0.0,30.0234
6329,CA-2014-167927,20140120,XP-21865,OFF-BI-10000605,LOC00021,Standard Class,19.05,5,0.0,8.9535
6330,CA-2014-167927,20140120,XP-21865,OFF-AP-10002311,LOC00021,Standard Class,247.716,4,0.1,93.5816
6331,CA-2014-167927,20140120,XP-21865,OFF-ST-10003123,LOC00021,Standard Class,66.58,2,0.0,15.9792
6332,CA-2014-167927,20140120,XP-21865,OFF-AR-10004456,LOC00021,Standard Class,43.92,3,0.0,12.7368
6333,CA-2014-167927,20140120,XP-21865,FUR-FU-10002268,LOC00021,Standard Class,14.73,3,0.0,4.8609
6334,CA-2014-167927,20140120,XP-21865,OFF-BI-10004364,LOC00021,Standard Class,29.7,5,0.0,13.365
6335,CA-2014-133305,20140711,MH-17455,OFF-PA-10001970,LOC00165,Standard Class,49.12,4,0.0,23.0864
6336,CA-2014-133305,20140711,MH-17455,OFF-BI-10002954,LOC00165,Standard Class,18.28,5,0.2,6.398
6337,CA-2016-165995,20160830,BG-11740,FUR-FU-10000672,LOC00142,Standard Class,47.04,4,0.0,15.9936
6338,CA-2016-165995,20160830,BG-11740,TEC-PH-10004908,LOC00142,Standard Class,339.96,5,0.2,42.495
6339,CA-2017-143112,20171005,TS-21370,TEC-PH-10003095,LOC00046,Standard Class,87.8,4,0.0,43.9
6340,CA-2017-143112,20171005,TS-21370,FUR-CH-10002880,LOC00046,Standard Class,221.382,2,0.1,2.4598
6341,CA-2017-143112,20171005,TS-21370,TEC-MA-10001047,LOC00046,Standard Class,5199.96,4,0.0,1351.9896
6342,US-2017-105830,20161231,DB-13660,OFF-ST-10002554,LOC00404,First Class,156.512,4,0.2,-35.2152
6343,CA-2015-146255,20150307,EM-14140,TEC-AC-10004469,LOC00286,First Class,119.85,3,0.0,52.734
6344,CA-2015-146255,20150307,EM-14140,OFF-BI-10000309,LOC00286,First Class,30.44,2,0.0,14.9156
6345,CA-2015-146255,20150307,EM-14140,OFF-BI-10001765,LOC00286,First Class,69.28,2,0.0,33.2544
6346,CA-2015-146255,20150307,EM-14140,TEC-PH-10001619,LOC00286,First Class,587.97,3,0.0,170.5113
6347,CA-2017-104822,20171020,RB-19465,OFF-LA-10002034,LOC00024,Same Day,24.55,5,0.0,12.0295
6348,CA-2015-104486,20150501,PO-18850,OFF-BI-10000309,LOC00010,Standard Class,12.176,1,0.2,4.4138
6349,CA-2015-104486,20150501,PO-18850,OFF-ST-10000876,LOC00010,Standard Class,37.32,3,0.0,10.4496
6350,CA-2015-104486,20150501,PO-18850,OFF-SU-10002573,LOC00010,Standard Class,35.06,2,0.0,10.518
6351,CA-2017-161557,20170903,AG-10900,FUR-FU-10004622,LOC00163,Standard Class,108.4,5,0.6,-105.69
6352,CA-2017-161130,20171103,BF-11275,TEC-PH-10002549,LOC00329,Standard Class,361.376,2,0.2,27.1032
6353,US-2015-161347,20150913,HG-14845,OFF-BI-10004209,LOC00075,Standard Class,2.412,1,0.7,-2.01
6354,US-2015-109015,20150906,BS-11590,OFF-AP-10001962,LOC00165,Standard Class,8.39,1,0.0,2.0975
6355,US-2015-109015,20150906,BS-11590,TEC-PH-10002922,LOC00165,Standard Class,337.98,2,0.0,101.394
6356,CA-2014-110611,20141006,JD-16015,OFF-ST-10000642,LOC00075,Standard Class,83.92,5,0.2,-13.637
6357,CA-2017-139080,20170123,CS-12250,OFF-BI-10001757,LOC00006,Standard Class,19.68,5,0.2,6.888
6358,CA-2017-139080,20170123,CS-12250,OFF-PA-10004621,LOC00006,Standard Class,25.92,4,0.0,12.4416
6359,CA-2017-139080,20170123,CS-12250,OFF-PA-10002262,LOC00006,Standard Class,6.48,1,0.0,3.1104
6360,CA-2017-139080,20170123,CS-12250,TEC-PH-10004100,LOC00006,Standard Class,86.352,6,0.2,8.6352
6361,CA-2015-115693,20151210,FC-14245,OFF-AR-10003582,LOC00004,Standard Class,56.3,2,0.0,15.764
6362,US-2014-107993,20141125,SE-20110,OFF-AR-10003179,LOC00331,Standard Class,51.016,7,0.2,8.2901
6363,CA-2017-110443,20171121,CK-12205,OFF-BI-10001670,LOC00571,Standard Class,150.8,5,0.2,56.55
6364,CA-2017-110443,20171121,CK-12205,TEC-MA-10002073,LOC00571,Standard Class,1039.992,1,0.2,103.9992
6365,CA-2017-110443,20171121,CK-12205,OFF-PA-10003797,LOC00571,Standard Class,51.84,8,0.0,24.8832
6366,CA-2017-144848,20170404,DS-13030,TEC-PH-10004006,LOC00030,First Class,41.22,1,0.0,11.1294
6367,CA-2017-144848,20170404,DS-13030,OFF-SU-10000646,LOC00030,First Class,240.37,1,0.0,7.2111
6368,CA-2017-144848,20170404,DS-13030,TEC-PH-10002262,LOC00030,First Class,119.02,2,0.0,33.3256
6369,US-2017-147998,20170519,SA-20830,OFF-BI-10002082,LOC00059,Standard Class,133.12,5,0.2,49.92
6370,CA-2016-103919,20161003,TP-21565,FUR-FU-10001756,LOC00071,Standard Class,38.08,5,0.6,-29.512
6371,CA-2016-113425,20161121,JK-16120,FUR-BO-10002598,LOC00030,Same Day,113.568,2,0.2,12.7764
6372,CA-2017-143035,20171003,CC-12430,FUR-FU-10001934,LOC00030,Second Class,83.92,4,0.0,21.8192
6373,CA-2017-143035,20171003,CC-12430,OFF-AR-10001130,LOC00030,Second Class,6.63,3,0.0,3.1161
6374,CA-2017-143035,20171003,CC-12430,TEC-AC-10002049,LOC00030,Second Class,371.97,3,0.0,66.9546
6375,CA-2014-107811,20140429,LA-16780,FUR-CH-10001394,LOC00032,Standard Class,561.584,2,0.2,70.198
6376,CA-2014-107811,20140429,LA-16780,OFF-ST-10000798,LOC00032,Standard Class,99.92,5,0.2,-1.249
6377,CA-2016-163216,20161007,AW-10930,OFF-LA-10000134,LOC00106,First Class,4.928,2,0.2,1.7248
6378,US-2016-116442,20161215,BP-11230,FUR-FU-10002364,LOC00026,Standard Class,14.76,2,0.0,4.2804
6379,CA-2017-150623,20170410,DB-13360,TEC-AC-10004571,LOC00506,Standard Class,99.99,1,0.0,41.9958
6380,CA-2017-150623,20170410,DB-13360,OFF-ST-10003692,LOC00506,Standard Class,286.15,5,0.0,71.5375
6381,US-2014-163797,20140408,PC-19000,OFF-FA-10001883,LOC00524,Standard Class,49.792,8,0.2,-11.8256
6382,CA-2016-127236,20160329,TB-21595,FUR-BO-10004015,LOC00158,Standard Class,299.975,5,0.5,-167.986
6383,CA-2016-127236,20160329,TB-21595,TEC-PH-10000141,LOC00158,Standard Class,158.376,4,0.4,-36.9544
6384,US-2017-104661,20170115,TB-21250,OFF-BI-10001597,LOC00111,First Class,32.784,4,0.8,-52.4544
6385,US-2017-104661,20170115,TB-21250,TEC-AC-10003628,LOC00111,First Class,47.984,2,0.2,14.3952
6386,US-2017-104661,20170115,TB-21250,TEC-AC-10002331,LOC00111,First Class,62.592,8,0.2,13.3008
6387,US-2017-104661,20170115,TB-21250,OFF-BI-10001098,LOC00111,First Class,4.276,1,0.8,-6.6278
6388,CA-2014-134103,20140130,MV-18190,OFF-PA-10001204,LOC00152,Standard Class,10.56,2,0.0,4.752
6389,CA-2014-134103,20140130,MV-18190,OFF-ST-10000991,LOC00152,Standard Class,229.94,2,0.0,6.8982
6390,CA-2015-147529,20150207,DK-12835,OFF-EN-10000056,LOC00029,Standard Class,311.15,5,0.0,146.2405
6391,CA-2015-147529,20150207,DK-12835,OFF-PA-10003349,LOC00029,Standard Class,12.96,2,0.0,6.3504
6392,CA-2016-129126,20161214,PK-19075,OFF-PA-10001471,LOC00165,Standard Class,14.62,2,0.0,6.7252
6393,CA-2016-129126,20161214,PK-19075,OFF-LA-10003190,LOC00165,Standard Class,5.76,2,0.0,2.8224
6394,CA-2016-129126,20161214,PK-19075,OFF-FA-10000621,LOC00165,Standard Class,21.48,6,0.0,10.5252
6395,CA-2016-129126,20161214,PK-19075,FUR-FU-10002937,LOC00165,Standard Class,396.92,4,0.0,198.46
6396,CA-2016-129126,20161214,PK-19075,OFF-ST-10004507,LOC00165,Standard Class,17.15,1,0.0,4.6305
6397,CA-2016-129126,20161214,PK-19075,OFF-BI-10000279,LOC00165,Standard Class,23.12,2,0.2,7.803
6398,CA-2017-131632,20171031,AH-10120,OFF-AR-10003651,LOC00163,Standard Class,5.248,2,0.2,0.5904
6399,CA-2017-151981,20170806,GM-14455,TEC-PH-10003601,LOC00209,Standard Class,824.95,5,0.0,247.485
6400,CA-2017-151981,20170806,GM-14455,OFF-LA-10002195,LOC00209,Standard Class,24.64,8,0.0,11.8272
6401,CA-2017-151981,20170806,GM-14455,OFF-AR-10000380,LOC00209,Standard Class,227.88,6,0.0,68.364
6402,CA-2017-125472,20170530,BD-11725,FUR-BO-10000330,LOC00300,First Class,241.96,2,0.0,33.8744
6403,CA-2017-125472,20170530,BD-11725,OFF-BI-10000591,LOC00300,First Class,3.89,1,0.0,1.8672
6404,CA-2017-125472,20170530,BD-11725,FUR-FU-10001731,LOC00300,First Class,8.01,3,0.0,3.0438
6405,CA-2015-156328,20151130,RM-19375,TEC-PH-10001198,LOC00315,Standard Class,177.48,3,0.2,19.9665
6406,CA-2017-154074,20170831,BW-11110,FUR-CH-10002331,LOC00322,Second Class,569.568,2,0.2,7.1196
6407,CA-2017-154074,20170831,BW-11110,OFF-ST-10002370,LOC00322,Second Class,149.73,7,0.0,43.4217
6408,CA-2017-161774,20170514,GT-14710,FUR-CH-10003981,LOC00017,First Class,899.43,5,0.3,-12.849
6409,CA-2017-161774,20170514,GT-14710,OFF-AR-10001446,LOC00017,First Class,46.2,5,0.2,5.775
6410,CA-2017-161774,20170514,GT-14710,OFF-PA-10000300,LOC00017,First Class,47.952,3,0.2,16.1838
6411,CA-2017-161774,20170514,GT-14710,TEC-PH-10004071,LOC00017,First Class,7.992,1,0.2,0.6993
6412,CA-2017-161774,20170514,GT-14710,OFF-PA-10003134,LOC00017,First Class,76.864,2,0.2,26.9024
6413,CA-2017-151211,20170817,AH-10120,OFF-BI-10002735,LOC00176,Standard Class,102.93,3,0.0,48.3771
6414,CA-2017-151211,20170817,AH-10120,TEC-AC-10004510,LOC00176,Standard Class,98.16,6,0.0,9.816
6415,CA-2017-142671,20171110,DR-12940,OFF-BI-10004099,LOC00476,Second Class,11.52,5,0.7,-7.68
6416,CA-2017-144750,20170821,DL-13495,OFF-PA-10003395,LOC00524,Same Day,83.88,1,0.2,29.358
6417,CA-2016-111976,20160308,BD-11620,TEC-PH-10002890,LOC00075,Standard Class,108.576,4,0.4,-25.3344
6418,CA-2016-111976,20160308,BD-11620,OFF-FA-10004968,LOC00075,Standard Class,5.984,2,0.2,-1.3464
6419,CA-2016-140130,20161031,HW-14935,OFF-SU-10001218,LOC00313,Standard Class,21.96,2,0.0,6.1488
6420,CA-2016-140130,20161031,HW-14935,FUR-CH-10002084,LOC00313,Standard Class,368.97,3,0.0,81.1734
6421,CA-2016-140130,20161031,HW-14935,OFF-AR-10004269,LOC00313,Standard Class,12.39,3,0.0,3.4692
6422,CA-2016-140130,20161031,HW-14935,OFF-ST-10001128,LOC00313,Standard Class,332.94,3,0.0,9.9882
6423,CA-2014-159121,20140726,JO-15145,TEC-AC-10002006,LOC00541,Standard Class,111.93,7,0.0,34.6983
6424,CA-2015-149650,20151024,RD-19660,FUR-CH-10003956,LOC00233,First Class,454.272,8,0.2,-73.8192
6425,CA-2017-115777,20170819,DO-13645,OFF-PA-10000552,LOC00129,Standard Class,19.44,3,0.0,9.3312
6426,CA-2016-143714,20160523,CC-12370,TEC-CO-10004722,LOC00075,Standard Class,8399.976,4,0.4,1119.9968
6427,CA-2016-143714,20160523,CC-12370,OFF-BI-10004308,LOC00075,Standard Class,6.294,1,0.7,-4.196
6428,CA-2016-143714,20160523,CC-12370,OFF-PA-10000029,LOC00075,Standard Class,10.368,2,0.2,3.6288
6429,CA-2016-143714,20160523,CC-12370,TEC-PH-10004080,LOC00075,Standard Class,122.382,3,0.4,-24.4764
6430,CA-2014-165764,20141103,SH-20395,OFF-ST-10001558,LOC00223,Standard Class,25.984,2,0.2,-1.624
6431,CA-2014-165764,20141103,SH-20395,FUR-TA-10001768,LOC00223,Standard Class,945.036,6,0.4,-299.2614
6432,CA-2014-165764,20141103,SH-20395,OFF-BI-10002982,LOC00223,Standard Class,14.301,7,0.7,-10.4874
6433,CA-2014-165764,20141103,SH-20395,FUR-FU-10001468,LOC00223,Standard Class,410.352,3,0.2,-51.294
6434,CA-2015-121405,20150330,FC-14335,OFF-PA-10001838,LOC00027,Standard Class,23.52,5,0.2,8.526
6435,CA-2015-121405,20150330,FC-14335,TEC-PH-10002890,LOC00027,Standard Class,180.96,5,0.2,13.572
6436,US-2017-116897,20170527,JG-15160,FUR-FU-10004963,LOC00544,First Class,35.0,4,0.0,14.7
6437,US-2017-116897,20170527,JG-15160,OFF-ST-10000025,LOC00544,First Class,477.15,5,0.0,28.629
6438,US-2017-116897,20170527,JG-15160,TEC-PH-10004389,LOC00544,First Class,302.376,3,0.2,22.6782
6439,US-2017-113992,20171214,LC-16885,FUR-TA-10000577,LOC00303,Standard Class,974.988,4,0.3,-97.4988
6440,CA-2014-166891,20141004,CC-12220,FUR-CH-10003298,LOC00024,First Class,589.41,5,0.1,-6.549
6441,CA-2016-101161,20161013,BW-11110,OFF-AR-10001860,LOC00024,Standard Class,34.7,5,0.0,12.492
6442,CA-2016-101161,20161013,BW-11110,OFF-ST-10003123,LOC00024,Standard Class,99.87,3,0.0,23.9688
6443,CA-2016-101161,20161013,BW-11110,OFF-PA-10001295,LOC00024,Standard Class,37.94,2,0.0,18.2112
6444,CA-2016-101161,20161013,BW-11110,OFF-LA-10000407,LOC00024,Standard Class,24.9,5,0.0,11.454
6445,CA-2016-101161,20161013,BW-11110,FUR-FU-10003535,LOC00024,Standard Class,82.26,3,0.0,33.7266
6446,CA-2015-151785,20150305,JJ-15445,OFF-FA-10000611,LOC00037,Standard Class,7.104,6,0.2,2.4864
6447,US-2017-119816,20170304,TT-21460,FUR-FU-10004848,LOC00015,Second Class,103.5,5,0.6,-77.625
6448,US-2017-119816,20170304,TT-21460,OFF-LA-10002381,LOC00015,Second Class,2.464,1,0.2,0.8624
6449,US-2017-119816,20170304,TT-21460,OFF-ST-10000918,LOC00015,Second Class,8.72,1,0.2,0.654
6450,CA-2015-156510,20150925,EH-13990,OFF-BI-10000822,LOC00317,Standard Class,10.76,2,0.0,5.1648
6451,CA-2015-156510,20150925,EH-13990,OFF-PA-10002222,LOC00317,Standard Class,45.68,2,0.0,21.0128
6452,CA-2015-156510,20150925,EH-13990,OFF-AR-10004930,LOC00317,Standard Class,6.7,1,0.0,2.211
6453,US-2015-110261,20151219,PR-18880,TEC-PH-10001750,LOC00572,Second Class,158.376,3,0.2,13.8579
6454,CA-2015-125710,20151008,BT-11680,OFF-AR-10000657,LOC00067,Standard Class,3.44,2,0.2,0.559
6455,CA-2017-161102,20170731,EC-14050,OFF-ST-10003442,LOC00095,First Class,56.56,2,0.0,15.2712
6456,CA-2017-161102,20170731,EC-14050,FUR-FU-10003142,LOC00095,First Class,36.96,7,0.0,11.4576
6457,CA-2014-110065,20140805,SP-20650,TEC-PH-10002468,LOC00030,Standard Class,135.99,1,0.0,36.7173
6458,CA-2014-110065,20140805,SP-20650,OFF-AR-10004165,LOC00030,Standard Class,15.96,7,0.0,7.0224
6459,US-2017-133361,20170514,AJ-10780,OFF-AR-10001919,LOC00309,First Class,3.76,2,0.0,1.0904
6460,US-2017-133361,20170514,AJ-10780,OFF-AR-10003045,LOC00309,First Class,14.7,5,0.0,6.615
6461,US-2017-133361,20170514,AJ-10780,OFF-AR-10003338,LOC00309,First Class,37.2,5,0.0,9.3
6462,US-2017-133361,20170514,AJ-10780,TEC-AC-10003280,LOC00309,First Class,89.97,3,0.0,18.8937
6463,US-2017-133361,20170514,AJ-10780,FUR-CH-10003298,LOC00309,First Class,261.96,2,0.0,23.5764
6464,US-2017-133361,20170514,AJ-10780,OFF-LA-10004544,LOC00309,First Class,74.0,5,0.0,37.0
6465,US-2016-155404,20160922,AS-10630,FUR-FU-10004586,LOC00176,Standard Class,13.28,2,0.0,6.3744
6466,CA-2015-114503,20151113,AA-10375,OFF-ST-10003572,LOC00560,Standard Class,84.96,6,0.2,6.372
6467,CA-2017-153080,20170522,EH-13945,TEC-AC-10002331,LOC00142,Second Class,68.46,7,0.0,25.3302
6468,CA-2016-163804,20161202,DB-13270,OFF-ST-10000142,LOC00260,Standard Class,2079.4,5,0.0,582.232
6469,CA-2016-163804,20161202,DB-13270,TEC-PH-10000441,LOC00260,Standard Class,629.95,5,0.0,176.386
6470,CA-2016-163804,20161202,DB-13270,FUR-FU-10004864,LOC00260,Standard Class,72.42,6,0.0,23.8986
6471,CA-2015-108532,20150829,CC-12100,TEC-PH-10001750,LOC00152,Standard Class,131.98,2,0.0,35.6346
6472,CA-2015-108532,20150829,CC-12100,TEC-AC-10004510,LOC00152,Standard Class,114.52,7,0.0,11.452
6473,CA-2014-151897,20140606,VT-21700,OFF-LA-10001074,LOC00033,Standard Class,100.24,10,0.2,33.831
6474,CA-2016-113292,20160318,DB-13060,OFF-AP-10003590,LOC00085,Second Class,871.8,3,0.2,87.18
6475,CA-2014-149524,20140114,BS-11590,FUR-BO-10003433,LOC00012,First Class,61.96,4,0.5,-53.2856
6476,CA-2017-140872,20170603,NR-18550,OFF-BI-10002432,LOC00119,Standard Class,4.554,3,0.7,-3.4914
6477,CA-2017-140872,20170603,NR-18550,OFF-AP-10003622,LOC00119,Standard Class,5.2,2,0.2,0.585
6478,CA-2017-140872,20170603,NR-18550,TEC-AC-10003832,LOC00119,Standard Class,205.992,1,0.2,-2.5749
6479,CA-2017-140872,20170603,NR-18550,OFF-PA-10000809,LOC00119,Standard Class,15.552,3,0.2,5.4432
6480,CA-2017-140872,20170603,NR-18550,TEC-PH-10000441,LOC00119,Standard Class,503.96,5,0.2,50.396
6481,CA-2017-140872,20170603,NR-18550,OFF-AP-10002287,LOC00119,Standard Class,24.472,7,0.2,1.8354
6482,CA-2017-140872,20170603,NR-18550,FUR-BO-10002824,LOC00119,Standard Class,241.568,2,0.2,0.0
6483,CA-2017-140872,20170603,NR-18550,TEC-AC-10002942,LOC00119,Standard Class,110.4,2,0.2,-4.14
6484,CA-2017-113908,20170603,KN-16390,FUR-TA-10001932,LOC00165,Standard Class,384.768,2,0.4,-115.4304
6485,CA-2017-113908,20170603,KN-16390,TEC-MA-10003173,LOC00165,Standard Class,78.66,6,0.0,36.1836
6486,CA-2017-113908,20170603,KN-16390,OFF-PA-10004156,LOC00165,Standard Class,45.36,4,0.0,22.2264
6487,CA-2015-120621,20150321,JW-16075,OFF-AP-10002945,LOC00223,Standard Class,962.08,4,0.2,156.338
6488,CA-2015-120621,20150321,JW-16075,OFF-BI-10000948,LOC00223,Standard Class,12.843,3,0.7,-9.8463
6489,CA-2015-120621,20150321,JW-16075,OFF-PA-10002254,LOC00223,Standard Class,295.456,14,0.2,96.0232
6490,US-2017-148866,20170919,JM-15535,OFF-PA-10004782,LOC00165,Standard Class,32.4,5,0.0,15.552
6491,CA-2014-149594,20140915,MF-18250,FUR-FU-10000222,LOC00075,Standard Class,103.936,4,0.2,16.8896
6492,CA-2016-113845,20161120,FA-14230,FUR-BO-10004695,LOC00416,Standard Class,289.568,2,0.2,10.8588
6493,CA-2016-113845,20161120,FA-14230,OFF-ST-10003327,LOC00416,Standard Class,39.72,5,0.2,4.4685
6494,CA-2016-113845,20161120,FA-14230,TEC-PH-10003357,LOC00416,Standard Class,244.768,4,0.2,24.4768
6495,CA-2017-111262,20171028,KH-16510,TEC-AC-10002167,LOC00015,Second Class,24.0,2,0.2,-2.7
6496,CA-2017-111262,20171028,KH-16510,OFF-PA-10001937,LOC00015,Second Class,15.552,3,0.2,5.4432
6497,CA-2017-111262,20171028,KH-16510,TEC-AC-10004510,LOC00015,Second Class,26.176,2,0.2,-3.272
6498,CA-2015-103135,20150724,SS-20515,FUR-FU-10001487,LOC00176,Standard Class,20.94,3,0.0,6.0726
6499,CA-2015-103135,20150724,SS-20515,OFF-BI-10000069,LOC00176,Standard Class,135.09,9,0.0,62.1414
6500,CA-2015-103135,20150724,SS-20515,TEC-AC-10003289,LOC00176,Standard Class,279.86,14,0.0,64.3678
6501,CA-2015-103135,20150724,SS-20515,OFF-BI-10000069,LOC00176,Standard Class,90.06,6,0.0,41.4276
6502,CA-2014-129147,20141102,LC-17050,TEC-PH-10001299,LOC00082,Standard Class,539.964,6,0.4,-107.9928
6503,CA-2014-129147,20141102,LC-17050,TEC-PH-10001552,LOC00082,Standard Class,50.232,7,0.4,-10.0464
6504,CA-2014-129147,20141102,LC-17050,OFF-BI-10001098,LOC00082,Standard Class,19.242,3,0.7,-13.4694
6505,CA-2017-128265,20171117,VW-21775,OFF-ST-10000142,LOC00165,Second Class,1247.64,3,0.0,349.3392
6506,CA-2016-152331,20160626,LD-16855,OFF-AR-10001547,LOC00156,Standard Class,5.304,3,0.2,0.4641
6507,US-2016-128909,20161009,SP-20545,OFF-PA-10001593,LOC00106,Second Class,19.136,4,0.2,5.98
6508,US-2016-128909,20161009,SP-20545,FUR-FU-10004071,LOC00106,Second Class,332.832,4,0.2,-24.9624
6509,CA-2017-102197,20171220,DK-13150,OFF-PA-10001970,LOC00030,Standard Class,279.9,5,0.0,137.151
6510,CA-2017-102197,20171220,DK-13150,OFF-BI-10001524,LOC00030,Standard Class,50.352,3,0.2,17.6232
6511,CA-2017-102197,20171220,DK-13150,OFF-PA-10004156,LOC00030,Standard Class,34.02,3,0.0,16.6698
6512,CA-2017-167640,20170306,FC-14245,OFF-AR-10003158,LOC00010,Standard Class,23.88,6,0.0,8.1192
6513,CA-2017-167640,20170306,FC-14245,OFF-LA-10004559,LOC00010,Standard Class,11.52,4,0.0,5.6448
6514,CA-2017-167640,20170306,FC-14245,OFF-PA-10001033,LOC00010,Standard Class,286.93,7,0.0,140.5957
6515,CA-2017-167640,20170306,FC-14245,TEC-PH-10001336,LOC00010,Standard Class,206.384,2,0.2,23.2182
6516,US-2017-116652,20170915,RD-19480,FUR-CH-10002961,LOC00035,Standard Class,218.352,3,0.2,0.0
6517,US-2017-116652,20170915,RD-19480,FUR-FU-10001488,LOC00035,Standard Class,529.9,5,0.0,105.98
6518,US-2017-116652,20170915,RD-19480,OFF-AR-10001915,LOC00035,Standard Class,99.3,10,0.0,41.706
6519,US-2017-116652,20170915,RD-19480,OFF-AP-10001205,LOC00035,Standard Class,108.96,2,0.0,30.5088
6520,US-2017-116652,20170915,RD-19480,OFF-BI-10004528,LOC00035,Standard Class,2.688,1,0.2,0.84
6521,CA-2017-138289,20170116,AR-10540,OFF-BI-10004995,LOC00031,Second Class,5443.96,4,0.0,2504.2216
6522,CA-2017-138289,20170116,AR-10540,FUR-CH-10004626,LOC00031,Second Class,302.67,3,0.0,72.6408
6523,CA-2017-138289,20170116,AR-10540,OFF-PA-10001260,LOC00031,Second Class,56.07,7,0.0,25.2315
6524,CA-2016-129308,20160707,CC-12100,OFF-LA-10002945,LOC00075,Standard Class,10.08,2,0.2,3.276
6525,CA-2016-129308,20160707,CC-12100,TEC-PH-10002310,LOC00075,Standard Class,59.994,1,0.4,-12.9987
6526,CA-2016-129308,20160707,CC-12100,OFF-BI-10001525,LOC00075,Standard Class,5.715,5,0.7,-4.7625
6527,CA-2016-129308,20160707,CC-12100,OFF-BI-10001308,LOC00075,Standard Class,9.42,5,0.7,-7.85
6528,CA-2016-157791,20161223,CA-11965,TEC-CO-10002095,LOC00123,Second Class,1999.96,4,0.0,899.982
6529,CA-2014-146864,20141222,BT-11530,OFF-ST-10004946,LOC00024,Standard Class,216.4,4,0.0,56.264
6530,CA-2014-103744,20140223,MG-17875,OFF-LA-10004425,LOC00295,Standard Class,6.936,3,0.2,2.3409
6531,CA-2014-103744,20140223,MG-17875,OFF-BI-10000320,LOC00295,Standard Class,4.428,3,0.8,-6.8634
6532,US-2017-107384,20171204,TP-21130,OFF-AR-10001315,LOC00039,Standard Class,8.8,5,0.0,2.552
6533,US-2017-107384,20171204,TP-21130,TEC-AC-10004595,LOC00039,Standard Class,142.8,1,0.0,29.988
6534,US-2017-107384,20171204,TP-21130,TEC-AC-10001539,LOC00039,Standard Class,399.95,5,0.0,143.982
6535,CA-2014-128209,20141117,GT-14710,OFF-BI-10001359,LOC00251,Standard Class,2152.776,3,0.2,726.5619
6536,CA-2014-128209,20141117,GT-14710,FUR-BO-10002213,LOC00251,Standard Class,4007.84,10,0.2,-50.098
6537,CA-2014-169684,20141020,FH-14365,FUR-TA-10003008,LOC00366,First Class,328.59,3,0.4,-147.8655
6538,CA-2014-169684,20141020,FH-14365,OFF-ST-10000934,LOC00366,First Class,98.352,3,0.2,-24.588
6539,CA-2015-109862,20151025,HK-14890,TEC-PH-10004042,LOC00286,Standard Class,158.99,1,0.0,41.3374
6540,CA-2015-109862,20151025,HK-14890,FUR-CH-10002439,LOC00286,Standard Class,291.1,5,0.0,75.686
6541,US-2017-107888,20171116,CC-12220,OFF-PA-10001363,LOC00006,First Class,73.68,6,0.0,34.6296
6542,US-2017-107888,20171116,CC-12220,FUR-FU-10003394,LOC00006,First Class,139.92,2,0.0,23.7864
6543,US-2017-107888,20171116,CC-12220,TEC-PH-10003171,LOC00006,First Class,107.88,3,0.2,10.788
6544,US-2017-107888,20171116,CC-12220,OFF-ST-10003123,LOC00006,First Class,33.29,1,0.0,7.9896
6545,US-2017-154872,20170514,DP-13000,OFF-BI-10003007,LOC00178,Standard Class,58.17,5,0.7,-46.536
6546,US-2017-154872,20170514,DP-13000,OFF-LA-10000973,LOC00178,Standard Class,5.04,2,0.2,1.764
6547,US-2017-154872,20170514,DP-13000,OFF-PA-10000483,LOC00178,Standard Class,24.784,1,0.2,7.745
6548,CA-2014-113880,20140301,VF-21715,FUR-CH-10000863,LOC00387,Standard Class,634.116,6,0.3,-172.1172
6549,CA-2014-113880,20140301,VF-21715,OFF-PA-10003036,LOC00387,Standard Class,17.472,3,0.2,5.6784
6550,US-2015-164966,20150730,GH-14410,FUR-CH-10002304,LOC00088,First Class,155.88,6,0.0,38.97
6551,CA-2015-126739,20151101,JH-16180,FUR-CH-10000422,LOC00046,Second Class,327.564,4,0.1,21.8376
6552,CA-2017-161578,20171216,RB-19465,OFF-PA-10002986,LOC00002,Second Class,13.36,2,0.0,6.4128
6553,CA-2017-161578,20171216,RB-19465,OFF-ST-10002289,LOC00002,Second Class,158.9,5,0.0,7.945
6554,CA-2014-137092,20141020,LS-16975,TEC-AC-10001606,LOC00156,Second Class,319.968,4,0.2,71.9928
6555,CA-2014-137092,20141020,LS-16975,OFF-ST-10003805,LOC00156,Second Class,505.32,3,0.2,31.5825
6556,CA-2014-137092,20141020,LS-16975,OFF-PA-10002109,LOC00156,Second Class,3.808,1,0.2,1.2376
6557,CA-2014-137092,20141020,LS-16975,OFF-BI-10000632,LOC00156,Second Class,8.682,1,0.8,-14.7594
6558,CA-2014-137092,20141020,LS-16975,OFF-LA-10003510,LOC00156,Second Class,24.424,1,0.2,7.9378
6559,CA-2015-166947,20150605,EB-13750,FUR-CH-10004997,LOC00251,Standard Class,1522.638,9,0.1,169.182
6560,CA-2016-160941,20160721,DK-12835,OFF-EN-10003001,LOC00053,Standard Class,419.9,5,0.0,197.353
6561,CA-2016-160941,20160721,DK-12835,OFF-LA-10003766,LOC00053,Standard Class,3.15,1,0.0,1.512
6562,CA-2017-144680,20170331,SC-20260,OFF-AP-10003040,LOC00175,First Class,33.62,5,0.8,-90.774
6563,CA-2014-166086,20140507,CT-11995,OFF-BI-10001078,LOC00129,Standard Class,16.14,3,0.0,7.9086
6564,CA-2014-166086,20140507,CT-11995,FUR-TA-10003469,LOC00129,Standard Class,194.25,2,0.3,-38.85
6565,CA-2014-166086,20140507,CT-11995,OFF-AR-10002578,LOC00129,Standard Class,8.64,3,0.0,2.5056
6566,CA-2014-166086,20140507,CT-11995,FUR-CH-10004675,LOC00129,Standard Class,872.32,4,0.0,244.2496
6567,CA-2017-131282,20170205,CB-12025,OFF-BI-10004632,LOC00527,Second Class,243.992,4,0.8,-426.986
6568,CA-2017-131282,20170205,CB-12025,OFF-AR-10003087,LOC00527,Second Class,7.12,5,0.2,0.712
6569,CA-2014-100678,20140418,KM-16720,OFF-AR-10001868,LOC00015,Standard Class,2.688,2,0.2,1.008
6570,CA-2014-100678,20140418,KM-16720,FUR-CH-10002602,LOC00015,Standard Class,317.058,3,0.3,-18.1176
6571,CA-2014-100678,20140418,KM-16720,OFF-EN-10000056,LOC00015,Standard Class,149.352,3,0.2,50.4063
6572,CA-2014-100678,20140418,KM-16720,TEC-AC-10000474,LOC00015,Standard Class,227.976,3,0.2,28.497
6573,CA-2016-161543,20160510,RD-19720,OFF-PA-10003971,LOC00060,Standard Class,11.96,2,0.0,5.8604
6574,CA-2016-160535,20161125,BP-11050,OFF-ST-10000689,LOC00171,Standard Class,563.4,4,0.0,67.608
6575,CA-2016-160535,20161125,BP-11050,TEC-MA-10004255,LOC00171,Standard Class,319.92,8,0.0,118.3704
6576,CA-2017-123085,20170303,EJ-13720,TEC-AC-10000990,LOC00142,Standard Class,1049.44,8,0.0,440.7648
6577,CA-2017-123085,20170303,EJ-13720,FUR-CH-10003968,LOC00142,Standard Class,170.352,3,0.2,-17.0352
6578,CA-2015-153752,20151206,RO-19780,TEC-PH-10001615,LOC00102,Second Class,173.94,6,0.0,50.4426
6579,CA-2014-103660,20140825,MW-18220,TEC-PH-10000895,LOC00006,Standard Class,1007.944,7,0.2,75.5958
6580,CA-2016-169887,20161022,MS-17530,OFF-PA-10003001,LOC00060,Same Day,6.68,1,0.0,3.2064
6581,CA-2016-169887,20161022,MS-17530,OFF-AR-10002766,LOC00060,Same Day,8.34,3,0.0,2.2518
6582,CA-2016-169887,20161022,MS-17530,FUR-FU-10003095,LOC00060,Same Day,101.94,3,0.0,30.582
6583,CA-2016-148516,20160807,DW-13585,TEC-AC-10003610,LOC00200,Standard Class,179.97,3,0.0,86.3856
6584,CA-2017-104731,20170721,AM-10705,OFF-AR-10003727,LOC00271,Standard Class,101.94,6,0.0,29.5626
6585,CA-2017-104731,20170721,AM-10705,TEC-PH-10002660,LOC00271,Standard Class,271.96,4,0.0,67.99
6586,CA-2017-104731,20170721,AM-10705,FUR-FU-10003274,LOC00271,Standard Class,8.8,5,0.0,3.872
6587,CA-2017-104731,20170721,AM-10705,OFF-AR-10003829,LOC00271,Standard Class,19.68,6,0.0,5.7072
6588,CA-2017-104731,20170721,AM-10705,FUR-BO-10003441,LOC00271,Standard Class,302.94,3,0.0,69.6762
6589,CA-2017-104731,20170721,AM-10705,OFF-BI-10003355,LOC00271,Standard Class,14.94,3,0.0,7.1712
6590,CA-2017-104731,20170721,AM-10705,OFF-SU-10003505,LOC00271,Standard Class,231.72,2,0.0,11.586
6591,CA-2014-164749,20140323,BG-11740,OFF-LA-10004484,LOC00573,First Class,9.912,3,0.2,3.2214
6592,CA-2015-103716,20150430,KB-16585,OFF-AR-10000658,LOC00095,Standard Class,34.65,3,0.0,9.702
6593,CA-2015-103716,20150430,KB-16585,TEC-PH-10000347,LOC00095,Standard Class,19.8,5,0.2,1.7325
6594,CA-2016-126795,20160613,GT-14710,OFF-BI-10001989,LOC00024,Second Class,33.568,2,0.2,11.7488
6595,CA-2015-146290,20150504,SV-20815,OFF-AR-10001897,LOC00305,Standard Class,125.93,7,0.0,35.2604
6596,CA-2017-157112,20170423,GG-14650,OFF-BI-10000285,LOC00048,First Class,11.76,5,0.7,-7.84
6597,CA-2017-157112,20170423,GG-14650,OFF-PA-10001804,LOC00048,First Class,5.344,1,0.2,1.8704
6598,CA-2014-169257,20140606,SV-20785,OFF-BI-10002557,LOC00134,Standard Class,1.365,1,0.7,-0.91
6599,CA-2014-169257,20140606,SV-20785,OFF-PA-10002319,LOC00134,Standard Class,62.016,2,0.2,22.4808
6600,CA-2014-154095,20141202,ON-18715,FUR-FU-10003849,LOC00235,Standard Class,60.72,3,0.0,23.6808
6601,CA-2014-154095,20141202,ON-18715,OFF-PA-10002923,LOC00235,Standard Class,146.82,3,0.0,73.41
6602,CA-2014-154095,20141202,ON-18715,FUR-CH-10004754,LOC00235,Standard Class,239.84,8,0.0,64.7568
6603,CA-2014-154095,20141202,ON-18715,OFF-LA-10000634,LOC00235,Standard Class,15.66,6,0.0,7.2036
6604,CA-2017-146346,20170617,RA-19945,OFF-ST-10001418,LOC00574,First Class,146.352,3,0.2,-32.9292
6605,CA-2016-148852,20160526,SV-20785,OFF-FA-10003467,LOC00201,Standard Class,5.94,3,0.0,0.0
6606,CA-2016-148852,20160526,SV-20785,OFF-PA-10001293,LOC00201,Standard Class,45.36,7,0.0,21.7728
6607,CA-2016-148852,20160526,SV-20785,TEC-PH-10003885,LOC00201,Standard Class,211.168,4,0.2,23.7564
6608,CA-2016-148852,20160526,SV-20785,FUR-CH-10004860,LOC00201,Standard Class,484.704,6,0.2,-84.8232
6609,CA-2016-148852,20160526,SV-20785,TEC-MA-10002428,LOC00201,Standard Class,371.976,3,0.2,116.2425
6610,US-2015-118906,20150310,KB-16585,OFF-ST-10002406,LOC00235,Same Day,89.82,6,0.0,25.1496
6611,CA-2016-168921,20161020,AG-10495,OFF-BI-10004209,LOC00014,First Class,19.296,3,0.2,6.03
6612,CA-2015-107678,20150421,JK-16090,FUR-CH-10001891,LOC00176,Standard Class,191.96,2,0.0,51.8292
6613,CA-2015-107678,20150421,JK-16090,OFF-BI-10002215,LOC00176,Standard Class,21.3,3,0.0,9.798
6614,CA-2015-107678,20150421,JK-16090,TEC-PH-10002103,LOC00176,Standard Class,469.95,5,0.0,131.586
6615,CA-2015-107678,20150421,JK-16090,FUR-FU-10003394,LOC00176,Standard Class,209.88,3,0.0,35.6796
6616,CA-2016-123512,20160617,MV-18190,FUR-BO-10004218,LOC00063,First Class,239.666,2,0.15,14.098
6617,CA-2016-123512,20160617,MV-18190,OFF-LA-10000081,LOC00063,First Class,22.5,6,0.0,10.8
6618,CA-2016-123512,20160617,MV-18190,OFF-PA-10001497,LOC00063,First Class,219.84,4,0.0,107.7216
6619,US-2017-167402,20170113,CP-12085,OFF-PA-10004983,LOC00335,Second Class,32.4,5,0.0,15.552
6620,US-2017-167402,20170113,CP-12085,OFF-AR-10004010,LOC00335,Second Class,209.94,6,0.0,54.5844
6621,US-2017-167402,20170113,CP-12085,OFF-SU-10002881,LOC00335,Second Class,4164.05,5,0.0,83.281
6622,US-2017-167402,20170113,CP-12085,FUR-BO-10001608,LOC00335,Second Class,212.94,3,0.0,53.235
6623,CA-2014-130449,20140906,VP-21760,FUR-FU-10001487,LOC00010,First Class,41.88,6,0.0,12.1452
6624,CA-2014-130449,20140906,VP-21760,OFF-LA-10001934,LOC00010,First Class,58.48,8,0.0,27.4856
6625,CA-2015-141250,20150119,PM-18940,FUR-TA-10002855,LOC00575,Standard Class,102.438,1,0.3,-13.1706
6626,CA-2015-141250,20150119,PM-18940,FUR-CH-10004875,LOC00575,Standard Class,199.304,4,0.3,-8.5416
6627,CA-2014-145541,20141214,TB-21400,TEC-MA-10001127,LOC00024,Standard Class,6999.96,4,0.0,2239.9872
6628,CA-2014-138513,20140523,EH-13990,OFF-PA-10003177,LOC00293,Standard Class,12.96,2,0.0,6.2208
6629,CA-2015-135489,20150919,GW-14605,TEC-PH-10000011,LOC00024,Second Class,279.86,14,0.0,134.3328
6630,CA-2015-125696,20151002,NP-18685,OFF-BI-10001757,LOC00576,Standard Class,7.38,5,0.7,-5.412
6631,CA-2016-105081,20161225,JE-15715,FUR-CH-10000847,LOC00061,Standard Class,698.352,3,0.2,52.3764
6632,CA-2016-105081,20161225,JE-15715,FUR-TA-10001307,LOC00061,Standard Class,1747.25,5,0.0,629.01
6633,US-2016-146857,20160506,BE-11455,OFF-AP-10001205,LOC00335,Second Class,54.48,1,0.0,15.2544
6634,CA-2016-166275,20161024,SS-20590,TEC-AC-10001838,LOC00010,Same Day,199.99,1,0.0,85.9957
6635,CA-2017-144498,20170506,MB-18085,OFF-BI-10003982,LOC00044,Same Day,68.541,11,0.7,-52.5481
6636,CA-2017-144498,20170506,MB-18085,TEC-PH-10004977,LOC00044,Same Day,627.168,4,0.2,70.5564
6637,CA-2017-144498,20170506,MB-18085,OFF-LA-10003510,LOC00044,Same Day,122.12,5,0.2,39.689
6638,CA-2017-103352,20171127,RP-19390,OFF-AR-10001573,LOC00165,Second Class,6.99,3,0.0,2.0271
6639,CA-2017-103352,20171127,RP-19390,OFF-BI-10001196,LOC00165,Second Class,107.424,6,0.2,36.2556
6640,CA-2014-108609,20141031,AJ-10780,FUR-TA-10003954,LOC00204,Second Class,1421.664,8,0.4,-734.5264
6641,CA-2017-128328,20170805,PO-18865,OFF-BI-10001989,LOC00305,Standard Class,125.88,6,0.0,60.4224
6642,CA-2017-128328,20170805,PO-18865,TEC-AC-10001714,LOC00305,Standard Class,79.78,2,0.0,29.5186
6643,CA-2017-128328,20170805,PO-18865,OFF-LA-10003498,LOC00305,Standard Class,133.2,9,0.0,66.6
6644,US-2015-156496,20150810,WB-21850,TEC-PH-10000576,LOC00314,Standard Class,438.368,4,0.2,38.3572
6645,US-2015-156496,20150810,WB-21850,TEC-PH-10004188,LOC00314,Standard Class,139.944,7,0.2,-31.4874
6646,US-2015-156496,20150810,WB-21850,OFF-AP-10001469,LOC00314,Standard Class,133.472,4,0.2,15.0156
6647,US-2016-127334,20161215,MP-18175,FUR-TA-10003473,LOC00331,Standard Class,564.195,3,0.5,-304.6653
6648,US-2016-127334,20161215,MP-18175,OFF-AP-10001205,LOC00331,Standard Class,87.168,2,0.2,8.7168
6649,US-2017-124779,20170908,BF-11020,OFF-BI-10002429,LOC00175,First Class,42.616,7,0.8,-68.1856
6650,US-2017-124779,20170908,BF-11020,TEC-CO-10001943,LOC00175,First Class,319.984,2,0.2,107.9946
6651,US-2017-124779,20170908,BF-11020,OFF-FA-10004854,LOC00175,First Class,45.92,5,0.2,15.498
6652,US-2017-124779,20170908,BF-11020,FUR-FU-10001095,LOC00175,First Class,21.184,2,0.6,-11.6512
6653,US-2017-124779,20170908,BF-11020,OFF-PA-10000061,LOC00175,First Class,20.736,4,0.2,7.2576
6654,US-2017-124779,20170908,BF-11020,FUR-CH-10003535,LOC00175,First Class,213.43,5,0.3,-39.637
6655,CA-2017-135937,20170220,KM-16375,TEC-PH-10004447,LOC00028,Standard Class,333.576,3,0.2,25.0182
6656,CA-2017-135937,20170220,KM-16375,TEC-AC-10001114,LOC00028,Standard Class,31.992,1,0.2,4.7988
6657,CA-2017-135937,20170220,KM-16375,OFF-ST-10000563,LOC00028,Standard Class,51.168,2,0.2,-6.396
6658,CA-2017-135937,20170220,KM-16375,OFF-EN-10004846,LOC00028,Standard Class,10.64,5,0.2,3.857
6659,CA-2017-135937,20170220,KM-16375,FUR-FU-10002253,LOC00028,Standard Class,68.704,2,0.2,16.3172
6660,CA-2017-135937,20170220,KM-16375,FUR-TA-10001039,LOC00028,Standard Class,386.91,9,0.5,-185.7168
6661,CA-2015-129322,20150808,DB-13405,OFF-AR-10004587,LOC00129,Second Class,39.66,2,0.0,11.898
6662,CA-2015-129322,20150808,DB-13405,OFF-AP-10004336,LOC00129,Second Class,113.92,2,0.0,33.0368
6663,CA-2015-129322,20150808,DB-13405,OFF-BI-10001718,LOC00129,Second Class,447.86,7,0.0,210.4942
6664,CA-2017-162173,20171026,OT-18730,FUR-TA-10001520,LOC00221,Standard Class,356.85,5,0.0,60.6645
6665,CA-2017-162173,20171026,OT-18730,OFF-EN-10002831,LOC00221,Standard Class,251.58,7,0.0,113.211
6666,CA-2016-115483,20160714,JS-15880,OFF-PA-10001497,LOC00275,Second Class,219.84,5,0.2,79.692
6667,CA-2017-122175,20170512,CA-12775,FUR-FU-10000719,LOC00276,Second Class,42.85,5,0.0,15.426
6668,CA-2017-122175,20170512,CA-12775,OFF-LA-10002271,LOC00276,Second Class,6.16,2,0.0,2.9568
6669,CA-2017-122175,20170512,CA-12775,OFF-SU-10004661,LOC00276,Second Class,17.0,2,0.0,4.42
6670,CA-2017-122175,20170512,CA-12775,TEC-AC-10004859,LOC00276,Second Class,87.4,5,0.0,34.96
6671,CA-2017-161088,20170525,MH-18115,OFF-BI-10002824,LOC00113,Standard Class,29.84,2,0.0,13.428
6672,CA-2014-154837,20140823,RB-19645,OFF-BI-10001575,LOC00004,Second Class,49.568,2,0.2,17.3488
6673,CA-2015-153794,20150911,SB-20290,OFF-AR-10000380,LOC00143,Standard Class,265.86,7,0.0,79.758
6674,CA-2015-135510,20150905,TW-21025,FUR-FU-10000820,LOC00327,Standard Class,67.96,4,0.0,12.2328
6675,CA-2015-109337,20151121,DL-13330,OFF-AR-10003759,LOC00453,Second Class,10.92,6,0.0,4.914
6676,CA-2015-109337,20151121,DL-13330,TEC-MA-10002930,LOC00453,Second Class,83.9,2,0.0,22.653
6677,CA-2015-109337,20151121,DL-13330,OFF-AP-10004052,LOC00453,Second Class,19.75,5,0.0,5.135
6678,CA-2015-109337,20151121,DL-13330,TEC-AC-10000990,LOC00453,Second Class,393.54,3,0.0,165.2868
6679,CA-2014-150329,20141010,SD-20485,FUR-FU-10003724,LOC00052,Standard Class,46.872,7,0.2,3.5154
6680,CA-2017-145037,20170902,TB-21055,OFF-ST-10000918,LOC00317,Second Class,10.9,1,0.0,2.834
6681,CA-2017-145037,20170902,TB-21055,OFF-PA-10000157,LOC00317,Second Class,79.92,4,0.0,37.5624
6682,CA-2017-145037,20170902,TB-21055,OFF-PA-10002499,LOC00317,Second Class,146.82,3,0.0,73.41
6683,CA-2017-154466,20170101,DP-13390,OFF-BI-10002012,LOC00057,First Class,3.6,2,0.0,1.728
6684,CA-2014-109134,20141105,DE-13255,FUR-FU-10000320,LOC00142,Standard Class,20.04,6,0.0,8.8176
6685,US-2015-129637,20151217,MC-18100,OFF-ST-10003716,LOC00051,Standard Class,180.016,1,0.2,-15.7514
6686,US-2015-129637,20151217,MC-18100,FUR-FU-10000965,LOC00051,Standard Class,41.552,2,0.6,-19.7372
6687,US-2015-129637,20151217,MC-18100,OFF-AR-10003829,LOC00051,Standard Class,13.12,5,0.2,1.476
6688,CA-2015-165162,20150514,HG-15025,OFF-ST-10003470,LOC00004,Standard Class,1117.92,4,0.0,55.896
6689,CA-2017-140494,20170310,CM-11815,TEC-AC-10004568,LOC00010,Second Class,111.96,4,0.0,21.2724
6690,CA-2017-104108,20171202,RP-19855,OFF-AR-10000817,LOC00015,Standard Class,12.16,5,0.2,2.128
6691,US-2017-165869,20170731,LS-17200,OFF-BI-10003460,LOC00202,Standard Class,17.52,4,0.0,8.4096
6692,US-2017-165869,20170731,LS-17200,OFF-AP-10002472,LOC00202,Standard Class,155.88,6,0.0,54.558
6693,CA-2017-160899,20170811,DR-12940,OFF-BI-10000632,LOC00418,Second Class,477.51,11,0.0,219.6546
6694,CA-2017-144225,20170930,CC-12475,OFF-PA-10000062,LOC00309,Second Class,164.88,3,0.0,80.7912
6695,US-2016-163538,20160826,SS-20515,TEC-AC-10002006,LOC00057,Standard Class,47.97,3,0.0,14.8707
6696,US-2016-155103,20161202,JF-15190,OFF-BI-10004318,LOC00024,Standard Class,415.176,3,0.2,134.9322
6697,US-2016-155103,20161202,JF-15190,OFF-BI-10004236,LOC00024,Standard Class,35.232,3,0.2,11.4504
6698,US-2016-155103,20161202,JF-15190,OFF-PA-10000062,LOC00024,Standard Class,54.96,1,0.0,26.9304
6699,CA-2017-145429,20170721,SW-20455,OFF-PA-10003205,LOC00143,Standard Class,16.34,2,0.0,7.6798
6700,CA-2017-145429,20170721,SW-20455,FUR-CH-10000988,LOC00143,Standard Class,225.296,2,0.2,22.5296
6701,CA-2017-145429,20170721,SW-20455,OFF-BI-10001524,LOC00143,Standard Class,50.352,3,0.2,17.6232
6702,CA-2015-153535,20150520,SG-20470,FUR-FU-10001986,LOC00576,Standard Class,163.136,4,0.2,20.392
6703,CA-2015-153535,20150520,SG-20470,OFF-BI-10001031,LOC00576,Standard Class,6.408,4,0.7,-4.9128
6704,CA-2015-139164,20150623,CS-12355,TEC-PH-10002468,LOC00107,Standard Class,217.584,2,0.2,19.0386
6705,CA-2015-139164,20150623,CS-12355,OFF-FA-10003059,LOC00107,Standard Class,5.43,3,0.0,1.7919
6706,CA-2015-139164,20150623,CS-12355,TEC-PH-10003931,LOC00107,Standard Class,143.976,3,0.2,8.9985
6707,CA-2016-112277,20160910,SC-20695,TEC-PH-10003505,LOC00003,Standard Class,519.68,7,0.2,58.464
6708,CA-2014-167724,20140413,BF-11170,OFF-LA-10002368,LOC00309,Standard Class,7.83,3,0.0,3.6018
6709,CA-2015-123141,20151114,GZ-14470,FUR-CH-10004287,LOC00577,Standard Class,883.84,4,0.2,99.432
6710,CA-2015-123141,20151114,GZ-14470,FUR-CH-10001891,LOC00577,Standard Class,230.352,3,0.2,20.1558
6711,CA-2016-149503,20161209,SP-20650,OFF-BI-10002133,LOC00353,First Class,273.92,8,0.2,99.296
6712,CA-2017-163069,20170818,PJ-19015,OFF-AR-10001419,LOC00048,Second Class,9.912,3,0.2,1.239
6713,CA-2017-107629,20171214,DB-13060,FUR-FU-10002298,LOC00302,Same Day,266.352,6,0.6,-292.9872
6714,CA-2017-107629,20171214,DB-13060,FUR-FU-10004091,LOC00302,Same Day,56.328,3,0.6,-26.7558
6715,CA-2017-107629,20171214,DB-13060,TEC-AC-10004510,LOC00302,Same Day,39.264,3,0.2,-4.908
6716,CA-2017-107629,20171214,DB-13060,OFF-AR-10002987,LOC00302,Same Day,95.232,6,0.2,24.9984
6717,CA-2016-134789,20160408,CK-12325,OFF-FA-10002280,LOC00402,Standard Class,30.0,6,0.0,14.4
6718,CA-2016-134789,20160408,CK-12325,OFF-PA-10001934,LOC00402,Standard Class,25.92,4,0.0,12.7008
6719,CA-2016-134789,20160408,CK-12325,FUR-FU-10003268,LOC00402,Standard Class,159.92,4,0.0,31.984
6720,CA-2016-130442,20161216,SF-20065,OFF-AP-10004859,LOC00578,First Class,34.944,3,0.2,3.0576
6721,CA-2017-102974,20170919,DP-13105,TEC-AC-10000057,LOC00004,Standard Class,149.95,5,0.0,31.4895
6722,CA-2017-102974,20170919,DP-13105,OFF-AR-10000914,LOC00004,Standard Class,23.32,2,0.0,6.0632
6723,CA-2017-102974,20170919,DP-13105,OFF-AR-10004956,LOC00004,Standard Class,16.74,3,0.0,4.8546
6724,US-2017-166394,20170904,VM-21835,OFF-FA-10001843,LOC00557,Second Class,14.82,6,0.0,6.9654
6725,CA-2016-128811,20160912,SF-20200,OFF-FA-10000585,LOC00006,Standard Class,10.47,3,0.0,4.8162
6726,CA-2016-128811,20160912,SF-20200,OFF-LA-10003720,LOC00006,Standard Class,11.07,3,0.0,5.2029
6727,CA-2016-128811,20160912,SF-20200,OFF-BI-10000301,LOC00006,Standard Class,20.704,4,0.2,7.764
6728,CA-2017-145443,20170810,SC-20695,OFF-PA-10003302,LOC00239,Second Class,177.2,5,0.0,83.284
6729,CA-2016-165827,20161104,MF-17665,FUR-FU-10001889,LOC00124,Standard Class,50.496,6,0.2,8.2056
6730,CA-2015-156734,20150618,BV-11245,OFF-BI-10002982,LOC00298,First Class,6.129,3,0.7,-4.4946
6731,CA-2015-156734,20150618,BV-11245,FUR-CH-10002965,LOC00298,First Class,643.136,4,0.2,56.2744
6732,CA-2015-156734,20150618,BV-11245,OFF-PA-10001937,LOC00298,First Class,20.736,4,0.2,7.2576
6733,CA-2014-120096,20140704,KE-16420,OFF-PA-10001977,LOC00043,First Class,177.536,4,0.2,62.1376
6734,CA-2014-120096,20140704,KE-16420,OFF-AP-10000692,LOC00043,First Class,32.432,2,0.2,3.2432
6735,CA-2015-141754,20151220,EM-14200,OFF-LA-10004093,LOC00230,Standard Class,11.696,2,0.2,3.9474
6736,CA-2016-123358,20160410,BT-11680,OFF-AP-10004980,LOC00035,Standard Class,113.76,3,0.0,44.3664
6737,CA-2016-123358,20160410,BT-11680,OFF-ST-10001932,LOC00035,Standard Class,579.51,3,0.0,81.1314
6738,CA-2016-123358,20160410,BT-11680,OFF-ST-10000636,LOC00035,Standard Class,150.66,9,0.0,6.0264
6739,CA-2016-123358,20160410,BT-11680,OFF-BI-10000069,LOC00035,Standard Class,48.032,4,0.2,15.6104
6740,CA-2014-144029,20140526,MM-18055,OFF-ST-10001837,LOC00037,Standard Class,102.624,3,0.2,7.6968
6741,CA-2014-144029,20140526,MM-18055,FUR-CH-10003981,LOC00037,Standard Class,359.772,2,0.3,-5.1396
6742,CA-2014-144029,20140526,MM-18055,OFF-AR-10000716,LOC00037,Standard Class,13.392,3,0.2,3.1806
6743,US-2017-101784,20170706,PO-18850,FUR-CH-10001146,LOC00142,Standard Class,122.136,3,0.2,-13.7403
6744,CA-2015-156923,20150216,SP-20860,OFF-PA-10002751,LOC00356,Standard Class,35.88,6,0.0,16.146
6745,CA-2017-111269,20170616,CS-12355,TEC-AC-10001606,LOC00083,Second Class,479.952,6,0.2,107.9892
6746,CA-2017-111269,20170616,CS-12355,OFF-AR-10001427,LOC00083,Second Class,23.92,5,0.2,1.794
6747,CA-2017-159156,20171113,KB-16600,TEC-PH-10004389,LOC00030,First Class,629.95,5,0.0,163.787
6748,CA-2017-100230,20171211,AA-10375,OFF-BI-10002498,LOC00046,Standard Class,14.952,1,0.2,5.0463
6749,CA-2017-100230,20171211,AA-10375,OFF-PA-10002245,LOC00046,Standard Class,17.94,3,0.0,8.073
6750,CA-2017-100230,20171211,AA-10375,TEC-PH-10004522,LOC00046,Standard Class,116.98,2,0.0,29.245
6751,CA-2016-154767,20160628,BP-11155,FUR-CH-10003535,LOC00336,Second Class,121.96,2,0.0,20.7332
6752,CA-2016-154767,20160628,BP-11155,OFF-AP-10000595,LOC00336,Second Class,8.74,2,0.0,2.2724
6753,CA-2016-154767,20160628,BP-11155,OFF-PA-10003039,LOC00336,Second Class,61.96,2,0.0,27.882
6754,CA-2016-154767,20160628,BP-11155,OFF-BI-10002003,LOC00336,Second Class,7.96,2,0.0,3.7412
6755,CA-2016-154767,20160628,BP-11155,OFF-AP-10002311,LOC00336,Second Class,275.24,4,0.0,121.1056
6756,CA-2017-124205,20170915,TC-21145,FUR-FU-10002445,LOC00101,Standard Class,47.4,5,0.0,18.96
6757,CA-2017-124205,20170915,TC-21145,FUR-CH-10003606,LOC00101,Standard Class,512.96,4,0.0,143.6288
6758,CA-2017-124205,20170915,TC-21145,TEC-PH-10002115,LOC00101,Standard Class,395.94,6,0.0,102.9444
6759,CA-2017-124205,20170915,TC-21145,OFF-ST-10000934,LOC00101,Standard Class,81.96,2,0.0,0.0
6760,CA-2017-165715,20171202,BG-11035,OFF-AR-10003903,LOC00308,Standard Class,32.776,1,0.2,2.4582
6761,CA-2017-100636,20170626,DO-13435,OFF-ST-10004123,LOC00046,Standard Class,272.94,3,0.0,0.0
6762,CA-2016-162943,20160724,DB-12970,FUR-CH-10001708,LOC00046,Second Class,253.764,2,0.1,31.0156
6763,CA-2016-144764,20160902,RL-19615,OFF-LA-10000240,LOC00037,Standard Class,29.24,5,0.2,9.8685
6764,CA-2016-144764,20160902,RL-19615,OFF-ST-10002485,LOC00037,Standard Class,35.168,2,0.2,-8.3524
6765,CA-2016-144764,20160902,RL-19615,TEC-MA-10003230,LOC00037,Standard Class,1362.9,3,0.3,-19.47
6766,CA-2017-100615,20170420,SJ-20215,FUR-CH-10002602,LOC00156,Standard Class,317.058,3,0.3,-18.1176
6767,CA-2017-100615,20170420,SJ-20215,OFF-AR-10001683,LOC00156,Standard Class,15.76,2,0.2,3.546
6768,CA-2017-100615,20170420,SJ-20215,FUR-FU-10002456,LOC00156,Standard Class,14.56,5,0.6,-6.188
6769,CA-2014-109302,20140812,CS-12175,OFF-BI-10002854,LOC00101,Standard Class,196.21,7,0.0,98.105
6770,CA-2017-139787,20170919,JP-16135,OFF-AR-10002445,LOC00113,Standard Class,35.4,5,0.0,13.452
6771,CA-2017-139402,20171209,NC-18535,OFF-PA-10004359,LOC00052,Standard Class,419.4,5,0.2,146.79
6772,CA-2017-139402,20171209,NC-18535,OFF-BI-10000279,LOC00052,Standard Class,13.005,3,0.7,-9.9705
6773,CA-2016-119018,20161104,CW-11905,OFF-BI-10003314,LOC00026,Standard Class,7.712,2,0.2,2.7956
6774,CA-2016-119018,20161104,CW-11905,OFF-BI-10000494,LOC00026,Standard Class,4.176,1,0.2,1.305
6775,CA-2016-119018,20161104,CW-11905,OFF-PA-10000295,LOC00026,Standard Class,38.88,6,0.0,18.6624
6776,CA-2015-105361,20150329,CM-12115,OFF-PA-10002615,LOC00024,Standard Class,17.64,4,0.0,8.1144
6777,US-2016-152373,20160905,PT-19090,OFF-ST-10003479,LOC00066,Standard Class,93.456,3,0.2,-17.523
6778,US-2017-166037,20170128,CL-12700,TEC-AC-10002800,LOC00030,Standard Class,449.91,9,0.0,157.4685
6779,US-2016-147711,20160903,HF-14995,FUR-BO-10003159,LOC00309,Second Class,344.94,3,0.0,31.0446
6780,US-2016-147711,20160903,HF-14995,FUR-FU-10002364,LOC00309,Second Class,14.76,2,0.0,4.2804
6781,US-2016-147711,20160903,HF-14995,OFF-BI-10003350,LOC00309,Second Class,12.76,2,0.0,5.8696
6782,US-2016-147711,20160903,HF-14995,OFF-LA-10004093,LOC00309,Second Class,58.48,8,0.0,27.4856
6783,CA-2017-121293,20170725,JC-15775,FUR-FU-10000732,LOC00106,Second Class,20.096,4,0.2,3.0144
6784,CA-2017-121293,20170725,JC-15775,OFF-SU-10004884,LOC00106,Second Class,37.752,3,0.2,4.2471
6785,CA-2017-121293,20170725,JC-15775,FUR-TA-10001771,LOC00106,Second Class,138.588,1,0.4,-34.647
6786,CA-2017-121293,20170725,JC-15775,OFF-ST-10000060,LOC00106,Second Class,259.92,5,0.2,-25.992
6787,CA-2017-121293,20170725,JC-15775,OFF-PA-10004100,LOC00106,Second Class,20.736,4,0.2,7.2576
6788,CA-2015-118843,20150913,JH-15910,FUR-FU-10003975,LOC00149,Standard Class,129.93,3,0.0,12.993
6789,CA-2015-118843,20150913,JH-15910,OFF-PA-10001712,LOC00149,Standard Class,69.93,7,0.0,31.4685
6790,CA-2015-161445,20150907,CC-12610,OFF-AR-10001953,LOC00036,Second Class,140.736,4,0.2,12.3144
6791,CA-2016-124527,20161116,IM-15055,OFF-BI-10004967,LOC00053,First Class,8.32,5,0.2,2.808
6792,CA-2016-162348,20161110,BF-11170,FUR-FU-10003731,LOC00380,Standard Class,9.98,1,0.0,2.7944
6793,CA-2014-141005,20140815,CS-12355,OFF-BI-10001989,LOC00070,First Class,62.94,3,0.0,30.2112
6794,CA-2015-145394,20151116,MC-17605,OFF-ST-10000344,LOC00027,Standard Class,21.488,2,0.2,1.6116
6795,CA-2015-145394,20151116,MC-17605,TEC-PH-10001051,LOC00027,Standard Class,239.976,3,0.2,26.9973
6796,CA-2015-145394,20151116,MC-17605,FUR-FU-10001215,LOC00027,Standard Class,34.504,2,0.6,-15.5268
6797,CA-2015-168809,20150825,MC-18100,FUR-FU-10001473,LOC00017,Same Day,20.104,2,0.6,-16.5858
6798,CA-2015-168809,20150825,MC-18100,OFF-BI-10000315,LOC00017,Same Day,3.798,1,0.8,-6.0768
6799,CA-2015-168809,20150825,MC-18100,FUR-FU-10002240,LOC00017,Same Day,7.88,5,0.6,-3.94
6800,CA-2016-109827,20161225,LW-16825,FUR-TA-10002607,LOC00052,Standard Class,35.445,1,0.5,-24.1026
6801,CA-2016-109827,20161225,LW-16825,TEC-MA-10003356,LOC00052,Standard Class,269.97,2,0.7,-386.957
6802,CA-2016-109827,20161225,LW-16825,TEC-AC-10002217,LOC00052,Standard Class,45.12,3,0.2,-7.896
6803,CA-2016-109827,20161225,LW-16825,TEC-AC-10004353,LOC00052,Standard Class,100.8,2,0.2,21.42
6804,CA-2016-109827,20161225,LW-16825,FUR-CH-10004754,LOC00052,Standard Class,47.968,2,0.2,4.1972
6805,CA-2014-152233,20141005,KH-16510,TEC-AC-10002800,LOC00283,First Class,99.98,2,0.0,34.993
6806,CA-2014-125682,20141122,RB-19645,OFF-PA-10001752,LOC00149,First Class,9.96,2,0.0,4.8804
6807,CA-2017-162880,20171225,GD-14590,OFF-BI-10003314,LOC00579,Standard Class,3.856,1,0.2,1.3978
6808,CA-2015-128125,20150331,EB-13705,OFF-PA-10000357,LOC00015,Standard Class,98.376,3,0.2,35.6613
6809,CA-2015-128125,20150331,EB-13705,FUR-FU-10001085,LOC00015,Standard Class,22.38,3,0.6,-7.833
6810,CA-2017-156237,20170914,PS-18760,OFF-BI-10000301,LOC00012,First Class,3.882,2,0.7,-2.588
6811,CA-2017-156237,20170914,PS-18760,TEC-MA-10002930,LOC00012,First Class,12.585,1,0.7,-18.0385
6812,CA-2017-156237,20170914,PS-18760,FUR-CH-10002372,LOC00012,First Class,113.372,2,0.3,-29.1528
6813,CA-2017-156237,20170914,PS-18760,OFF-BI-10003707,LOC00012,First Class,18.312,4,0.7,-12.208
6814,CA-2017-156237,20170914,PS-18760,FUR-FU-10001057,LOC00012,First Class,127.936,8,0.2,4.7976
6815,CA-2017-156237,20170914,PS-18760,TEC-MA-10001681,LOC00012,First Class,241.17,2,0.7,-168.819
6816,CA-2014-144414,20140617,GH-14425,FUR-FU-10003981,LOC00060,Standard Class,6.24,3,0.0,2.6208
6817,CA-2014-144414,20140617,GH-14425,OFF-FA-10000624,LOC00060,Standard Class,17.9,5,0.0,8.95
6818,CA-2014-144414,20140617,GH-14425,OFF-BI-10004995,LOC00060,Standard Class,3266.376,3,0.2,1061.5722
6819,CA-2017-163860,20171228,LO-17170,OFF-BI-10003784,LOC00121,Standard Class,1.68,5,0.8,-2.688
6820,CA-2017-163860,20171228,LO-17170,FUR-FU-10004586,LOC00121,Standard Class,7.968,3,0.6,-2.3904
6821,CA-2017-163860,20171228,LO-17170,FUR-CH-10004698,LOC00121,Standard Class,113.372,2,0.3,-3.2392
6822,CA-2017-163860,20171228,LO-17170,FUR-FU-10001935,LOC00121,Standard Class,2.96,2,0.6,-1.406
6823,US-2017-115609,20171102,CS-12505,OFF-AP-10003040,LOC00002,Standard Class,168.1,5,0.0,43.706
6824,CA-2015-154291,20150725,YS-21880,OFF-EN-10001335,LOC00154,Standard Class,98.46,9,0.0,49.23
6825,CA-2015-154291,20150725,YS-21880,FUR-TA-10002041,LOC00154,Standard Class,358.58,2,0.0,39.4438
6826,CA-2016-118689,20161002,TC-20980,OFF-ST-10001558,LOC00378,Standard Class,32.48,2,0.0,4.872
6827,CA-2016-118689,20161002,TC-20980,TEC-CO-10004722,LOC00378,Standard Class,17499.95,5,0.0,8399.976
6828,CA-2016-118689,20161002,TC-20980,OFF-BI-10004600,LOC00378,Standard Class,735.98,2,0.0,331.191
6829,CA-2016-118689,20161002,TC-20980,OFF-BI-10003712,LOC00378,Standard Class,34.37,7,0.0,16.8413
6830,CA-2016-118689,20161002,TC-20980,OFF-AR-10001958,LOC00378,Standard Class,33.96,2,0.0,9.5088
6831,CA-2016-140438,20161224,PW-19030,TEC-PH-10001750,LOC00030,Second Class,197.97,3,0.0,53.4519
6832,US-2017-123204,20170721,CS-11860,OFF-AP-10002287,LOC00024,Standard Class,17.48,4,0.0,4.5448
6833,CA-2015-112522,20151010,DP-13165,OFF-AR-10003183,LOC00027,Standard Class,8.016,3,0.2,1.002
6834,CA-2016-153101,20160908,PJ-19015,FUR-TA-10003008,LOC00201,Same Day,146.04,1,0.2,-12.7785
6835,CA-2016-142615,20161120,BM-11575,TEC-AC-10004803,LOC00580,Standard Class,27.88,2,0.0,3.9032
6836,CA-2017-142643,20171015,DL-13495,OFF-LA-10003510,LOC00381,Standard Class,152.65,5,0.0,70.219
6837,CA-2017-142643,20171015,DL-13495,FUR-FU-10000087,LOC00381,Standard Class,22.72,1,0.0,9.3152
6838,CA-2015-116260,20150706,BF-10975,OFF-AR-10003732,LOC00276,Standard Class,11.12,4,0.0,2.8912
6839,CA-2017-107517,20170205,FC-14335,OFF-AP-10000275,LOC00217,Standard Class,1640.7,5,0.0,459.396
6840,CA-2017-107517,20170205,FC-14335,TEC-PH-10003505,LOC00217,Standard Class,371.2,5,0.2,41.76
6841,CA-2015-166338,20151206,MP-18175,OFF-BI-10002852,LOC00413,First Class,14.832,3,0.7,-10.3824
6842,CA-2016-123946,20160912,AJ-10795,TEC-AC-10004877,LOC00029,Standard Class,20.7,3,0.0,1.656
6843,CA-2016-123946,20160912,AJ-10795,OFF-FA-10002975,LOC00029,Standard Class,11.34,3,0.0,5.2164
6844,CA-2016-123946,20160912,AJ-10795,OFF-ST-10000419,LOC00029,Standard Class,67.9,5,0.0,0.679
6845,CA-2016-123946,20160912,AJ-10795,FUR-CH-10002073,LOC00029,Standard Class,1059.12,4,0.0,307.1448
6846,CA-2014-147543,20140706,BC-11125,FUR-CH-10000155,LOC00581,Standard Class,478.48,2,0.2,47.848
6847,US-2016-159093,20160509,RS-19420,OFF-PA-10001260,LOC00002,Standard Class,32.04,4,0.0,14.418
6848,CA-2016-162110,20160718,NP-18670,TEC-PH-10001924,LOC00052,Standard Class,55.992,1,0.2,3.4995
6849,US-2016-163461,20160618,BT-11440,OFF-PA-10003134,LOC00529,First Class,76.864,2,0.2,26.9024
6850,CA-2014-101462,20140420,BP-11230,FUR-FU-10000409,LOC00063,Standard Class,59.92,4,0.0,27.5632
6851,US-2016-100461,20160108,JO-15145,FUR-BO-10002545,LOC00057,Standard Class,1565.88,6,0.0,407.1288
6852,US-2016-100461,20160108,JO-15145,OFF-BI-10001460,LOC00057,Standard Class,106.05,7,0.0,49.8435
6853,US-2017-162670,20171223,MF-18250,OFF-ST-10001328,LOC00367,Second Class,62.04,4,0.0,17.3712
6854,US-2017-162670,20171223,MF-18250,TEC-PH-10003601,LOC00367,Second Class,494.97,3,0.0,148.491
6855,US-2017-162670,20171223,MF-18250,OFF-ST-10001522,LOC00367,Second Class,367.96,4,0.0,14.7184
6856,US-2017-162670,20171223,MF-18250,OFF-PA-10001994,LOC00367,Second Class,44.96,2,0.0,20.6816
6857,US-2017-162670,20171223,MF-18250,OFF-EN-10001453,LOC00367,Second Class,182.94,3,0.0,85.9818
6858,CA-2017-128965,20170417,PS-18760,OFF-PA-10004911,LOC00142,Standard Class,28.14,3,0.0,13.5072
6859,CA-2017-128965,20170417,PS-18760,OFF-LA-10001404,LOC00142,Standard Class,7.38,2,0.0,3.4686
6860,CA-2017-128965,20170417,PS-18760,OFF-FA-10001561,LOC00142,Standard Class,10.9,5,0.0,3.597
6861,CA-2017-128965,20170417,PS-18760,TEC-AC-10001383,LOC00142,Standard Class,274.89,11,0.0,46.7313
6862,CA-2017-128965,20170417,PS-18760,OFF-LA-10003190,LOC00142,Standard Class,23.04,8,0.0,11.2896
6863,CA-2017-128965,20170417,PS-18760,FUR-CH-10003774,LOC00142,Standard Class,218.352,3,0.2,-19.1058
6864,CA-2017-138618,20171201,MY-17380,OFF-PA-10000520,LOC00066,Standard Class,10.368,2,0.2,3.6288
6865,US-2016-126452,20160821,SC-20230,OFF-BI-10004465,LOC00026,Standard Class,12.672,2,0.2,4.752
6866,US-2016-126452,20160821,SC-20230,TEC-PH-10003555,LOC00026,Standard Class,91.96,5,0.2,-20.691
6867,US-2016-126452,20160821,SC-20230,TEC-AC-10000844,LOC00026,Standard Class,254.97,3,0.0,91.7892
6868,US-2016-126452,20160821,SC-20230,TEC-PH-10003187,LOC00026,Standard Class,31.984,2,0.2,-7.996
6869,US-2016-126452,20160821,SC-20230,FUR-TA-10003569,LOC00026,Standard Class,2887.056,9,0.2,180.441
6870,US-2016-126452,20160821,SC-20230,OFF-PA-10003848,LOC00026,Standard Class,12.96,2,0.0,6.2208
6871,US-2016-126452,20160821,SC-20230,OFF-PA-10002606,LOC00026,Standard Class,47.52,9,0.0,21.384
6872,CA-2016-145009,20161205,RF-19345,OFF-LA-10004853,LOC00027,Second Class,11.952,3,0.2,3.8844
6873,CA-2015-162544,20151216,SG-20080,OFF-PA-10004948,LOC00060,First Class,4.98,1,0.0,2.3406
6874,CA-2014-124394,20141017,TB-21520,OFF-BI-10003676,LOC00582,Second Class,10.78,5,0.8,-17.248
6875,CA-2014-124394,20141017,TB-21520,TEC-AC-10001314,LOC00582,Second Class,119.976,3,0.2,-17.9964
6876,US-2016-121013,20160905,MM-17920,OFF-LA-10004545,LOC00338,Standard Class,25.06,2,0.0,11.7782
6877,US-2016-121013,20160905,MM-17920,FUR-TA-10003238,LOC00338,Standard Class,1652.94,3,0.0,314.0586
6878,US-2015-123918,20151015,CG-12520,FUR-FU-10004952,LOC00163,Same Day,131.376,6,0.6,-95.2476
6879,US-2015-123918,20151015,CG-12520,OFF-PA-10003001,LOC00163,Same Day,5.344,1,0.2,1.8704
6880,CA-2015-137113,20151201,TW-21025,FUR-CH-10001215,LOC00060,Second Class,2003.92,5,0.2,125.245
6881,CA-2015-137113,20151201,TW-21025,OFF-PA-10004255,LOC00060,Second Class,32.4,5,0.0,15.552
6882,CA-2015-137113,20151201,TW-21025,FUR-TA-10001705,LOC00060,Second Class,1913.4,9,0.0,401.814
6883,CA-2015-137113,20151201,TW-21025,OFF-ST-10002554,LOC00060,Second Class,146.73,3,0.0,2.9346
6884,CA-2015-137113,20151201,TW-21025,OFF-PA-10002222,LOC00060,Second Class,114.2,5,0.0,52.532
6885,CA-2015-120677,20150531,BD-11320,FUR-CH-10002320,LOC00040,Standard Class,2567.84,8,0.0,770.352
6886,CA-2017-123036,20170910,HA-14905,TEC-AC-10003499,LOC00158,Standard Class,37.056,4,0.2,8.8008
6887,CA-2017-123036,20170910,HA-14905,TEC-PH-10003580,LOC00158,Standard Class,259.896,2,0.4,-56.3108
6888,CA-2017-120222,20170425,LL-16840,OFF-PA-10004675,LOC00004,Standard Class,19.05,3,0.0,8.763
6889,CA-2017-120222,20170425,LL-16840,OFF-BI-10000666,LOC00004,Standard Class,73.344,3,0.2,27.504
6890,CA-2017-164756,20170918,SS-20140,TEC-PH-10001552,LOC00113,Standard Class,95.68,8,0.0,26.7904
6891,CA-2017-164756,20170918,SS-20140,OFF-PA-10000673,LOC00113,Standard Class,50.96,7,0.0,24.4608
6892,CA-2017-164756,20170918,SS-20140,OFF-AR-10000380,LOC00113,Standard Class,113.94,3,0.0,34.182
6893,CA-2017-164756,20170918,SS-20140,OFF-PA-10003848,LOC00113,Standard Class,25.92,4,0.0,12.4416
6894,CA-2017-164756,20170918,SS-20140,FUR-FU-10002963,LOC00113,Standard Class,20.32,4,0.0,6.9088
6895,CA-2017-164756,20170918,SS-20140,TEC-PH-10002447,LOC00113,Standard Class,411.98,2,0.0,119.4742
6896,CA-2017-164756,20170918,SS-20140,OFF-SU-10004261,LOC00113,Standard Class,34.48,2,0.0,9.9992
6897,CA-2017-164756,20170918,SS-20140,OFF-PA-10003228,LOC00113,Standard Class,244.55,5,0.0,114.9385
6898,CA-2017-122028,20170818,CK-12205,OFF-BI-10004817,LOC00347,Standard Class,10.782,3,0.7,-7.9068
6899,US-2015-165512,20150524,VS-21820,FUR-CH-10002880,LOC00018,Second Class,602.651,7,0.3,-163.5767
6900,US-2015-165512,20150524,VS-21820,OFF-BI-10001249,LOC00018,Second Class,7.656,6,0.8,-13.0152
6901,CA-2015-140557,20150907,TN-21040,TEC-AC-10002402,LOC00030,Standard Class,559.93,7,0.0,167.979
6902,US-2017-135013,20170724,HR-14830,TEC-CO-10001449,LOC00126,Same Day,2399.96,5,0.2,839.986
6903,CA-2017-111220,20170902,JS-15595,OFF-FA-10002280,LOC00156,Standard Class,16.0,4,0.2,5.6
6904,CA-2017-111220,20170902,JS-15595,OFF-AP-10003278,LOC00156,Standard Class,5.588,2,0.8,-15.0876
6905,CA-2017-111220,20170902,JS-15595,OFF-ST-10003994,LOC00156,Standard Class,235.92,5,0.2,-44.235
6906,US-2017-149006,20171206,BN-11470,OFF-ST-10003221,LOC00091,Second Class,10.68,1,0.0,2.8836
6907,CA-2017-149468,20170520,AR-10405,OFF-BI-10002225,LOC00191,Same Day,41.28,2,0.0,19.8144
6908,CA-2016-140249,20160927,SW-20455,TEC-PH-10002584,LOC00006,Standard Class,1001.584,2,0.2,125.198
6909,US-2017-135503,20171210,JE-16165,FUR-FU-10002364,LOC00389,Standard Class,14.76,2,0.0,4.2804
6910,CA-2014-126277,20140913,LH-16900,OFF-BI-10004022,LOC00048,Second Class,2.502,3,0.7,-2.0016
6911,US-2017-115301,20170729,VG-21790,FUR-BO-10004709,LOC00006,Standard Class,115.96,2,0.0,25.5112
6912,CA-2017-168942,20170801,EM-13960,OFF-ST-10004340,LOC00010,Second Class,186.54,3,0.0,50.3658
6913,US-2017-128398,20170502,EM-13825,TEC-AC-10001714,LOC00014,Second Class,159.56,4,0.0,59.0372
6914,CA-2015-104115,20150612,JH-15910,TEC-PH-10002844,LOC00583,Standard Class,55.984,2,0.2,4.1988
6915,CA-2014-142510,20141222,NP-18700,OFF-ST-10000585,LOC00037,Standard Class,132.16,1,0.2,9.912
6916,CA-2014-142510,20141222,NP-18700,OFF-BI-10002824,LOC00037,Standard Class,17.904,6,0.8,-31.332
6917,CA-2014-142510,20141222,NP-18700,OFF-PA-10001289,LOC00037,Standard Class,124.032,4,0.2,44.9616
6918,CA-2014-124247,20141216,SH-20635,FUR-CH-10001854,LOC00380,Standard Class,1403.92,5,0.2,70.196
6919,CA-2016-105473,20160416,BM-11785,OFF-SU-10003567,LOC00061,Second Class,28.8,3,0.0,0.864
6920,CA-2015-102806,20150521,HG-14965,OFF-BI-10001597,LOC00106,Standard Class,24.588,2,0.7,-18.0312
6921,CA-2017-121706,20170226,BM-11140,OFF-AP-10003287,LOC00538,Standard Class,356.79,7,0.0,99.9012
6922,CA-2017-109211,20170404,PS-19045,OFF-EN-10001532,LOC00165,Standard Class,16.98,1,0.0,8.49
6923,CA-2015-134257,20150316,MS-17710,OFF-LA-10003930,LOC00342,Second Class,491.55,5,0.0,240.8595
6924,CA-2015-134257,20150316,MS-17710,OFF-EN-10003845,LOC00342,Second Class,7.38,2,0.0,3.3948
6925,CA-2015-137925,20151130,JL-15235,OFF-PA-10002659,LOC00046,Standard Class,23.66,7,0.0,10.8836
6926,CA-2015-137925,20151130,JL-15235,FUR-BO-10001608,LOC00046,Standard Class,681.408,12,0.2,42.588
6927,CA-2016-140046,20160728,KM-16660,OFF-LA-10000305,LOC00004,Standard Class,18.9,3,0.0,8.694
6928,CA-2016-140382,20160623,RD-19900,OFF-ST-10003638,LOC00010,Second Class,93.68,4,0.0,25.2936
6929,CA-2016-140382,20160623,RD-19900,OFF-LA-10001934,LOC00010,Second Class,21.93,3,0.0,10.3071
6930,CA-2016-140382,20160623,RD-19900,TEC-PH-10003012,LOC00010,Second Class,862.344,7,0.2,97.0137
6931,CA-2016-140382,20160623,RD-19900,OFF-PA-10001019,LOC00010,Second Class,19.98,1,0.0,9.3906
6932,CA-2014-164182,20140714,ST-20530,TEC-PH-10002070,LOC00012,Standard Class,13.494,1,0.4,-2.249
6933,CA-2014-164182,20140714,ST-20530,TEC-PH-10002583,LOC00012,Standard Class,23.988,2,0.4,-13.993
6934,CA-2014-164182,20140714,ST-20530,FUR-FU-10001057,LOC00012,Standard Class,31.984,2,0.2,1.1994
6935,CA-2014-164182,20140714,ST-20530,OFF-AR-10001044,LOC00012,Standard Class,41.584,2,0.2,4.6782
6936,CA-2017-137365,20171130,BP-11095,TEC-AC-10001767,LOC00295,Second Class,95.976,3,0.2,-10.7973
6937,CA-2016-129847,20160902,TA-21385,FUR-FU-10000277,LOC00156,First Class,84.272,2,0.6,-75.8448
6938,CA-2014-126963,20140615,PS-18760,OFF-PA-10001952,LOC00295,Same Day,36.544,2,0.2,11.8768
6939,CA-2016-125094,20161105,NP-18700,TEC-AC-10004420,LOC00060,Standard Class,479.72,4,0.0,52.7692
6940,CA-2017-107132,20170626,SC-20260,OFF-BI-10001071,LOC00030,Standard Class,102.368,2,0.2,37.1084
6941,CA-2017-107132,20170626,SC-20260,OFF-SU-10002503,LOC00030,Standard Class,28.4,5,0.0,8.236
6942,CA-2017-107132,20170626,SC-20260,OFF-ST-10001490,LOC00030,Standard Class,713.88,4,0.0,214.164
6943,CA-2017-107132,20170626,SC-20260,OFF-PA-10003790,LOC00030,Standard Class,68.52,3,0.0,31.5192
6944,CA-2015-139248,20150725,RD-19930,TEC-PH-10004094,LOC00004,Standard Class,623.96,5,0.2,38.9975
6945,CA-2014-148369,20140923,TH-21115,OFF-BI-10004876,LOC00286,Standard Class,11.12,4,0.0,5.4488
6946,CA-2016-106243,20160930,GM-14680,FUR-BO-10003034,LOC00165,Standard Class,523.92,5,0.2,-26.196
6947,CA-2015-126466,20151109,JO-15550,OFF-FA-10000490,LOC00053,Standard Class,2.48,2,0.0,1.1656
6948,CA-2015-130365,20150425,ZC-21910,OFF-ST-10002574,LOC00174,Standard Class,221.024,2,0.2,-55.256
6949,CA-2015-130365,20150425,ZC-21910,FUR-CH-10003535,LOC00174,Standard Class,128.058,3,0.3,-23.7822
6950,CA-2017-143021,20171119,AP-10720,OFF-BI-10001628,LOC00165,Same Day,58.408,7,0.2,18.2525
6951,CA-2017-143021,20171119,AP-10720,FUR-TA-10001676,LOC00165,Same Day,79.974,3,0.4,-29.3238
6952,CA-2015-161767,20151120,GK-14620,TEC-MA-10002790,LOC00163,Standard Class,479.988,2,0.4,55.9986
6953,CA-2015-129917,20151002,HM-14980,OFF-BI-10001757,LOC00142,First Class,11.808,3,0.2,4.1328
6954,CA-2015-129917,20151002,HM-14980,OFF-BI-10004828,LOC00142,First Class,53.568,4,0.2,19.4184
6955,CA-2015-129917,20151002,HM-14980,TEC-PH-10000369,LOC00142,First Class,503.96,5,0.2,50.396
6956,CA-2015-115420,20150425,LS-16945,OFF-EN-10003862,LOC00026,Standard Class,21.34,2,0.0,9.8164
6957,CA-2016-157588,20160714,AR-10570,OFF-BI-10003963,LOC00113,Standard Class,36.4,5,0.0,17.108
6958,CA-2016-157588,20160714,AR-10570,FUR-FU-10004848,LOC00113,Standard Class,51.75,1,0.0,15.525
6959,CA-2015-167255,20150927,RH-19510,OFF-ST-10001328,LOC00095,Second Class,15.51,1,0.0,4.3428
6960,CA-2015-167255,20150927,RH-19510,OFF-PA-10002377,LOC00095,Second Class,146.82,3,0.0,73.41
6961,CA-2015-167255,20150927,RH-19510,OFF-PA-10003441,LOC00095,Second Class,12.96,2,0.0,6.2208
6962,CA-2017-162096,20171110,TB-21190,OFF-AR-10002221,LOC00216,Same Day,7.8,3,0.0,2.106
6963,CA-2016-157161,20160716,JD-15895,OFF-EN-10001509,LOC00038,Second Class,10.2,5,0.0,4.794
6964,CA-2016-157161,20160716,JD-15895,OFF-AR-10003338,LOC00038,Second Class,22.32,3,0.0,5.58
6965,CA-2016-157161,20160716,JD-15895,OFF-BI-10004728,LOC00038,Second Class,24.1,5,0.0,11.086
6966,CA-2016-157161,20160716,JD-15895,TEC-AC-10000358,LOC00038,Second Class,75.98,2,0.0,18.2352
6967,CA-2016-157161,20160716,JD-15895,OFF-BI-10002764,LOC00038,Second Class,6.46,2,0.0,3.1654
6968,CA-2016-157161,20160716,JD-15895,OFF-PA-10001461,LOC00038,Second Class,60.12,9,0.0,28.8576
6969,CA-2015-110765,20151016,MP-17965,TEC-PH-10004165,LOC00165,Second Class,824.97,3,0.0,214.4922
6970,CA-2016-163937,20160110,JB-16000,FUR-FU-10000010,LOC00563,Second Class,24.85,5,0.0,7.7035
6971,CA-2017-153822,20170919,AB-10105,OFF-ST-10000321,LOC00052,Standard Class,12.624,2,0.2,-2.5248
6972,CA-2017-153822,20170919,AB-10105,TEC-AC-10000109,LOC00052,Standard Class,89.584,2,0.2,4.4792
6973,CA-2017-153822,20170919,AB-10105,TEC-PH-10002415,LOC00052,Standard Class,471.92,2,0.2,29.495
6974,CA-2017-153822,20170919,AB-10105,OFF-BI-10001460,LOC00052,Standard Class,18.18,4,0.7,-13.938
6975,CA-2017-146185,20170915,CC-12145,OFF-AR-10002987,LOC00015,Standard Class,31.744,2,0.2,8.3328
6976,CA-2015-112144,20150628,CY-12745,OFF-LA-10000443,LOC00028,Standard Class,5.904,2,0.2,1.9926
6977,CA-2015-112144,20150628,CY-12745,FUR-FU-10004306,LOC00028,Standard Class,621.76,4,0.2,46.632
6978,US-2016-119298,20161125,EP-13915,TEC-PH-10002564,LOC00238,First Class,59.98,2,0.0,17.994
6979,CA-2017-155159,20171125,DL-13315,OFF-PA-10003724,LOC00149,Second Class,48.87,9,0.0,23.9463
6980,CA-2017-149076,20170114,SO-20335,OFF-PA-10000483,LOC00002,Standard Class,154.9,5,0.0,69.705
6981,CA-2014-146990,20141107,BP-11095,OFF-FA-10000611,LOC00024,First Class,5.92,4,0.0,2.8416
6982,CA-2014-146990,20141107,BP-11095,OFF-PA-10000246,LOC00024,First Class,30.18,3,0.0,13.8828
6983,CA-2016-116526,20160901,JA-15970,OFF-BI-10004728,LOC00084,Standard Class,24.1,5,0.0,11.086
6984,CA-2016-116526,20160901,JA-15970,TEC-PH-10002365,LOC00084,Standard Class,8.78,1,0.0,2.2828
6985,CA-2016-116526,20160901,JA-15970,OFF-AP-10002457,LOC00084,Standard Class,376.74,4,0.1,71.162
6986,CA-2016-116526,20160901,JA-15970,OFF-BI-10000320,LOC00084,Standard Class,29.52,4,0.0,14.4648
6987,CA-2016-116526,20160901,JA-15970,OFF-AR-10004999,LOC00084,Standard Class,11.96,2,0.0,2.99
6988,CA-2016-116526,20160901,JA-15970,OFF-BI-10001116,LOC00084,Standard Class,26.4,5,0.0,12.672
6989,CA-2017-158561,20171111,BB-11545,OFF-AP-10002651,LOC00003,Second Class,1158.12,5,0.2,130.2885
6990,CA-2017-165099,20171211,DK-13375,OFF-AP-10001634,LOC00584,First Class,1.392,2,0.8,-3.7584
6991,CA-2015-109386,20151108,RH-19600,OFF-AP-10003266,LOC00498,Second Class,44.43,3,0.0,18.6606
6992,CA-2015-109386,20151108,RH-19600,TEC-PH-10002890,LOC00498,Second Class,226.2,5,0.0,58.812
6993,CA-2015-109386,20151108,RH-19600,FUR-FU-10000308,LOC00498,Second Class,186.54,3,0.0,41.0388
6994,CA-2015-109386,20151108,RH-19600,OFF-AR-10000380,LOC00498,Second Class,265.86,7,0.0,79.758
6995,CA-2015-109386,20151108,RH-19600,OFF-AR-10000122,LOC00498,Second Class,27.9,5,0.0,6.975
6996,CA-2015-166800,20151119,AG-10300,OFF-AP-10004868,LOC00122,Standard Class,31.08,4,0.0,8.3916
6997,CA-2017-117443,20171223,JB-15400,OFF-BI-10004002,LOC00229,Second Class,13.84,4,0.8,-22.144
6998,CA-2017-117443,20171223,JB-15400,OFF-PA-10004475,LOC00229,Second Class,175.872,4,0.2,63.7536
6999,US-2016-134369,20160916,BC-11125,OFF-PA-10002195,LOC00288,Standard Class,12.96,2,0.0,6.3504
7000,CA-2017-123687,20170526,KC-16675,OFF-AP-10002670,LOC00176,First Class,208.44,3,0.0,62.532
7001,CA-2017-123687,20170526,KC-16675,OFF-SU-10004498,LOC00176,First Class,25.76,2,0.0,0.7728
7002,CA-2015-104871,20150330,DR-12940,FUR-CH-10003298,LOC00585,Standard Class,366.744,4,0.3,-110.0232
7003,CA-2014-133158,20140819,DW-13195,FUR-FU-10000723,LOC00063,Second Class,289.24,7,0.0,26.0316
7004,CA-2014-133158,20140819,DW-13195,OFF-BI-10000632,LOC00063,Second Class,69.456,2,0.2,22.5732
7005,CA-2014-126333,20141223,ME-18010,OFF-PA-10000223,LOC00484,Standard Class,5.184,1,0.2,1.8144
7006,CA-2015-141740,20151101,JF-15490,FUR-CH-10001545,LOC00030,Standard Class,205.164,2,0.1,13.6776
7007,CA-2014-119466,20141215,SP-20860,FUR-FU-10001546,LOC00037,Standard Class,8.544,2,0.6,-7.476
7008,CA-2015-154823,20150821,KN-16390,OFF-BI-10001098,LOC00158,Standard Class,12.828,2,0.7,-8.9796
7009,CA-2015-154823,20150821,KN-16390,FUR-CH-10003379,LOC00158,Standard Class,598.458,3,0.3,-42.747
7010,CA-2015-154823,20150821,KN-16390,FUR-FU-10000193,LOC00158,Standard Class,25.984,1,0.2,-3.8976
7011,US-2014-135881,20140523,GT-14710,OFF-BI-10000829,LOC00046,Standard Class,17.96,5,0.2,5.837
7012,US-2014-135881,20140523,GT-14710,OFF-SU-10003002,LOC00046,Standard Class,5.04,2,0.0,0.1512
7013,US-2014-135881,20140523,GT-14710,OFF-AP-10002118,LOC00046,Standard Class,208.16,1,0.0,56.2032
7014,CA-2017-141201,20171209,DB-12910,FUR-BO-10001519,LOC00206,Second Class,148.257,3,0.15,15.6978
7015,CA-2014-114790,20140311,FM-14215,OFF-AP-10002578,LOC00127,Second Class,146.76,3,0.0,38.1576
7016,CA-2014-114790,20140311,FM-14215,TEC-AC-10000710,LOC00127,Second Class,32.96,2,0.0,14.1728
7017,CA-2014-114790,20140311,FM-14215,TEC-PH-10000984,LOC00127,Second Class,587.97,3,0.0,164.6316
7018,CA-2014-114790,20140311,FM-14215,OFF-PA-10000213,LOC00127,Second Class,14.94,3,0.0,7.0218
7019,US-2016-154256,20160623,SM-20005,OFF-LA-10003720,LOC00046,Second Class,25.83,7,0.0,12.1401
7020,CA-2014-124737,20140823,AP-10915,OFF-PA-10001837,LOC00077,Standard Class,15.552,3,0.2,5.4432
7021,CA-2014-124737,20140823,AP-10915,OFF-SU-10004661,LOC00077,Standard Class,6.8,1,0.2,0.51
7022,CA-2014-124737,20140823,AP-10915,FUR-FU-10003274,LOC00077,Standard Class,4.224,3,0.2,1.2672
7023,CA-2014-124737,20140823,AP-10915,TEC-PH-10000149,LOC00077,Standard Class,143.64,9,0.2,10.773
7024,CA-2014-124737,20140823,AP-10915,OFF-PA-10000019,LOC00077,Standard Class,31.104,6,0.2,10.8864
7025,CA-2014-124737,20140823,AP-10915,OFF-PA-10001125,LOC00077,Standard Class,223.056,9,0.2,69.705
7026,US-2017-101840,20170206,SP-20545,TEC-PH-10002538,LOC00024,Standard Class,227.46,6,0.0,65.9634
7027,US-2017-101840,20170206,SP-20545,OFF-BI-10000279,LOC00024,Standard Class,46.24,4,0.2,15.606
7028,CA-2017-131653,20170129,RD-19585,OFF-LA-10001045,LOC00165,Standard Class,5.22,2,0.0,2.4012
7029,US-2016-157840,20161220,MC-17575,OFF-PA-10003673,LOC00011,Second Class,33.9,5,0.0,15.594
7030,CA-2016-145548,20161111,EB-13750,OFF-ST-10002562,LOC00165,Standard Class,28.14,3,0.0,7.8792
7031,CA-2016-145548,20161111,EB-13750,TEC-AC-10002305,LOC00165,Standard Class,36.0,2,0.0,6.48
7032,CA-2016-145548,20161111,EB-13750,OFF-AR-10003373,LOC00165,Standard Class,92.94,3,0.0,25.0938
7033,CA-2016-145548,20161111,EB-13750,FUR-CH-10003774,LOC00165,Standard Class,245.646,3,0.1,8.1882
7034,CA-2016-145548,20161111,EB-13750,OFF-BI-10001510,LOC00165,Standard Class,55.008,3,0.2,17.19
7035,CA-2016-145548,20161111,EB-13750,OFF-BI-10004236,LOC00165,Standard Class,35.232,3,0.2,11.4504
7036,CA-2017-119494,20171109,JE-15610,FUR-CH-10004675,LOC00189,Standard Class,523.392,3,0.2,52.3392
7037,CA-2014-124618,20140502,CS-11860,TEC-CO-10004202,LOC00153,Second Class,479.984,2,0.2,89.997
7038,CA-2017-161970,20170922,PB-19105,OFF-PA-10004255,LOC00270,Standard Class,12.96,2,0.0,6.2208
7039,CA-2017-161970,20170922,PB-19105,OFF-AR-10003896,LOC00270,Standard Class,17.94,3,0.0,6.4584
7040,CA-2017-103443,20171217,AT-10735,OFF-ST-10002276,LOC00030,Standard Class,166.72,2,0.0,41.68
7041,CA-2017-103443,20171217,AT-10735,OFF-BI-10001617,LOC00030,Standard Class,24.816,3,0.2,8.3754
7042,CA-2017-103443,20171217,AT-10735,FUR-FU-10000308,LOC00030,Standard Class,124.36,2,0.0,27.3592
7043,US-2017-165358,20170718,SV-20365,TEC-CO-10001943,LOC00064,Standard Class,599.97,5,0.4,69.9965
7044,US-2017-165358,20170718,SV-20365,FUR-CH-10002647,LOC00064,Standard Class,198.744,4,0.3,-14.196
7045,US-2017-165358,20170718,SV-20365,OFF-SU-10004768,LOC00064,Standard Class,9.184,2,0.2,1.148
7046,CA-2016-160136,20161103,PJ-18835,OFF-PA-10002160,LOC00163,Standard Class,9.248,2,0.2,3.3524
7047,CA-2014-150581,20140408,NM-18445,FUR-TA-10003748,LOC00138,Standard Class,99.592,1,0.2,2.4898
7048,CA-2014-150581,20140408,NM-18445,TEC-AC-10001908,LOC00138,Standard Class,399.96,4,0.0,139.986
7049,CA-2016-119515,20160814,TR-21325,OFF-PA-10000552,LOC00396,First Class,15.552,3,0.2,5.4432
7050,CA-2014-141355,20140925,BF-11005,OFF-AR-10003179,LOC00043,Standard Class,14.576,2,0.2,2.3686
7051,CA-2016-165330,20161211,WB-21850,OFF-BI-10004593,LOC00159,Same Day,209.6,5,0.2,68.12
7052,CA-2016-165330,20161211,WB-21850,OFF-AR-10000914,LOC00159,Same Day,23.32,2,0.0,6.0632
7053,CA-2016-165330,20161211,WB-21850,OFF-PA-10000241,LOC00159,Same Day,30.98,1,0.0,13.941
7054,CA-2016-165330,20161211,WB-21850,TEC-AC-10000057,LOC00159,Same Day,119.96,4,0.0,25.1916
7055,CA-2016-165330,20161211,WB-21850,FUR-CH-10003774,LOC00159,Same Day,363.92,5,0.2,-31.843
7056,CA-2016-165330,20161211,WB-21850,OFF-BI-10002824,LOC00159,Same Day,35.808,3,0.2,11.19
7057,CA-2016-165330,20161211,WB-21850,OFF-BI-10004001,LOC00159,Same Day,122.688,9,0.2,39.8736
7058,CA-2016-165330,20161211,WB-21850,FUR-TA-10004619,LOC00159,Same Day,892.136,7,0.2,111.517
7059,CA-2016-165330,20161211,WB-21850,OFF-ST-10000636,LOC00159,Same Day,50.22,3,0.0,2.0088
7060,CA-2016-165330,20161211,WB-21850,OFF-AP-10001469,LOC00159,Same Day,83.42,2,0.0,24.1918
7061,CA-2016-165330,20161211,WB-21850,OFF-BI-10002897,LOC00159,Same Day,5.872,2,0.2,2.1286
7062,CA-2015-132633,20150203,KH-16630,OFF-BI-10002432,LOC00269,Second Class,12.144,3,0.2,4.0986
7063,CA-2016-157742,20161229,KL-16645,OFF-EN-10002592,LOC00331,Second Class,27.792,3,0.2,10.422
7064,CA-2017-127712,20170831,MG-17890,OFF-SU-10002522,LOC00161,Standard Class,6.208,2,0.2,0.6984
7065,CA-2017-169474,20170204,JF-15355,OFF-AP-10003971,LOC00145,Standard Class,32.67,3,0.0,8.4942
7066,CA-2014-106726,20141206,RS-19765,OFF-ST-10001496,LOC00142,First Class,1261.33,7,0.0,327.9458
7067,CA-2016-147473,20160530,NL-18310,OFF-PA-10004782,LOC00014,Standard Class,38.88,6,0.0,18.6624
7068,CA-2016-114209,20160521,AS-10285,OFF-BI-10000343,LOC00177,Standard Class,1.964,2,0.8,-3.2406
7069,CA-2016-114209,20160521,AS-10285,OFF-PA-10003591,LOC00177,Standard Class,82.656,9,0.2,30.996
7070,CA-2014-141901,20140809,GM-14500,OFF-PA-10001667,LOC00254,Standard Class,5.98,1,0.0,2.691
7071,CA-2016-164490,20160905,SU-20665,OFF-PA-10004971,LOC00156,Second Class,9.248,2,0.2,3.3524
7072,CA-2016-112256,20160723,CK-12205,OFF-AR-10001216,LOC00479,Standard Class,4.448,2,0.2,0.3336
7073,CA-2016-112256,20160723,CK-12205,OFF-PA-10004355,LOC00479,Standard Class,5.184,1,0.2,1.8144
7074,CA-2016-112256,20160723,CK-12205,OFF-AR-10001953,LOC00479,Standard Class,175.92,5,0.2,15.393
7075,CA-2016-112256,20160723,CK-12205,OFF-BI-10004364,LOC00479,Standard Class,4.752,4,0.8,-8.316
7076,CA-2016-112256,20160723,CK-12205,OFF-SU-10001165,LOC00479,Standard Class,13.344,2,0.2,1.0008
7077,CA-2016-167416,20160512,JM-15580,OFF-EN-10001141,LOC00060,Standard Class,54.9,5,0.0,26.901
7078,CA-2016-106950,20160902,JE-15715,OFF-BI-10000014,LOC00044,Standard Class,22.911,7,0.7,-17.5651
7079,CA-2016-106950,20160902,JE-15715,OFF-AP-10000159,LOC00044,Standard Class,309.456,9,0.2,34.8138
7080,CA-2016-106950,20160902,JE-15715,OFF-AR-10003560,LOC00044,Standard Class,19.456,4,0.2,3.4048
7081,CA-2016-106950,20160902,JE-15715,FUR-TA-10001768,LOC00044,Standard Class,472.518,3,0.4,-149.6307
7082,CA-2016-106950,20160902,JE-15715,TEC-AC-10002049,LOC00044,Standard Class,1012.68,3,0.2,303.804
7083,CA-2016-106950,20160902,JE-15715,OFF-BI-10003166,LOC00044,Standard Class,17.22,5,0.7,-12.628
7084,CA-2017-118724,20170721,AR-10825,OFF-AR-10003469,LOC00138,Second Class,3.52,2,0.0,1.6896
7085,CA-2017-118724,20170721,AR-10825,TEC-PH-10002549,LOC00138,Second Class,1626.192,9,0.2,121.9644
7086,CA-2017-112004,20170925,AH-10075,OFF-BI-10003476,LOC00182,First Class,8.595,5,0.7,-6.303
7087,CA-2017-112004,20170925,AH-10075,OFF-SU-10000157,LOC00182,First Class,190.896,2,0.2,-42.9516
7088,US-2017-143175,20170803,GA-14515,OFF-ST-10003123,LOC00026,Second Class,99.87,3,0.0,23.9688
7089,CA-2015-105844,20151025,JF-15415,OFF-AR-10001955,LOC00385,Second Class,79.36,4,0.0,23.808
7090,CA-2017-118864,20170615,KH-16690,TEC-PH-10001809,LOC00004,Second Class,119.96,1,0.2,7.4975
7091,CA-2015-119480,20150109,CC-12685,OFF-PA-10000474,LOC00001,Standard Class,106.32,3,0.0,49.9704
7092,CA-2015-119480,20150109,CC-12685,OFF-AP-10001205,LOC00001,Standard Class,163.44,3,0.0,45.7632
7093,CA-2015-119480,20150109,CC-12685,OFF-AR-10004691,LOC00001,Standard Class,42.76,2,0.0,11.1176
7094,CA-2015-119480,20150109,CC-12685,OFF-PA-10004996,LOC00001,Standard Class,51.55,5,0.0,24.2285
7095,US-2015-153374,20150209,JF-15565,TEC-AC-10001908,LOC00068,Second Class,479.952,6,0.2,89.991
7096,CA-2016-101980,20160819,RP-19390,OFF-BI-10000666,LOC00030,First Class,146.688,6,0.2,55.008
7097,CA-2016-101980,20160819,RP-19390,OFF-BI-10004318,LOC00030,First Class,276.784,2,0.2,89.9548
7098,CA-2016-101980,20160819,RP-19390,OFF-BI-10003429,LOC00030,First Class,25.32,5,0.2,9.1785
7099,CA-2017-144596,20171106,CD-11980,OFF-PA-10003302,LOC00165,Standard Class,318.96,9,0.0,149.9112
7100,CA-2015-124933,20151226,DF-13135,OFF-PA-10003302,LOC00030,Second Class,212.64,6,0.0,99.9408
7101,CA-2014-159625,20141123,SM-20005,OFF-EN-10002621,LOC00058,Standard Class,23.472,3,0.2,8.802
7102,CA-2016-144337,20160801,SG-20890,OFF-PA-10000249,LOC00140,Second Class,19.648,2,0.2,6.6312
7103,CA-2014-117478,20140921,LH-16750,OFF-BI-10000050,LOC00012,First Class,6.57,3,0.7,-5.037
7104,CA-2017-147410,20170904,EJ-14155,OFF-ST-10003805,LOC00201,Standard Class,421.1,2,0.0,105.275
7105,CA-2017-128944,20170619,KH-16330,FUR-CH-10000785,LOC00056,Second Class,760.116,6,0.3,-43.4352
7106,CA-2017-128944,20170619,KH-16330,FUR-FU-10004909,LOC00056,Second Class,38.784,3,0.2,7.272
7107,CA-2017-128944,20170619,KH-16330,TEC-AC-10001553,LOC00056,Second Class,122.328,9,0.2,1.5291
7108,CA-2016-109666,20160419,KM-16720,TEC-PH-10004774,LOC00046,Standard Class,25.98,2,0.0,0.7794
7109,CA-2016-109666,20160419,KM-16720,OFF-AR-10004582,LOC00046,Standard Class,3.28,2,0.0,1.476
7110,CA-2016-109666,20160419,KM-16720,OFF-ST-10000991,LOC00046,Standard Class,459.88,4,0.0,13.7964
7111,CA-2016-109666,20160419,KM-16720,OFF-SU-10002522,LOC00046,Standard Class,7.76,2,0.0,2.2504
7112,CA-2016-109666,20160419,KM-16720,OFF-AR-10004022,LOC00046,Standard Class,71.96,2,0.0,17.99
7113,CA-2016-109666,20160419,KM-16720,OFF-SU-10001218,LOC00046,Standard Class,54.9,5,0.0,15.372
7114,CA-2016-109666,20160419,KM-16720,OFF-BI-10000174,LOC00046,Standard Class,9.28,2,0.2,3.248
7115,US-2016-102239,20160505,LW-16990,FUR-TA-10003392,LOC00321,First Class,1685.88,6,0.0,320.3172
7116,US-2016-102239,20160505,LW-16990,OFF-BI-10001890,LOC00321,First Class,5.728,2,0.2,2.0048
7117,CA-2014-143168,20141018,IG-15085,OFF-PA-10000167,LOC00006,Second Class,61.96,2,0.0,27.882
7118,CA-2014-143168,20141018,IG-15085,OFF-BI-10003784,LOC00006,Second Class,1.344,1,0.2,0.4704
7119,CA-2017-104906,20170213,JP-15460,OFF-PA-10001184,LOC00030,Standard Class,17.94,3,0.0,8.7906
7120,CA-2017-118122,20171117,GG-14650,OFF-BI-10002103,LOC00006,Standard Class,13.904,2,0.2,4.5188
7121,US-2014-147774,20140120,MM-18280,OFF-BI-10003091,LOC00298,Standard Class,67.194,1,0.7,-51.5154
7122,CA-2017-166926,20171201,SO-20335,OFF-PA-10001593,LOC00060,Standard Class,41.86,7,0.0,18.837
7123,CA-2017-166926,20171201,SO-20335,FUR-BO-10002598,LOC00060,Standard Class,141.96,2,0.0,41.1684
7124,CA-2015-128013,20150809,MF-18250,FUR-FU-10000320,LOC00046,Standard Class,10.02,3,0.0,4.4088
7125,CA-2015-128013,20150809,MF-18250,OFF-PA-10001815,LOC00046,Standard Class,144.12,3,0.0,69.1776
7126,CA-2016-123176,20160927,JG-15160,OFF-PA-10003971,LOC00149,Second Class,17.94,3,0.0,8.7906
7127,CA-2016-123176,20160927,JG-15160,OFF-AR-10004685,LOC00149,Second Class,13.89,3,0.0,4.5837
7128,US-2016-117541,20161114,JM-16195,OFF-PA-10001609,LOC00286,Standard Class,16.45,5,0.0,7.567
7129,US-2016-117541,20161114,JM-16195,FUR-FU-10000550,LOC00286,Standard Class,19.92,4,0.0,6.5736
7130,CA-2016-166282,20160416,PK-19075,TEC-AC-10004209,LOC00396,Standard Class,35.168,4,0.2,8.3524
7131,CA-2016-166282,20160416,PK-19075,OFF-PA-10003022,LOC00396,Standard Class,123.088,7,0.2,40.0036
7132,CA-2017-141439,20171126,TT-21460,FUR-TA-10001039,LOC00239,Standard Class,257.94,3,0.0,67.0644
7133,CA-2017-141439,20171126,TT-21460,TEC-PH-10002624,LOC00239,Standard Class,1879.96,4,0.0,545.1884
7134,CA-2017-141439,20171126,TT-21460,FUR-FU-10001473,LOC00239,Standard Class,27.46,2,0.0,9.8856
7135,CA-2017-141439,20171126,TT-21460,TEC-PH-10001819,LOC00239,Standard Class,89.98,2,0.0,43.1904
7136,CA-2017-141439,20171126,TT-21460,FUR-CH-10004287,LOC00239,Standard Class,828.6,3,0.0,240.294
7137,CA-2015-163965,20151120,SS-20875,OFF-BI-10004728,LOC00124,Standard Class,7.23,5,0.7,-5.784
7138,CA-2015-163965,20151120,SS-20875,OFF-ST-10000918,LOC00124,Standard Class,17.44,2,0.2,1.308
7139,CA-2015-163965,20151120,SS-20875,OFF-BI-10004593,LOC00124,Standard Class,62.88,4,0.7,-50.304
7140,CA-2015-163965,20151120,SS-20875,FUR-BO-10001337,LOC00124,Standard Class,290.352,3,0.2,-36.294
7141,CA-2017-128783,20170907,TG-21640,TEC-AC-10002473,LOC00586,Same Day,113.52,4,0.0,46.5432
7142,CA-2017-128783,20170907,TG-21640,FUR-FU-10003623,LOC00586,Same Day,135.3,5,0.0,37.884
7143,CA-2014-122217,20141124,HP-14815,FUR-FU-10002045,LOC00221,Standard Class,111.15,5,0.0,48.906
7144,US-2017-141558,20170311,MH-17290,TEC-PH-10002555,LOC00012,Standard Class,776.85,5,0.4,-181.265
7145,US-2017-141558,20170311,MH-17290,OFF-BI-10002794,LOC00012,Standard Class,12.294,1,0.7,-8.6058
7146,US-2017-141558,20170311,MH-17290,FUR-TA-10004086,LOC00012,Standard Class,154.764,3,0.4,-46.4292
7147,US-2017-141558,20170311,MH-17290,OFF-ST-10004946,LOC00012,Standard Class,43.28,1,0.2,3.246
7148,CA-2016-139941,20160612,CB-12415,OFF-PA-10000241,LOC00256,Standard Class,92.94,3,0.0,41.823
7149,CA-2016-139941,20160612,CB-12415,OFF-AP-10004036,LOC00256,Standard Class,52.56,3,0.0,18.396
7150,CA-2015-166583,20150626,VD-21670,TEC-PH-10001578,LOC00033,Standard Class,971.88,3,0.2,109.3365
7151,CA-2017-100412,20171222,SR-20425,FUR-CH-10002647,LOC00520,Standard Class,141.96,2,0.0,35.49
7152,CA-2017-142909,20171222,AG-10330,FUR-TA-10003008,LOC00155,Second Class,182.55,2,0.5,-135.087
7153,CA-2014-137911,20141009,BP-11095,OFF-PA-10004071,LOC00223,Standard Class,88.768,2,0.2,31.0688
7154,CA-2015-106208,20151210,JW-16075,OFF-AP-10004980,LOC00027,Standard Class,53.088,7,0.8,-108.8304
7155,US-2015-136749,20151225,LH-16900,FUR-FU-10000747,LOC00113,Second Class,275.88,6,0.0,46.8996
7156,US-2015-136749,20151225,LH-16900,OFF-BI-10004492,LOC00113,Second Class,157.9,5,0.0,74.213
7157,CA-2017-126718,20170429,KT-16480,OFF-LA-10004055,LOC00417,Standard Class,4.91,1,0.0,2.4059
7158,CA-2016-131380,20160328,CC-12220,OFF-ST-10002485,LOC00004,Second Class,87.92,4,0.0,0.8792
7159,CA-2016-131380,20160328,CC-12220,OFF-PA-10001243,LOC00004,Second Class,5.98,1,0.0,2.9302
7160,CA-2015-145835,20150513,BF-11170,TEC-PH-10004447,LOC00037,Second Class,222.384,2,0.2,16.6788
7161,CA-2015-145835,20150513,BF-11170,OFF-FA-10002280,LOC00037,Second Class,16.0,4,0.2,5.6
7162,CA-2014-138709,20140704,MS-17770,OFF-PA-10004734,LOC00196,Standard Class,21.84,3,0.0,10.92
7163,CA-2014-138709,20140704,MS-17770,OFF-BI-10000145,LOC00196,Standard Class,15.6,5,0.0,7.644
7164,CA-2014-122070,20140422,AH-10030,OFF-EN-10004773,LOC00025,Second Class,247.84,8,0.0,121.4416
7165,CA-2014-122070,20140422,AH-10030,OFF-BI-10004970,LOC00025,Second Class,9.912,3,0.2,3.3453
7166,CA-2016-158610,20160919,CK-12595,OFF-ST-10000604,LOC00260,First Class,69.52,2,0.0,17.38
7167,CA-2014-117464,20140722,NP-18325,OFF-AR-10003190,LOC00035,Second Class,11.52,4,0.0,3.2256
7168,CA-2014-117464,20140722,NP-18325,FUR-CH-10000155,LOC00035,Second Class,717.72,3,0.2,71.772
7169,CA-2014-117464,20140722,NP-18325,OFF-ST-10003058,LOC00035,Second Class,236.5,10,0.0,68.585
7170,CA-2014-117464,20140722,NP-18325,FUR-TA-10004767,LOC00035,Second Class,170.352,3,0.2,19.1646
7171,US-2017-168613,20171008,GM-14440,FUR-CH-10002372,LOC00030,Standard Class,145.764,2,0.1,3.2392
7172,CA-2017-125381,20170425,SG-20605,TEC-AC-10000158,LOC00010,Second Class,107.97,3,0.0,22.6737
7173,US-2017-141677,20170326,HK-14890,TEC-AC-10000158,LOC00033,Standard Class,143.96,5,0.2,1.7995
7174,US-2017-141677,20170326,HK-14890,TEC-CO-10002313,LOC00033,Standard Class,2399.96,5,0.2,569.9905
7175,US-2017-141677,20170326,HK-14890,OFF-PA-10002581,LOC00033,Standard Class,74.352,3,0.2,23.235
7176,US-2017-141677,20170326,HK-14890,OFF-AP-10001205,LOC00033,Standard Class,87.168,8,0.8,-226.6368
7177,US-2017-141677,20170326,HK-14890,OFF-ST-10000344,LOC00033,Standard Class,32.232,3,0.2,2.4174
7178,CA-2017-133067,20170504,MY-18295,OFF-BI-10002897,LOC00012,Standard Class,2.202,2,0.7,-1.5414
7179,CA-2017-133067,20170504,MY-18295,OFF-BI-10003694,LOC00012,Standard Class,9.396,3,0.7,-7.5168
7180,US-2016-144351,20161114,RC-19960,TEC-PH-10001644,LOC00309,Standard Class,89.97,3,0.0,25.1916
7181,CA-2014-106054,20140106,JO-15145,OFF-AR-10002399,LOC00507,First Class,12.78,3,0.0,5.2398
7182,CA-2016-138667,20161227,MW-18220,TEC-AC-10003063,LOC00404,Second Class,40.0,2,0.2,0.5
7183,CA-2017-150609,20170430,NZ-18565,OFF-BI-10002071,LOC00004,Standard Class,23.24,5,0.2,7.553
7184,CA-2017-128853,20170421,JM-15250,FUR-CH-10004218,LOC00309,First Class,908.82,9,0.0,227.205
7185,CA-2017-133102,20170817,ED-13885,OFF-SU-10000432,LOC00015,Standard Class,5.552,2,0.2,-1.041
7186,CA-2017-133102,20170817,ED-13885,OFF-AR-10003183,LOC00015,Standard Class,8.016,3,0.2,1.002
7187,CA-2017-133102,20170817,ED-13885,FUR-CH-10002017,LOC00015,Standard Class,74.592,4,0.3,-2.1312
7188,CA-2017-133102,20170817,ED-13885,FUR-FU-10003247,LOC00015,Standard Class,16.784,2,0.6,-22.2388
7189,CA-2017-133102,20170817,ED-13885,OFF-AP-10001563,LOC00015,Standard Class,38.864,4,0.8,-99.1032
7190,CA-2016-164399,20161112,DW-13480,TEC-PH-10004908,LOC00143,First Class,203.976,3,0.2,25.497
7191,CA-2016-164399,20161112,DW-13480,FUR-TA-10003392,LOC00143,First Class,674.352,3,0.2,-8.4294
7192,CA-2016-116918,20161001,JK-15205,OFF-BI-10004140,LOC00187,Second Class,5.388,4,0.7,-4.49
7193,CA-2016-116918,20161001,JK-15205,OFF-AR-10003631,LOC00187,Second Class,30.976,8,0.2,5.0336
7194,CA-2016-110492,20160212,JS-15880,OFF-ST-10003716,LOC00149,First Class,1350.12,6,0.0,175.5156
7195,CA-2016-110492,20160212,JS-15880,OFF-BI-10003274,LOC00149,First Class,15.92,4,0.0,7.4824
7196,CA-2016-147683,20161113,PO-19180,FUR-FU-10004848,LOC00006,Standard Class,19.54,2,0.0,7.2298
7197,CA-2014-116785,20140426,MH-17290,OFF-AR-10003504,LOC00002,Standard Class,21.4,5,0.0,6.206
7198,CA-2014-116785,20140426,MH-17290,OFF-LA-10000305,LOC00002,Standard Class,12.6,2,0.0,5.796
7199,US-2015-156797,20150811,PO-19180,OFF-AR-10001427,LOC00046,Standard Class,11.96,2,0.0,3.1096
7200,US-2015-156797,20150811,PO-19180,TEC-PH-10004614,LOC00046,Standard Class,138.0,2,0.0,34.5
7201,CA-2016-104276,20161127,HF-14995,TEC-PH-10001944,LOC00003,Standard Class,116.76,1,0.2,14.595
7202,CA-2016-104276,20161127,HF-14995,FUR-TA-10001039,LOC00003,Standard Class,331.023,7,0.45,-114.3534
7203,CA-2016-120369,20161028,VB-21745,FUR-FU-10003806,LOC00145,Same Day,756.8,5,0.0,75.68
7204,CA-2014-118276,20141229,MG-17890,FUR-FU-10002111,LOC00587,Standard Class,8.736,3,0.6,-4.8048
7205,CA-2015-136658,20150910,BO-11425,OFF-AR-10000817,LOC00024,Standard Class,6.08,2,0.0,2.0672
7206,CA-2017-137414,20171002,CM-12115,FUR-FU-10001424,LOC00010,Standard Class,17.46,2,0.0,5.9364
7207,CA-2017-137414,20171002,CM-12115,TEC-MA-10002930,LOC00010,Standard Class,369.16,11,0.2,32.3015
7208,CA-2016-143476,20160911,LC-16930,OFF-AR-10003759,LOC00052,First Class,2.912,2,0.2,0.91
7209,CA-2016-143476,20160911,LC-16930,OFF-PA-10001837,LOC00052,First Class,20.736,4,0.2,7.2576
7210,CA-2016-143476,20160911,LC-16930,OFF-PA-10001667,LOC00052,First Class,9.568,2,0.2,2.99
7211,US-2016-119046,20160602,EH-13765,OFF-PA-10000246,LOC00061,Standard Class,30.18,3,0.0,13.8828
7212,US-2016-119046,20160602,EH-13765,OFF-BI-10001078,LOC00061,Standard Class,51.648,12,0.2,18.7224
7213,US-2016-119046,20160602,EH-13765,OFF-BI-10000138,LOC00061,Standard Class,11.232,3,0.2,3.9312
7214,CA-2017-154949,20171015,MC-17275,OFF-LA-10002034,LOC00588,Standard Class,14.73,3,0.0,7.2177
7215,CA-2015-103072,20150927,HW-14935,OFF-AR-10000127,LOC00186,Second Class,16.4,5,0.0,4.756
7216,CA-2015-103072,20150927,HW-14935,OFF-PA-10003172,LOC00186,Second Class,25.92,4,0.0,12.4416
7217,CA-2015-150770,20150503,LC-16870,OFF-AR-10001246,LOC00010,First Class,8.82,3,0.0,2.5578
7218,CA-2015-150770,20150503,LC-16870,OFF-BI-10002026,LOC00010,First Class,62.496,2,0.2,21.8736
7219,CA-2015-150770,20150503,LC-16870,TEC-AC-10000844,LOC00010,First Class,339.96,4,0.0,122.3856
7220,CA-2015-150770,20150503,LC-16870,OFF-BI-10001575,LOC00010,First Class,49.568,2,0.2,17.3488
7221,CA-2017-154760,20170109,BP-11290,OFF-BI-10004632,LOC00012,Standard Class,274.491,3,0.7,-228.7425
7222,US-2017-104437,20170127,TG-21310,TEC-PH-10000193,LOC00046,Standard Class,137.94,3,0.0,35.8644
7223,CA-2017-113075,20170902,MC-18100,TEC-AC-10003441,LOC00037,Standard Class,40.68,3,0.2,-7.119
7224,CA-2016-109953,20160714,RB-19360,TEC-PH-10004093,LOC00035,Standard Class,110.376,3,0.2,12.4173
7225,CA-2016-109953,20160714,RB-19360,OFF-AP-10002998,LOC00035,Standard Class,151.62,7,0.0,50.0346
7226,CA-2016-109953,20160714,RB-19360,FUR-FU-10000073,LOC00035,Standard Class,30.8,4,0.0,10.164
7227,CA-2017-127397,20170224,ES-14080,OFF-PA-10001125,LOC00064,Standard Class,123.92,5,0.2,38.725
7228,CA-2017-127397,20170224,ES-14080,TEC-AC-10003033,LOC00064,Standard Class,1319.8,5,0.2,214.4675
7229,CA-2014-157546,20140720,RD-19720,OFF-BI-10002498,LOC00035,First Class,89.712,6,0.2,30.2778
7230,CA-2014-157546,20140720,RD-19720,OFF-PA-10004569,LOC00035,First Class,22.83,3,0.0,10.7301
7231,CA-2017-153843,20170313,SC-20380,OFF-BI-10002353,LOC00070,First Class,30.88,2,0.0,15.44
7232,CA-2017-153843,20170313,SC-20380,OFF-AP-10001564,LOC00070,First Class,465.16,2,0.0,120.9416
7233,CA-2017-153843,20170313,SC-20380,OFF-PA-10003673,LOC00070,First Class,27.12,4,0.0,12.4752
7234,CA-2016-137337,20160308,GB-14575,FUR-FU-10003347,LOC00165,Standard Class,113.6,8,0.0,44.304
7235,CA-2016-137337,20160308,GB-14575,OFF-PA-10001934,LOC00165,Standard Class,12.96,2,0.0,6.3504
7236,CA-2016-137337,20160308,GB-14575,OFF-BI-10000632,LOC00165,Standard Class,69.456,2,0.2,22.5732
7237,CA-2014-138737,20141207,FP-14320,OFF-AR-10003190,LOC00014,First Class,8.64,3,0.0,2.4192
7238,CA-2016-164924,20160710,EA-14035,TEC-MA-10000904,LOC00106,Same Day,341.991,3,0.7,-319.1916
7239,CA-2016-101651,20161224,SC-20305,FUR-FU-10000771,LOC00059,Standard Class,43.96,7,0.0,18.4632
7240,CA-2016-101651,20161224,SC-20305,OFF-EN-10001990,LOC00059,Standard Class,39.76,7,0.0,18.6872
7241,CA-2017-136651,20170423,JF-15355,FUR-FU-10002445,LOC00055,Second Class,66.36,7,0.0,26.544
7242,CA-2017-136651,20170423,JF-15355,OFF-BI-10003638,LOC00055,Second Class,92.88,6,0.2,30.186
7243,CA-2017-136651,20170423,JF-15355,FUR-FU-10004864,LOC00055,Second Class,24.14,2,0.0,7.9662
7244,CA-2017-118892,20170817,TP-21415,FUR-CH-10002024,LOC00064,Second Class,4416.174,9,0.3,-630.882
7245,US-2017-151127,20170522,RL-19615,OFF-AR-10002445,LOC00014,First Class,49.56,7,0.0,18.8328
7246,CA-2017-145807,20170209,SB-20170,OFF-ST-10001370,LOC00004,Standard Class,354.9,5,0.0,17.745
7247,US-2014-127978,20140303,JS-15595,OFF-LA-10000305,LOC00048,Standard Class,15.12,3,0.2,4.914
7248,US-2014-127978,20140303,JS-15595,FUR-BO-10001972,LOC00048,Standard Class,302.45,5,0.5,-199.617
7249,US-2014-127978,20140303,JS-15595,OFF-ST-10002486,LOC00048,Standard Class,44.672,8,0.2,-10.0512
7250,CA-2015-158491,20150604,BP-11155,TEC-AC-10001874,LOC00142,Second Class,119.98,2,0.0,35.994
7251,CA-2015-158491,20150604,BP-11155,TEC-AC-10003870,LOC00142,Second Class,989.97,3,0.0,395.988
7252,CA-2016-116764,20160827,EM-13825,OFF-LA-10002473,LOC00476,Standard Class,9.216,4,0.2,3.3408
7253,CA-2016-152457,20160912,SC-20695,OFF-PA-10003790,LOC00528,Standard Class,68.52,3,0.0,31.5192
7254,CA-2016-152730,20160530,EM-14140,OFF-AP-10002684,LOC00471,Standard Class,364.74,3,0.0,109.422
7255,CA-2016-152730,20160530,EM-14140,FUR-FU-10001037,LOC00471,Standard Class,47.4,5,0.0,21.33
7256,CA-2016-152730,20160530,EM-14140,OFF-ST-10000876,LOC00471,Standard Class,49.76,4,0.0,13.9328
7257,CA-2016-152730,20160530,EM-14140,OFF-AR-10003732,LOC00471,Standard Class,5.56,2,0.0,1.4456
7258,CA-2016-152730,20160530,EM-14140,OFF-PA-10000994,LOC00471,Standard Class,629.1,6,0.0,301.968
7259,CA-2016-152730,20160530,EM-14140,OFF-AR-10000940,LOC00471,Standard Class,14.7,5,0.0,3.969
7260,CA-2016-152730,20160530,EM-14140,OFF-PA-10004888,LOC00471,Standard Class,45.36,7,0.0,21.7728
7261,CA-2016-152730,20160530,EM-14140,TEC-PH-10000441,LOC00471,Standard Class,125.99,1,0.0,35.2772
7262,CA-2017-137001,20170610,GZ-14545,OFF-AR-10001231,LOC00381,Second Class,14.7,7,0.0,4.116
7263,CA-2017-156363,20171022,ML-17395,TEC-PH-10003988,LOC00064,Standard Class,32.7,5,0.4,-6.54
7264,CA-2017-156363,20171022,ML-17395,OFF-EN-10003068,LOC00064,Standard Class,31.68,4,0.2,11.088
7265,CA-2017-122056,20170613,PG-18895,OFF-AR-10004260,LOC00029,Standard Class,181.86,7,0.0,50.9208
7266,US-2014-143721,20141123,DK-12835,FUR-CH-10001973,LOC00015,Second Class,155.372,2,0.3,-35.5136
7267,CA-2017-122987,20170816,SJ-20215,OFF-BI-10002824,LOC00085,Same Day,13.428,3,0.7,-11.19
7268,CA-2017-122987,20170816,SJ-20215,OFF-ST-10004950,LOC00085,Same Day,67.136,4,0.2,-0.8392
7269,CA-2016-133368,20160114,AG-10675,OFF-PA-10004039,LOC00005,Standard Class,89.568,2,0.2,32.4684
7270,CA-2016-133368,20160114,AG-10675,FUR-FU-10003374,LOC00005,Standard Class,315.776,8,0.2,31.5776
7271,CA-2016-123337,20160916,KD-16495,FUR-BO-10001918,LOC00059,Standard Class,273.666,2,0.15,-12.8784
7272,CA-2016-123337,20160916,KD-16495,OFF-AP-10002287,LOC00059,Standard Class,17.48,4,0.0,4.5448
7273,US-2016-150357,20161010,EB-13975,OFF-SU-10004498,LOC00308,Standard Class,20.608,2,0.2,-4.3792
7274,US-2016-150357,20161010,EB-13975,OFF-BI-10002557,LOC00308,Standard Class,4.095,3,0.7,-2.73
7275,CA-2015-144519,20151113,AW-10930,TEC-PH-10004908,LOC00525,Standard Class,339.96,5,0.2,42.495
7276,CA-2015-144519,20151113,AW-10930,FUR-FU-10000794,LOC00525,Standard Class,63.98,7,0.0,21.7532
7277,CA-2014-120670,20141102,JK-16120,TEC-AC-10004171,LOC00003,Standard Class,799.92,10,0.2,239.976
7278,CA-2016-157217,20160719,TC-21535,TEC-PH-10002070,LOC00095,First Class,35.984,2,0.2,4.498
7279,CA-2016-157217,20160719,TC-21535,TEC-AC-10003095,LOC00095,First Class,389.97,3,0.0,132.5898
7280,CA-2016-108224,20160514,TH-21235,TEC-AC-10003832,LOC00512,Same Day,185.528,7,0.2,48.7011
7281,CA-2015-162782,20150221,PW-19240,OFF-BI-10003527,LOC00210,Standard Class,2541.98,2,0.0,1270.99
7282,CA-2017-159282,20171016,GH-14410,TEC-MA-10001148,LOC00512,Standard Class,599.985,5,0.7,-479.988
7283,CA-2017-155936,20170622,JK-15730,OFF-BI-10002432,LOC00156,Standard Class,3.036,3,0.8,-5.0094
7284,CA-2017-169439,20170909,LC-17140,OFF-AR-10001374,LOC00178,Standard Class,25.92,5,0.2,3.888
7285,CA-2017-169439,20170909,LC-17140,FUR-FU-10000723,LOC00178,Standard Class,66.112,2,0.2,-9.0904
7286,CA-2017-151183,20171014,BK-11260,TEC-AC-10003614,LOC00095,Standard Class,46.36,4,0.0,15.2988
7287,CA-2016-149965,20160620,BS-11365,TEC-AC-10004877,LOC00337,Standard Class,6.9,1,0.0,0.552
7288,CA-2016-149965,20160620,BS-11365,FUR-FU-10004270,LOC00337,Standard Class,57.69,3,0.0,23.6529
7289,CA-2014-158281,20140902,AG-10525,TEC-MA-10002210,LOC00015,Standard Class,559.71,3,0.4,-121.2705
7290,CA-2016-153661,20160130,SC-20725,OFF-ST-10000675,LOC00035,First Class,305.01,9,0.0,76.2525
7291,CA-2016-153661,20160130,SC-20725,OFF-BI-10004781,LOC00035,First Class,50.784,2,0.2,17.7744
7292,CA-2016-153661,20160130,SC-20725,OFF-LA-10004689,LOC00035,First Class,26.01,9,0.0,12.2247
7293,CA-2017-109183,20171204,LR-16915,TEC-MA-10001856,LOC00396,Standard Class,649.0,2,0.5,-272.58
7294,CA-2016-113656,20160123,CB-12415,FUR-FU-10000719,LOC00002,Standard Class,59.99,7,0.0,21.5964
7295,CA-2015-148964,20150526,RD-19900,FUR-FU-10003849,LOC00293,Standard Class,20.24,1,0.0,7.8936
7296,CA-2014-111899,20140504,NC-18340,OFF-AR-10001725,LOC00067,First Class,37.84,2,0.2,2.838
7297,CA-2014-111899,20140504,NC-18340,OFF-FA-10000840,LOC00067,First Class,5.472,6,0.2,1.8468
7298,CA-2015-101126,20150210,NB-18655,OFF-ST-10000943,LOC00106,Second Class,77.24,5,0.2,7.724
7299,CA-2014-163468,20141118,JK-15730,FUR-TA-10002533,LOC00562,First Class,292.1,4,0.5,-175.26
7300,CA-2014-163468,20141118,JK-15730,FUR-FU-10001546,LOC00562,First Class,8.544,2,0.6,-7.476
7301,CA-2014-163468,20141118,JK-15730,FUR-BO-10003546,LOC00562,First Class,424.116,6,0.3,-30.294
7302,CA-2014-163468,20141118,JK-15730,OFF-BI-10004728,LOC00562,First Class,2.892,3,0.8,-4.9164
7303,CA-2014-163468,20141118,JK-15730,OFF-ST-10000025,LOC00562,First Class,381.72,5,0.2,-66.801
7304,US-2017-117450,20170904,DO-13645,FUR-CH-10003817,LOC00252,Standard Class,97.184,2,0.2,6.074
7305,US-2017-117450,20170904,DO-13645,OFF-PA-10000289,LOC00252,Standard Class,10.368,2,0.2,3.6288
7306,CA-2014-137274,20140329,MG-18145,FUR-TA-10001889,LOC00303,Standard Class,890.841,3,0.3,-152.7156
7307,CA-2016-144092,20161105,LH-17155,TEC-AC-10002305,LOC00059,Second Class,72.0,4,0.0,12.96
7308,CA-2016-144092,20161105,LH-17155,FUR-CH-10004875,LOC00059,Second Class,113.888,2,0.2,9.9652
7309,CA-2016-144092,20161105,LH-17155,OFF-EN-10001434,LOC00059,Second Class,158.13,3,0.0,77.4837
7310,CA-2017-112172,20170610,MM-18280,OFF-FA-10004395,LOC00024,Second Class,14.13,3,0.0,0.7065
7311,CA-2015-121699,20150810,BD-11320,OFF-BI-10004632,LOC00084,Standard Class,64.75,5,0.0,29.1375
7312,CA-2015-162761,20151009,SC-20575,OFF-BI-10000145,LOC00329,Standard Class,1.872,2,0.7,-1.3104
7313,CA-2015-162761,20151009,SC-20575,OFF-BI-10002498,LOC00329,Standard Class,11.214,2,0.7,-8.5974
7314,CA-2015-162761,20151009,SC-20575,OFF-AR-10001761,LOC00329,Standard Class,37.376,8,0.2,7.4752
7315,CA-2016-121377,20160528,TN-21040,TEC-PH-10001817,LOC00139,Standard Class,286.4,1,0.2,25.06
7316,CA-2017-115322,20170511,ZC-21910,OFF-AR-10004456,LOC00024,Second Class,43.92,3,0.0,12.7368
7317,CA-2016-132066,20161016,NB-18655,FUR-TA-10001539,LOC00165,Standard Class,142.182,1,0.4,-37.9152
7318,CA-2017-158120,20171117,KH-16330,OFF-PA-10003205,LOC00589,Standard Class,19.608,3,0.2,6.6177
7319,CA-2017-158120,20171117,KH-16330,OFF-BI-10002813,LOC00589,Standard Class,4.158,7,0.7,-3.465
7320,CA-2017-100097,20171126,MN-17935,TEC-PH-10002310,LOC00030,Second Class,979.95,5,0.0,264.5865
7321,CA-2017-100097,20171126,MN-17935,FUR-FU-10003623,LOC00030,Second Class,135.3,5,0.0,37.884
7322,CA-2017-167626,20170903,MY-18295,OFF-PA-10003424,LOC00037,Standard Class,8.904,3,0.2,3.339
7323,CA-2017-167626,20170903,MY-18295,TEC-AC-10004353,LOC00037,Standard Class,100.8,2,0.2,21.42
7324,US-2017-126053,20171205,CS-11950,FUR-FU-10001934,LOC00024,First Class,41.96,2,0.0,10.9096
7325,US-2017-126053,20171205,CS-11950,OFF-LA-10003766,LOC00024,First Class,9.45,3,0.0,4.536
7326,US-2017-128447,20171110,MC-17845,OFF-AP-10004540,LOC00514,Standard Class,400.8,5,0.0,112.224
7327,US-2017-128447,20171110,MC-17845,OFF-BI-10001543,LOC00514,Standard Class,28.792,1,0.2,10.0772
7328,US-2014-131275,20140318,SC-20050,FUR-FU-10004597,LOC00590,Standard Class,111.0,2,0.0,14.43
7329,US-2014-131275,20140318,SC-20050,TEC-MA-10001148,LOC00590,Standard Class,1279.968,4,0.2,415.9896
7330,US-2014-131275,20140318,SC-20050,OFF-ST-10000078,LOC00590,Standard Class,1856.19,7,0.0,334.1142
7331,CA-2016-149349,20161112,SP-20650,FUR-FU-10001037,LOC00037,First Class,22.752,6,0.6,-8.532
7332,CA-2017-115119,20171026,SC-20440,TEC-PH-10001433,LOC00208,Standard Class,61.542,1,0.4,-13.3341
7333,CA-2017-115119,20171026,SC-20440,OFF-BI-10003007,LOC00208,Standard Class,81.438,7,0.7,-65.1504
7334,CA-2015-125563,20150411,PR-18880,FUR-FU-10001290,LOC00086,Standard Class,67.36,2,0.2,10.104
7335,CA-2015-125563,20150411,PR-18880,FUR-FU-10000087,LOC00086,Standard Class,54.528,3,0.2,14.3136
7336,CA-2015-113152,20151225,JK-15625,TEC-AC-10002049,LOC00024,Standard Class,843.9,2,0.0,371.316
7337,CA-2015-113152,20151225,JK-15625,FUR-BO-10002613,LOC00024,Standard Class,449.568,2,0.2,56.196
7338,CA-2017-165155,20170921,BM-11575,OFF-ST-10004950,LOC00063,First Class,15.51,1,0.0,3.8775
7339,CA-2014-163412,20141220,SM-20950,FUR-CH-10004875,LOC00046,Second Class,192.186,3,0.1,36.3018
7340,CA-2015-159590,20150718,KC-16255,OFF-AR-10003190,LOC00030,First Class,5.76,2,0.0,1.6128
7341,CA-2014-116190,20140726,SG-20470,FUR-CH-10000553,LOC00149,Standard Class,67.88,2,0.0,18.3276
7342,CA-2014-116190,20140726,SG-20470,OFF-LA-10002762,LOC00149,Standard Class,162.89,13,0.0,76.5583
7343,CA-2014-116190,20140726,SG-20470,FUR-FU-10000719,LOC00149,Standard Class,25.71,3,0.0,9.2556
7344,CA-2014-168473,20141226,TB-21520,OFF-ST-10000563,LOC00030,Standard Class,191.88,6,0.0,19.188
7345,CA-2017-168389,20171211,DV-13045,FUR-TA-10004289,LOC00134,Standard Class,721.875,6,0.45,-420.0
7346,CA-2017-168389,20171211,DV-13045,TEC-PH-10003555,LOC00134,Standard Class,73.568,4,0.2,-16.5528
7347,CA-2017-168389,20171211,DV-13045,OFF-AR-10001958,LOC00134,Standard Class,13.584,1,0.2,1.3584
7348,CA-2017-168389,20171211,DV-13045,FUR-CH-10000225,LOC00134,Standard Class,64.784,1,0.2,-12.147
7349,CA-2014-130421,20140303,SC-20020,OFF-AP-10002534,LOC00015,Standard Class,176.772,3,0.8,-459.6072
7350,CA-2017-142125,20171021,JB-15400,OFF-BI-10000301,LOC00202,Standard Class,38.82,6,0.0,19.41
7351,CA-2017-142125,20171021,JB-15400,OFF-BI-10003460,LOC00202,Standard Class,21.9,5,0.0,10.512
7352,CA-2017-141138,20171110,GH-14425,TEC-AC-10001772,LOC00591,Standard Class,111.79,7,0.0,43.5981
7353,CA-2017-152135,20170316,MG-17650,TEC-PH-10003505,LOC00347,Second Class,445.44,8,0.4,-81.664
7354,CA-2016-151974,20160922,RD-19660,OFF-LA-10004484,LOC00064,Standard Class,16.52,5,0.2,5.369
7355,CA-2017-154102,20170206,SN-20560,OFF-PA-10001593,LOC00010,Standard Class,29.9,5,0.0,13.455
7356,CA-2015-139780,20151231,AH-10690,OFF-BI-10004139,LOC00186,Second Class,116.4,8,0.0,52.38
7357,CA-2016-114748,20161009,MZ-17335,OFF-AR-10001315,LOC00052,Standard Class,1.408,1,0.2,0.1584
7358,CA-2016-114748,20161009,MZ-17335,FUR-FU-10001488,LOC00052,Standard Class,169.568,2,0.2,0.0
7359,US-2014-115189,20141230,AR-10345,TEC-PH-10002170,LOC00106,Second Class,251.964,6,0.4,-50.3928
7360,US-2014-115189,20141230,AR-10345,FUR-TA-10004575,LOC00106,Second Class,523.764,3,0.4,-192.0468
7361,CA-2016-163594,20160412,JF-15295,OFF-PA-10000809,LOC00002,First Class,19.44,3,0.0,9.3312
7362,CA-2016-163594,20160412,JF-15295,FUR-CH-10000225,LOC00002,First Class,194.352,3,0.2,-36.441
7363,CA-2016-163594,20160412,JF-15295,OFF-BI-10003707,LOC00002,First Class,36.624,3,0.2,13.734
7364,CA-2016-127243,20161128,DS-13180,TEC-PH-10004539,LOC00012,Standard Class,340.182,3,0.4,-73.7061
7365,CA-2016-127243,20161128,DS-13180,OFF-FA-10004076,LOC00012,Standard Class,12.672,8,0.2,2.6928
7366,CA-2016-127243,20161128,DS-13180,OFF-BI-10003166,LOC00012,Standard Class,6.888,2,0.7,-5.0512
7367,CA-2016-127243,20161128,DS-13180,OFF-ST-10002301,LOC00012,Standard Class,32.544,2,0.2,-7.7292
7368,CA-2016-127243,20161128,DS-13180,FUR-CH-10002647,LOC00012,Standard Class,347.802,7,0.3,-24.843
7369,CA-2017-161851,20170415,BP-11095,OFF-BI-10004654,LOC00124,First Class,15.57,3,0.7,-11.937
7370,CA-2015-110345,20150309,TG-21310,OFF-LA-10001175,LOC00315,Second Class,4.608,2,0.2,1.6704
7371,CA-2014-107769,20141028,BT-11395,TEC-PH-10001336,LOC00592,Standard Class,257.98,2,0.0,74.8142
7372,US-2017-123862,20170107,JF-15190,OFF-ST-10000760,LOC00107,Second Class,153.78,11,0.0,44.5962
7373,US-2017-123862,20170107,JF-15190,OFF-ST-10002301,LOC00107,Second Class,61.02,3,0.0,0.6102
7374,US-2017-123862,20170107,JF-15190,OFF-SU-10004884,LOC00107,Second Class,110.11,7,0.0,31.9319
7375,US-2017-123862,20170107,JF-15190,OFF-FA-10003112,LOC00107,Second Class,7.89,1,0.0,3.5505
7376,CA-2017-100580,20170813,MK-17905,OFF-BI-10000069,LOC00089,Standard Class,36.024,3,0.2,11.7078
7377,US-2017-145597,20171102,GG-14650,OFF-AR-10001958,LOC00051,First Class,54.336,4,0.2,5.4336
7378,CA-2014-132787,20140919,MC-18130,OFF-ST-10001321,LOC00061,Standard Class,92.52,6,0.0,24.9804
7379,CA-2015-136224,20150531,ML-18265,OFF-AR-10003504,LOC00307,Same Day,10.272,3,0.2,1.1556
7380,CA-2016-105732,20160913,AG-10270,OFF-ST-10000419,LOC00199,Standard Class,40.74,3,0.0,0.4074
7381,CA-2016-105732,20160913,AG-10270,OFF-LA-10004559,LOC00199,Standard Class,14.4,5,0.0,7.056
7382,CA-2016-105732,20160913,AG-10270,TEC-PH-10001644,LOC00199,Standard Class,149.95,5,0.0,41.986
7383,CA-2016-105732,20160913,AG-10270,OFF-SU-10004782,LOC00199,Standard Class,16.9,2,0.0,5.07
7384,CA-2016-105732,20160913,AG-10270,OFF-PA-10002250,LOC00199,Standard Class,17.61,3,0.0,8.4528
7385,CA-2016-105732,20160913,AG-10270,OFF-AP-10001394,LOC00199,Standard Class,378.0,2,0.0,136.08
7386,CA-2016-105732,20160913,AG-10270,OFF-PA-10001838,LOC00199,Standard Class,17.64,3,0.0,8.6436
7387,CA-2016-105732,20160913,AG-10270,OFF-ST-10004340,LOC00199,Standard Class,373.08,6,0.0,100.7316
7388,CA-2016-105732,20160913,AG-10270,FUR-FU-10003664,LOC00199,Standard Class,1336.44,14,0.0,387.5676
7389,CA-2016-105732,20160913,AG-10270,TEC-PH-10004897,LOC00199,Standard Class,29.97,3,0.0,0.2997
7390,CA-2017-108035,20171129,TT-21070,FUR-CH-10000454,LOC00429,Standard Class,390.368,2,0.2,48.796
7391,CA-2017-108035,20171129,TT-21070,FUR-FU-10004017,LOC00429,Standard Class,101.52,5,0.2,19.035
7392,CA-2017-160031,20171204,LT-16765,OFF-PA-10000241,LOC00324,Second Class,74.352,3,0.2,23.235
7393,CA-2017-147844,20170502,DD-13570,OFF-PA-10003016,LOC00014,Standard Class,15.7,5,0.0,7.065
7394,CA-2017-147844,20170502,DD-13570,OFF-AR-10001615,LOC00014,Standard Class,59.52,3,0.0,15.4752
7395,CA-2017-147844,20170502,DD-13570,OFF-PA-10002713,LOC00014,Standard Class,34.4,5,0.0,15.824
7396,CA-2016-110975,20161225,DB-12970,FUR-TA-10002958,LOC00024,Standard Class,313.176,2,0.4,-120.0508
7397,CA-2016-110975,20161225,DB-12970,FUR-CH-10003746,LOC00024,Standard Class,866.646,3,0.1,173.3292
7398,CA-2014-141649,20140930,DM-12955,OFF-AP-10003217,LOC00324,Same Day,795.408,6,0.2,59.6556
7399,CA-2014-124807,20140712,ME-17725,OFF-PA-10001526,LOC00027,Second Class,35.856,9,0.2,12.9978
7400,CA-2014-124807,20140712,ME-17725,TEC-AC-10002857,LOC00027,Second Class,23.84,4,0.2,3.278
7401,CA-2016-110009,20160908,TR-21325,FUR-FU-10003039,LOC00006,Standard Class,43.13,1,0.0,14.6642
7402,CA-2016-110009,20160908,TR-21325,OFF-PA-10002615,LOC00006,Standard Class,30.87,7,0.0,14.2002
7403,CA-2017-168172,20170806,SH-20395,OFF-SU-10002573,LOC00165,Standard Class,70.12,4,0.0,21.036
7404,CA-2015-100146,20150514,CB-12535,FUR-BO-10004015,LOC00588,Standard Class,509.9575,5,0.15,41.9965
7405,CA-2015-100146,20150514,CB-12535,FUR-FU-10001979,LOC00588,Standard Class,122.91,3,0.0,34.4148
7406,CA-2015-100146,20150514,CB-12535,FUR-CH-10003833,LOC00588,Standard Class,97.568,2,0.2,-6.098
7407,CA-2015-100146,20150514,CB-12535,FUR-CH-10004495,LOC00588,Standard Class,722.352,3,0.2,81.2646
7408,CA-2017-152079,20170120,ML-17410,OFF-LA-10001613,LOC00156,First Class,11.52,5,0.2,4.176
7409,CA-2016-129728,20160530,JG-15310,FUR-FU-10003247,LOC00004,Standard Class,167.84,8,0.0,11.7488
7410,CA-2014-121769,20140408,JS-15880,FUR-TA-10004442,LOC00214,Standard Class,172.11,1,0.4,-94.6605
7411,CA-2014-103058,20140723,AG-10270,TEC-AC-10001314,LOC00165,First Class,99.98,2,0.0,7.9984
7412,CA-2017-121125,20170530,MG-17890,TEC-PH-10001619,LOC00301,Standard Class,156.792,1,0.2,17.6391
7413,CA-2017-121125,20170530,MG-17890,TEC-AC-10002323,LOC00301,Standard Class,35.36,2,0.2,-3.094
7414,CA-2017-121125,20170530,MG-17890,FUR-FU-10000820,LOC00301,Standard Class,13.592,1,0.2,-0.3398
7415,US-2016-114013,20160313,SC-20770,FUR-CH-10004287,LOC00064,Second Class,386.68,2,0.3,-5.524
7416,US-2016-114013,20160313,SC-20770,TEC-AC-10000474,LOC00064,Second Class,379.96,5,0.2,47.495
7417,US-2016-114013,20160313,SC-20770,TEC-PH-10001494,LOC00064,Second Class,539.91,3,0.4,-116.9805
7418,US-2016-114013,20160313,SC-20770,OFF-PA-10004996,LOC00064,Second Class,41.24,5,0.2,13.9185
7419,US-2016-114013,20160313,SC-20770,OFF-BI-10004318,LOC00064,Second Class,51.897,1,0.7,-41.5176
7420,US-2016-114013,20160313,SC-20770,OFF-ST-10002574,LOC00064,Second Class,552.56,5,0.2,-138.14
7421,US-2016-114013,20160313,SC-20770,OFF-BI-10002353,LOC00064,Second Class,23.16,5,0.7,-15.44
7422,US-2016-114013,20160313,SC-20770,OFF-ST-10003641,LOC00064,Second Class,126.08,2,0.2,-28.368
7423,US-2016-114013,20160313,SC-20770,TEC-MA-10001148,LOC00064,Second Class,449.1,3,0.7,-643.71
7424,CA-2017-135069,20170410,BS-11755,OFF-AP-10000026,LOC00106,Standard Class,195.104,4,0.2,21.9492
7425,CA-2017-135069,20170410,BS-11755,FUR-FU-10003878,LOC00106,Standard Class,36.672,3,0.2,6.4176
7426,CA-2016-101693,20160625,LC-17140,FUR-CH-10001146,LOC00033,Second Class,85.246,2,0.3,-6.089
7427,CA-2016-101693,20160625,LC-17140,FUR-FU-10003919,LOC00033,Second Class,32.712,2,0.6,-26.1696
7428,US-2014-164763,20140317,MH-17440,OFF-BI-10000605,LOC00130,Standard Class,11.43,3,0.0,5.3721
7429,US-2014-164763,20140317,MH-17440,OFF-BI-10000309,LOC00130,Standard Class,30.44,2,0.0,14.9156
7430,US-2014-164763,20140317,MH-17440,OFF-PA-10003349,LOC00130,Standard Class,12.96,2,0.0,6.3504
7431,US-2014-164763,20140317,MH-17440,OFF-PA-10003063,LOC00130,Standard Class,16.0,4,0.0,7.68
7432,US-2014-164763,20140317,MH-17440,OFF-AP-10003971,LOC00130,Standard Class,32.67,3,0.0,8.4942
7433,CA-2014-161249,20140809,RD-19720,OFF-FA-10004838,LOC00052,Standard Class,4.464,3,0.2,-0.9486
7434,CA-2014-161249,20140809,RD-19720,OFF-BI-10001097,LOC00052,Standard Class,9.345,5,0.7,-6.5415
7435,CA-2015-148180,20150726,BP-11095,OFF-BI-10000605,LOC00570,Standard Class,9.144,3,0.2,3.0861
7436,CA-2015-148180,20150726,BP-11095,OFF-BI-10003314,LOC00570,Standard Class,23.136,6,0.2,8.3868
7437,CA-2015-148180,20150726,BP-11095,OFF-AR-10002067,LOC00570,Standard Class,99.2,5,0.0,25.792
7438,CA-2014-165568,20140215,BF-11020,OFF-BI-10001031,LOC00060,Standard Class,21.36,5,0.2,7.209
7439,CA-2015-145457,20150324,CP-12085,FUR-FU-10003832,LOC00473,Second Class,46.9,5,0.0,13.132
7440,US-2017-163657,20170902,JL-15235,OFF-BI-10000138,LOC00014,Standard Class,18.72,5,0.2,6.552
7441,US-2017-163657,20170902,JL-15235,FUR-TA-10004607,LOC00014,Standard Class,236.528,2,0.2,-2.9566
7442,CA-2015-120446,20151116,JG-15805,OFF-LA-10003148,LOC00189,First Class,18.9,3,0.0,8.694
7443,CA-2014-109932,20141209,VP-21760,OFF-PA-10001804,LOC00231,First Class,10.688,2,0.2,3.7408
7444,CA-2014-109932,20141209,VP-21760,OFF-ST-10000036,LOC00231,First Class,237.096,3,0.2,20.7459
7445,CA-2017-127474,20170203,RD-19810,OFF-PA-10001166,LOC00027,Second Class,5.184,1,0.2,1.8144
7446,CA-2017-127474,20170203,RD-19810,OFF-PA-10001033,LOC00027,Second Class,65.584,2,0.2,23.7742
7447,CA-2017-127474,20170203,RD-19810,FUR-FU-10004597,LOC00027,Second Class,22.2,1,0.6,-26.085
7448,CA-2017-127474,20170203,RD-19810,OFF-PA-10000418,LOC00027,Second Class,419.4,5,0.2,146.79
7449,CA-2017-115448,20171111,MH-18025,FUR-FU-10004090,LOC00366,First Class,88.92,5,0.2,14.4495
7450,CA-2017-105669,20170917,SJ-20125,OFF-AR-10000390,LOC00067,Second Class,9.912,3,0.2,3.2214
7451,CA-2017-105669,20170917,SJ-20125,FUR-CH-10003774,LOC00067,Second Class,318.43,5,0.3,-77.333
7452,CA-2017-105669,20170917,SJ-20125,OFF-BI-10002412,LOC00067,Second Class,5.8,5,0.8,-10.15
7453,CA-2017-105669,20170917,SJ-20125,TEC-PH-10002415,LOC00067,Second Class,1415.76,6,0.2,88.485
7454,CA-2017-134796,20170625,FM-14380,TEC-PH-10003505,LOC00432,Standard Class,148.48,2,0.2,16.704
7455,CA-2016-137743,20160730,KH-16360,OFF-LA-10003663,LOC00037,Standard Class,9.248,4,0.2,3.1212
7456,CA-2016-137743,20160730,KH-16360,OFF-ST-10001780,LOC00037,Standard Class,1036.624,2,0.2,51.8312
7457,CA-2015-137974,20150416,LL-16840,TEC-PH-10002033,LOC00181,First Class,569.64,2,0.0,148.1064
7458,CA-2015-137974,20150416,LL-16840,OFF-BI-10001036,LOC00181,First Class,9.14,1,0.0,4.57
7459,CA-2015-137974,20150416,LL-16840,FUR-FU-10001468,LOC00181,First Class,1196.86,7,0.0,119.686
7460,CA-2015-137974,20150416,LL-16840,FUR-BO-10001519,LOC00181,First Class,523.26,9,0.0,125.5824
7461,US-2015-136987,20150411,AR-10540,TEC-CO-10001943,LOC00026,Second Class,639.968,4,0.2,215.9892
7462,US-2015-136987,20150411,AR-10540,OFF-PA-10003127,LOC00026,Second Class,52.76,2,0.0,24.2696
7463,CA-2015-138485,20150227,NP-18670,TEC-AC-10002076,LOC00060,Second Class,538.92,9,0.0,80.838
7464,CA-2016-103709,20160908,LP-17095,OFF-AR-10003338,LOC00439,Standard Class,14.88,2,0.0,3.72
7465,CA-2016-103709,20160908,LP-17095,OFF-PA-10004610,LOC00439,Standard Class,34.24,8,0.0,15.408
7466,CA-2016-103709,20160908,LP-17095,OFF-ST-10001272,LOC00439,Standard Class,261.74,2,0.0,65.435
7467,CA-2016-138282,20160519,AH-10690,OFF-AP-10001366,LOC00142,Standard Class,87.84,8,0.0,23.7168
7468,CA-2017-148985,20171111,TB-21190,FUR-FU-10001424,LOC00063,Second Class,34.92,4,0.0,11.8728
7469,CA-2014-138100,20140915,AA-10315,OFF-PA-10000349,LOC00165,Standard Class,14.94,3,0.0,7.0218
7470,CA-2014-138100,20140915,AA-10315,FUR-FU-10002456,LOC00165,Standard Class,14.56,2,0.0,6.2608
7471,CA-2015-100734,20150915,AC-10615,OFF-BI-10002609,LOC00106,Standard Class,3.576,4,0.7,-2.8608
7472,CA-2015-100734,20150915,AC-10615,OFF-ST-10001522,LOC00106,Standard Class,147.184,2,0.2,-29.4368
7473,CA-2016-139997,20160701,EM-14140,TEC-CO-10000971,LOC00519,First Class,1499.95,5,0.0,449.985
7474,CA-2016-109652,20160410,QJ-19255,OFF-AR-10000034,LOC00156,Standard Class,13.568,4,0.2,3.2224
7475,CA-2014-167199,20140106,ME-17320,FUR-CH-10004063,LOC00001,Standard Class,2573.82,9,0.0,746.4078
7476,CA-2014-167199,20140106,ME-17320,OFF-BI-10004632,LOC00001,Standard Class,609.98,2,0.0,274.491
7477,CA-2014-167199,20140106,ME-17320,OFF-AR-10001662,LOC00001,Standard Class,5.48,2,0.0,1.4796
7478,CA-2014-167199,20140106,ME-17320,TEC-PH-10004977,LOC00001,Standard Class,391.98,2,0.0,113.6742
7479,CA-2014-167199,20140106,ME-17320,TEC-PH-10004539,LOC00001,Standard Class,755.96,4,0.0,204.1092
7480,CA-2014-167199,20140106,ME-17320,OFF-FA-10001883,LOC00001,Standard Class,31.12,4,0.0,0.3112
7481,CA-2014-167199,20140106,ME-17320,OFF-PA-10000955,LOC00001,Standard Class,6.54,1,0.0,3.0084
7482,CA-2016-124583,20160901,LB-16795,OFF-EN-10002500,LOC00126,Second Class,12.78,1,0.0,5.751
7483,CA-2014-113964,20140923,JP-16135,OFF-BI-10004654,LOC00165,Standard Class,18.464,4,0.2,6.924
7484,CA-2014-129938,20141215,EB-13705,FUR-CH-10003774,LOC00012,Second Class,445.802,7,0.3,-108.2662
7485,CA-2017-135111,20171228,CS-12400,OFF-AR-10004707,LOC00491,Standard Class,2.48,1,0.0,0.868
7486,CA-2017-135111,20171228,CS-12400,OFF-BI-10004040,LOC00491,Standard Class,25.9,5,0.0,12.691
7487,US-2015-134558,20151219,PM-19135,OFF-PA-10001184,LOC00356,Second Class,29.9,5,0.0,14.651
7488,US-2015-134558,20151219,PM-19135,TEC-AC-10004145,LOC00356,Second Class,2249.91,9,0.0,517.4793
7489,US-2015-134558,20151219,PM-19135,FUR-TA-10003473,LOC00356,Second Class,1053.164,4,0.3,-105.3164
7490,CA-2017-157196,20171105,AA-10645,OFF-PA-10003172,LOC00189,Standard Class,12.96,2,0.0,6.2208
7491,CA-2015-108672,20150910,FA-14230,FUR-FU-10003799,LOC00004,Standard Class,106.68,6,0.0,33.0708
7492,US-2017-118598,20171116,CM-12190,TEC-PH-10002583,LOC00551,Same Day,119.94,6,0.0,5.997
7493,US-2017-160836,20170911,CC-12475,OFF-PA-10004239,LOC00033,Standard Class,10.272,3,0.2,3.21
7494,US-2017-160836,20170911,CC-12475,FUR-TA-10002855,LOC00033,Standard Class,512.19,5,0.3,-65.853
7495,US-2017-160836,20170911,CC-12475,OFF-AP-10001626,LOC00033,Standard Class,1.556,2,0.8,-4.2012
7496,CA-2017-121048,20170714,TC-21295,OFF-BI-10004022,LOC00280,Standard Class,4.448,2,0.2,1.4456
7497,CA-2017-121048,20170714,TC-21295,FUR-FU-10003601,LOC00280,Standard Class,276.69,3,0.0,49.8042
7498,CA-2017-121048,20170714,TC-21295,OFF-FA-10000490,LOC00280,Standard Class,4.96,4,0.0,2.3312
7499,CA-2017-121048,20170714,TC-21295,OFF-AR-10004042,LOC00280,Standard Class,71.92,4,0.0,20.8568
7500,CA-2017-121048,20170714,TC-21295,FUR-FU-10002960,LOC00280,Standard Class,18.84,3,0.0,7.9128
7501,CA-2017-121048,20170714,TC-21295,TEC-AC-10000991,LOC00280,Standard Class,140.97,3,0.0,19.7358
7502,CA-2017-121048,20170714,TC-21295,TEC-PH-10004977,LOC00280,Standard Class,470.376,3,0.2,52.9173
7503,US-2017-120147,20170330,TB-21400,OFF-AR-10000817,LOC00002,Same Day,6.08,2,0.0,2.0672
7504,US-2017-120147,20170330,TB-21400,TEC-PH-10002447,LOC00002,Same Day,164.792,1,0.2,18.5391
7505,CA-2016-158043,20160131,JK-15325,OFF-EN-10003134,LOC00593,Second Class,23.36,2,0.0,11.68
7506,US-2017-106579,20170608,BW-11200,OFF-BI-10000309,LOC00302,Standard Class,12.176,4,0.8,-18.8728
7507,CA-2014-115889,20141102,SH-20395,TEC-PH-10001615,LOC00035,Standard Class,46.384,2,0.2,5.2182
7508,CA-2014-115889,20141102,SH-20395,OFF-ST-10003208,LOC00035,Standard Class,362.92,2,0.0,105.2468
7509,US-2017-161935,20170714,JL-15835,OFF-PA-10000605,LOC00048,Standard Class,9.248,2,0.2,3.3524
7510,US-2017-161935,20170714,JL-15835,TEC-PH-10000560,LOC00048,Standard Class,1889.946,9,0.4,-377.9892
7511,US-2017-161935,20170714,JL-15835,OFF-ST-10003455,LOC00048,Standard Class,62.04,5,0.2,4.653
7512,US-2017-161935,20170714,JL-15835,FUR-FU-10002937,LOC00048,Standard Class,396.92,5,0.2,148.845
7513,US-2017-161935,20170714,JL-15835,OFF-ST-10001837,LOC00048,Standard Class,239.456,7,0.2,17.9592
7514,US-2017-161935,20170714,JL-15835,OFF-AR-10004757,LOC00048,Standard Class,13.12,5,0.2,2.132
7515,US-2017-167920,20171209,JL-15835,OFF-BI-10004236,LOC00127,Second Class,29.36,2,0.0,13.5056
7516,US-2017-167920,20171209,JL-15835,OFF-AP-10000159,LOC00127,Second Class,214.9,5,0.0,62.321
7517,US-2017-167920,20171209,JL-15835,OFF-BI-10003274,LOC00127,Second Class,15.92,4,0.0,7.4824
7518,US-2017-167920,20171209,JL-15835,TEC-AC-10001013,LOC00127,Second Class,146.45,5,0.0,48.3285
7519,US-2017-167920,20171209,JL-15835,OFF-ST-10004963,LOC00127,Second Class,15.14,1,0.0,0.6056
7520,US-2017-167920,20171209,JL-15835,OFF-LA-10004409,LOC00127,Second Class,5.76,2,0.0,2.6496
7521,US-2017-167920,20171209,JL-15835,TEC-CO-10001046,LOC00127,Second Class,1399.98,2,0.0,629.991
7522,CA-2016-162383,20160905,MD-17350,OFF-BI-10002824,LOC00404,Standard Class,8.952,2,0.7,-7.46
7523,CA-2016-162383,20160905,MD-17350,OFF-BI-10001757,LOC00404,Standard Class,8.856,6,0.7,-6.4944
7524,CA-2016-162383,20160905,MD-17350,FUR-CH-10004477,LOC00404,Standard Class,85.246,2,0.3,-1.2178
7525,CA-2014-125731,20140910,CL-12565,OFF-EN-10003072,LOC00428,Standard Class,21.728,7,0.2,7.6048
7526,CA-2014-125731,20140910,CL-12565,FUR-CH-10003973,LOC00428,Standard Class,1487.04,5,0.2,148.704
7527,US-2017-106145,20170926,RA-19885,OFF-EN-10001028,LOC00010,Same Day,71.88,6,0.0,33.0648
7528,US-2017-106145,20170926,RA-19885,FUR-FU-10003829,LOC00010,Same Day,9.24,3,0.0,2.9568
7529,US-2017-106145,20170926,RA-19885,OFF-PA-10002245,LOC00010,Same Day,35.88,6,0.0,16.146
7530,US-2017-106145,20170926,RA-19885,OFF-BI-10002215,LOC00010,Same Day,17.04,3,0.2,5.538
7531,US-2017-106145,20170926,RA-19885,OFF-BI-10003925,LOC00010,Same Day,931.176,3,0.2,314.2719
7532,CA-2016-107146,20160617,LC-16885,FUR-FU-10002298,LOC00594,First Class,266.352,3,0.2,-13.3176
7533,CA-2016-107146,20160617,LC-16885,FUR-CH-10004853,LOC00594,First Class,483.136,4,0.2,54.3528
7534,US-2017-134642,20170225,SW-20245,FUR-CH-10002880,LOC00255,Standard Class,196.784,2,0.2,-22.1382
7535,US-2017-134642,20170225,SW-20245,FUR-BO-10004709,LOC00255,Standard Class,231.92,5,0.2,5.798
7536,US-2017-160143,20170331,HG-14965,OFF-SU-10004231,LOC00026,Standard Class,29.7,3,0.0,8.019
7537,CA-2017-103415,20171203,MV-17485,FUR-FU-10000820,LOC00017,Standard Class,13.592,2,0.6,-14.2716
7538,CA-2016-106460,20160219,GT-14710,OFF-PA-10001736,LOC00010,Second Class,70.88,2,0.0,33.3136
7539,US-2017-112347,20171202,BS-11380,OFF-ST-10003306,LOC00077,Standard Class,114.288,1,0.2,12.8574
7540,US-2017-112347,20171202,BS-11380,OFF-BI-10003707,LOC00077,Standard Class,36.624,8,0.7,-24.416
7541,US-2017-112347,20171202,BS-11380,FUR-BO-10003546,LOC00077,Standard Class,242.352,8,0.7,-363.528
7542,US-2017-112347,20171202,BS-11380,TEC-PH-10000213,LOC00077,Standard Class,49.616,2,0.2,4.9616
7543,US-2017-112347,20171202,BS-11380,FUR-FU-10001488,LOC00077,Standard Class,508.704,6,0.2,0.0
7544,US-2017-112347,20171202,BS-11380,TEC-PH-10004833,LOC00077,Standard Class,57.36,6,0.2,-14.34
7545,US-2017-112347,20171202,BS-11380,FUR-CH-10002335,LOC00077,Standard Class,906.68,5,0.2,68.001
7546,CA-2014-103492,20141010,CM-12715,TEC-PH-10001128,LOC00144,Standard Class,719.952,6,0.2,71.9952
7547,CA-2014-103492,20141010,CM-12715,TEC-PH-10004667,LOC00144,Standard Class,755.944,7,0.2,66.1451
7548,CA-2014-103492,20141010,CM-12715,OFF-BI-10004817,LOC00144,Standard Class,11.98,5,0.8,-19.168
7549,CA-2014-103492,20141010,CM-12715,OFF-BI-10004140,LOC00144,Standard Class,0.898,1,0.8,-1.5715
7550,CA-2016-136595,20160905,EM-13825,FUR-FU-10004671,LOC00067,First Class,21.204,3,0.6,-11.6622
7551,CA-2014-140396,20141120,KH-16330,OFF-EN-10002592,LOC00024,Standard Class,34.74,3,0.0,17.37
7552,CA-2014-140396,20141120,KH-16330,TEC-PH-10004447,LOC00024,Standard Class,833.94,6,0.0,216.8244
7553,CA-2014-140396,20141120,KH-16330,OFF-BI-10003669,LOC00024,Standard Class,12.96,3,0.2,4.536
7554,CA-2014-140396,20141120,KH-16330,OFF-PA-10000223,LOC00024,Standard Class,25.92,4,0.0,12.4416
7555,CA-2014-114181,20140510,AF-10885,FUR-BO-10004467,LOC00064,Second Class,349.965,7,0.5,-216.9783
7556,CA-2014-114181,20140510,AF-10885,OFF-AR-10000716,LOC00064,Second Class,22.32,5,0.2,5.301
7557,CA-2017-159506,20171127,JR-16210,OFF-PA-10003641,LOC00135,Standard Class,158.28,6,0.0,72.8088
7558,CA-2017-159506,20171127,JR-16210,OFF-BI-10004519,LOC00135,Standard Class,497.94,3,0.0,224.073
7559,US-2014-137155,20141101,DL-12925,OFF-AP-10002518,LOC00256,Standard Class,533.94,3,0.0,154.8426
7560,US-2014-137155,20141101,DL-12925,OFF-PA-10000806,LOC00256,Standard Class,167.94,3,0.0,82.2906
7561,US-2014-137155,20141101,DL-12925,FUR-FU-10003142,LOC00256,Standard Class,31.68,6,0.0,9.8208
7562,CA-2016-105746,20161230,BD-11605,FUR-CH-10000454,LOC00208,First Class,170.786,1,0.3,0.0
7563,US-2016-104815,20160903,RB-19570,FUR-BO-10003894,LOC00027,Standard Class,198.744,4,0.3,0.0
7564,CA-2017-157672,20171005,RB-19795,TEC-AC-10001714,LOC00077,First Class,63.824,2,0.2,13.5626
7565,US-2016-166660,20160130,TB-21250,FUR-CH-10001190,LOC00006,Second Class,435.168,4,0.2,-59.8356
7566,US-2016-166660,20160130,TB-21250,FUR-BO-10000468,LOC00006,Second Class,48.58,1,0.0,7.7728
7567,CA-2017-140802,20170421,KN-16390,TEC-AC-10001998,LOC00033,First Class,47.976,3,0.2,8.3958
7568,CA-2017-140802,20170421,KN-16390,OFF-PA-10001534,LOC00033,First Class,20.736,4,0.2,7.2576
7569,CA-2014-133830,20141205,RL-19615,OFF-AR-10003045,LOC00063,Standard Class,26.46,9,0.0,11.907
7570,CA-2014-133830,20141205,RL-19615,OFF-PA-10001363,LOC00063,Standard Class,49.12,4,0.0,23.0864
7571,CA-2014-133830,20141205,RL-19615,OFF-FA-10002280,LOC00063,Standard Class,15.0,3,0.0,7.2
7572,CA-2014-100916,20141021,FH-14275,OFF-ST-10003479,LOC00390,Standard Class,194.7,5,0.0,9.735
7573,CA-2014-100916,20141021,FH-14275,FUR-TA-10004607,LOC00390,Standard Class,591.32,4,0.0,112.3508
7574,CA-2014-100916,20141021,FH-14275,OFF-AR-10001022,LOC00390,Standard Class,2.84,1,0.0,0.8804
7575,CA-2015-129532,20151208,YS-21880,OFF-ST-10004186,LOC00002,Standard Class,221.96,2,0.0,4.4392
7576,CA-2015-129532,20151208,YS-21880,TEC-AC-10000865,LOC00002,Standard Class,236.0,4,0.0,40.12
7577,CA-2014-134726,20141102,SW-20755,TEC-AC-10000023,LOC00061,Second Class,41.94,2,0.0,15.0984
7578,CA-2014-134726,20141102,SW-20755,TEC-PH-10001750,LOC00061,Second Class,52.792,1,0.2,4.6193
7579,CA-2016-138597,20161218,PN-18775,FUR-CH-10004997,LOC00199,First Class,563.94,3,0.0,112.788
7580,CA-2015-123113,20151123,AT-10735,OFF-AP-10000275,LOC00093,Second Class,2625.12,8,0.0,735.0336
7581,CA-2015-123113,20151123,AT-10735,OFF-AR-10004999,LOC00093,Second Class,17.94,3,0.0,4.485
7582,CA-2015-169656,20150813,EJ-13720,OFF-ST-10003816,LOC00106,First Class,422.856,3,0.2,15.8571
7583,CA-2015-142734,20150416,DM-13345,FUR-CH-10003968,LOC00024,Standard Class,127.764,2,0.1,2.8392
7584,CA-2014-163223,20140321,KH-16690,TEC-PH-10000730,LOC00029,Standard Class,3499.93,7,0.0,909.9818
7585,CA-2014-163223,20140321,KH-16690,OFF-LA-10004409,LOC00029,Standard Class,14.4,5,0.0,6.624
7586,CA-2014-163223,20140321,KH-16690,OFF-PA-10000675,LOC00029,Standard Class,122.97,3,0.0,60.2553
7587,CA-2014-163223,20140321,KH-16690,OFF-AR-10001573,LOC00029,Standard Class,9.32,4,0.0,2.7028
7588,CA-2014-163223,20140321,KH-16690,OFF-BI-10001597,LOC00029,Standard Class,122.94,3,0.0,59.0112
7589,CA-2017-122945,20171116,MB-18085,FUR-FU-10001196,LOC00053,Standard Class,17.31,3,0.0,5.193
7590,CA-2015-139738,20150925,DK-12895,OFF-AR-10004602,LOC00229,Standard Class,128.744,7,0.2,12.8744
7591,CA-2016-158778,20160905,DB-13210,FUR-FU-10000260,LOC00064,Standard Class,58.248,9,0.2,11.6496
7592,CA-2016-158778,20160905,DB-13210,FUR-CH-10001146,LOC00064,Standard Class,71.246,2,0.3,-19.3382
7593,CA-2016-158778,20160905,DB-13210,OFF-AR-10000896,LOC00064,Standard Class,7.872,3,0.2,0.5904
7594,CA-2016-158778,20160905,DB-13210,FUR-CH-10000309,LOC00064,Standard Class,887.271,3,0.3,-63.3765
7595,CA-2017-119655,20170420,CV-12295,OFF-BI-10001989,LOC00152,Standard Class,146.86,7,0.0,70.4928
7596,CA-2017-119655,20170420,CV-12295,OFF-BI-10001036,LOC00152,Standard Class,36.56,4,0.0,18.28
7597,CA-2015-164567,20150615,GK-14620,TEC-PH-10002103,LOC00026,Standard Class,225.576,3,0.2,22.5576
7598,CA-2014-131947,20140917,JA-15970,OFF-AR-10001473,LOC00331,Standard Class,5.248,2,0.2,0.4592
7599,CA-2014-131947,20140917,JA-15970,OFF-AR-10000411,LOC00331,Standard Class,38.256,3,0.2,4.782
7600,CA-2014-131947,20140917,JA-15970,OFF-PA-10000246,LOC00331,Standard Class,40.24,5,0.2,13.078
7601,CA-2014-131947,20140917,JA-15970,TEC-MA-10004086,LOC00331,Standard Class,29.925,5,0.7,-21.945
7602,CA-2014-131947,20140917,JA-15970,OFF-PA-10003039,LOC00331,Standard Class,148.704,6,0.2,46.47
7603,CA-2014-131947,20140917,JA-15970,TEC-AC-10004633,LOC00331,Standard Class,55.92,10,0.2,16.776
7604,CA-2016-152520,20160708,TH-21115,OFF-PA-10000289,LOC00260,Standard Class,12.96,2,0.0,6.2208
7605,CA-2016-101791,20160527,BS-11665,FUR-FU-10003247,LOC00037,Standard Class,25.176,3,0.6,-33.3582
7606,CA-2016-101791,20160527,BS-11665,FUR-FU-10002191,LOC00037,Standard Class,5.584,2,0.6,-1.6752
7607,CA-2016-101791,20160527,BS-11665,OFF-ST-10001496,LOC00037,Standard Class,1297.368,9,0.2,97.3026
7608,CA-2017-121195,20171224,NS-18505,OFF-ST-10000585,LOC00078,First Class,264.32,2,0.2,19.824
7609,CA-2017-163209,20170503,MK-18160,OFF-PA-10001166,LOC00035,Standard Class,25.92,4,0.0,12.4416
7610,CA-2017-163209,20170503,MK-18160,OFF-AR-10003651,LOC00035,Standard Class,22.96,7,0.0,6.6584
7611,CA-2014-133354,20140222,SA-20830,OFF-PA-10001800,LOC00521,First Class,19.44,3,0.0,9.3312
7612,US-2015-130491,20150208,BH-11710,OFF-PA-10000791,LOC00592,First Class,9.54,2,0.0,4.293
7613,US-2015-130491,20150208,BH-11710,OFF-FA-10000134,LOC00592,First Class,5.81,1,0.0,1.8011
7614,US-2015-130491,20150208,BH-11710,OFF-AR-10001149,LOC00592,First Class,5.76,2,0.0,1.728
7615,CA-2015-113740,20150824,SC-20380,FUR-FU-10000010,LOC00046,Second Class,14.91,3,0.0,4.6221
7616,CA-2014-148425,20141130,RF-19345,OFF-BI-10000201,LOC00416,Standard Class,6.642,9,0.7,-4.428
7617,CA-2016-144309,20161210,CM-12235,OFF-PA-10001776,LOC00291,Standard Class,18.54,2,0.0,8.7138
7618,CA-2016-144309,20161210,CM-12235,OFF-BI-10003656,LOC00291,Standard Class,679.96,5,0.2,220.987
7619,CA-2017-151225,20171027,JM-15655,FUR-TA-10001539,LOC00004,First Class,189.576,1,0.2,9.4788
7620,CA-2017-151225,20171027,JM-15655,TEC-PH-10004100,LOC00004,First Class,71.96,5,0.2,7.196
7621,US-2014-144078,20141125,RB-19435,TEC-PH-10001580,LOC00026,Standard Class,539.92,5,0.2,47.243
7622,US-2014-144078,20141125,RB-19435,FUR-CH-10002335,LOC00026,Standard Class,725.344,4,0.2,54.4008
7623,US-2014-144078,20141125,RB-19435,OFF-AR-10004707,LOC00026,Standard Class,7.44,3,0.0,2.604
7624,CA-2014-124464,20140714,SS-20515,OFF-AP-10000576,LOC00286,Standard Class,39.48,1,0.0,11.0544
7625,CA-2015-136805,20150523,NM-18445,OFF-AP-10001394,LOC00152,Second Class,850.5,5,0.1,245.7
7626,CA-2015-136805,20150523,NM-18445,FUR-FU-10003724,LOC00152,Second Class,75.33,9,0.0,19.5858
7627,US-2015-159499,20151121,EM-14095,OFF-AP-10002867,LOC00052,Second Class,325.632,6,0.2,28.4928
7628,US-2015-159499,20151121,EM-14095,TEC-AC-10002718,LOC00052,Second Class,23.344,2,0.2,-1.459
7629,US-2015-159499,20151121,EM-14095,OFF-LA-10003121,LOC00052,Second Class,16.52,5,0.2,5.369
7630,CA-2014-162089,20140330,MP-17470,OFF-EN-10002230,LOC00231,First Class,335.72,5,0.2,113.3055
7631,CA-2014-162089,20140330,MP-17470,TEC-PH-10001819,LOC00231,First Class,251.944,7,0.2,88.1804
7632,CA-2014-162089,20140330,MP-17470,FUR-CH-10002304,LOC00231,First Class,127.302,7,0.3,-9.093
7633,US-2017-158526,20171229,KH-16360,FUR-CH-10002602,LOC00176,Second Class,1207.84,8,0.0,314.0384
7634,US-2017-158526,20171229,KH-16360,OFF-BI-10002414,LOC00176,Second Class,12.53,1,0.0,5.8891
7635,US-2017-158526,20171229,KH-16360,OFF-AR-10003696,LOC00176,Second Class,34.58,1,0.0,10.0282
7636,US-2017-158526,20171229,KH-16360,FUR-CH-10004495,LOC00176,Second Class,300.98,1,0.0,87.2842
7637,US-2017-158526,20171229,KH-16360,FUR-CH-10001270,LOC00176,Second Class,258.75,3,0.0,77.625
7638,CA-2017-104885,20170302,DB-13555,OFF-AR-10001615,LOC00286,Standard Class,59.52,3,0.0,15.4752
7639,CA-2017-104885,20170302,DB-13555,OFF-EN-10003286,LOC00286,Standard Class,57.96,7,0.0,27.2412
7640,CA-2017-104885,20170302,DB-13555,FUR-BO-10003660,LOC00286,Standard Class,441.96,2,0.0,101.6508
7641,CA-2017-104885,20170302,DB-13555,OFF-PA-10002764,LOC00286,Standard Class,68.04,6,0.0,33.3396
7642,US-2016-157490,20161006,LB-16795,TEC-MA-10001695,LOC00261,First Class,703.71,6,0.7,-938.28
7643,US-2016-157490,20161006,LB-16795,OFF-BI-10002824,LOC00261,First Class,17.904,4,0.7,-14.92
7644,US-2016-157490,20161006,LB-16795,OFF-BI-10002571,LOC00261,First Class,11.976,4,0.7,-9.1816
7645,US-2016-157490,20161006,LB-16795,TEC-AC-10001553,LOC00261,First Class,67.96,5,0.2,0.8495
7646,CA-2015-161452,20150405,CA-11965,FUR-CH-10003973,LOC00002,Standard Class,892.224,3,0.2,89.2224
7647,US-2014-115196,20140909,DL-12925,TEC-MA-10002073,LOC00255,Standard Class,1299.99,2,0.5,-571.9956
7648,CA-2016-138968,20160315,FC-14335,OFF-BI-10003529,LOC00095,First Class,4.544,2,0.2,1.6472
7649,CA-2016-138968,20160315,FC-14335,FUR-CH-10000309,LOC00095,First Class,1352.032,4,0.2,84.502
7650,CA-2015-101889,20151227,DB-13120,FUR-TA-10004154,LOC00369,Standard Class,1548.99,9,0.4,-464.697
7651,CA-2015-101889,20151227,DB-13120,OFF-EN-10003286,LOC00369,Standard Class,19.872,3,0.2,6.7068
7652,CA-2017-110821,20170807,CK-12205,TEC-AC-10001552,LOC00177,First Class,119.448,3,0.2,-13.4379
7653,CA-2017-110821,20170807,CK-12205,OFF-ST-10002790,LOC00177,First Class,118.16,2,0.2,-25.109
7654,CA-2015-121552,20150322,FW-14395,OFF-AR-10003217,LOC00365,Standard Class,19.56,4,0.0,5.4768
7655,CA-2015-107685,20151130,JM-15865,FUR-FU-10002813,LOC00122,Second Class,80.96,4,0.0,29.1456
7656,CA-2015-107685,20151130,JM-15865,OFF-PA-10003848,LOC00122,Second Class,25.92,4,0.0,12.4416
7657,US-2014-120740,20140415,PS-18970,OFF-AP-10000240,LOC00014,Same Day,106.96,2,0.0,31.0184
7658,US-2014-120740,20140415,PS-18970,FUR-FU-10004091,LOC00014,Same Day,187.76,4,0.0,76.9816
7659,CA-2017-155740,20170730,TC-21475,OFF-BI-10001071,LOC00347,First Class,76.776,4,0.7,-53.7432
7660,CA-2017-146493,20170601,CV-12805,OFF-BI-10003676,LOC00011,Standard Class,53.9,5,0.0,25.872
7661,CA-2014-105417,20140107,VS-21820,FUR-FU-10004864,LOC00144,Standard Class,76.728,3,0.6,-53.7096
7662,CA-2014-105417,20140107,VS-21820,OFF-BI-10003708,LOC00144,Standard Class,10.43,7,0.8,-18.2525
7663,US-2017-141509,20170929,SC-20575,OFF-AR-10002067,LOC00002,First Class,99.2,5,0.0,25.792
7664,CA-2017-139493,20170913,SG-20605,OFF-AR-10003158,LOC00197,Standard Class,15.92,5,0.2,2.786
7665,CA-2014-151967,20141022,NB-18580,FUR-FU-10000193,LOC00193,Standard Class,129.92,4,0.0,10.3936
7666,US-2016-140158,20161004,DR-12940,OFF-BI-10000977,LOC00260,Standard Class,30.4,1,0.0,13.984
7667,US-2016-140158,20161004,DR-12940,TEC-CO-10001449,LOC00260,Standard Class,5399.91,9,0.0,2591.9568
7668,US-2016-140158,20161004,DR-12940,OFF-ST-10000136,LOC00260,Standard Class,119.1,3,0.0,34.539
7669,CA-2015-130974,20151127,MA-17560,OFF-PA-10000743,LOC00290,Second Class,40.08,6,0.0,19.2384
7670,CA-2015-130974,20151127,MA-17560,OFF-PA-10001019,LOC00290,Second Class,59.94,3,0.0,28.1718
7671,CA-2015-130974,20151127,MA-17560,TEC-AC-10003095,LOC00290,Second Class,259.98,2,0.0,88.3932
7672,CA-2015-130974,20151127,MA-17560,FUR-BO-10002916,LOC00290,Second Class,170.98,1,0.0,32.4862
7673,CA-2015-130974,20151127,MA-17560,FUR-FU-10002506,LOC00290,Second Class,38.97,3,0.0,4.6764
7674,CA-2015-130974,20151127,MA-17560,OFF-PA-10003823,LOC00290,Second Class,154.9,5,0.0,69.705
7675,CA-2015-130974,20151127,MA-17560,FUR-TA-10004619,LOC00290,Second Class,446.068,4,0.3,0.0
7676,CA-2017-133487,20170506,TS-21655,OFF-AP-10001271,LOC00350,Second Class,152.94,3,0.0,41.2938
7677,CA-2014-142951,20141008,JG-15115,TEC-AC-10002331,LOC00044,Same Day,23.472,3,0.2,4.9878
7678,CA-2014-133592,20141231,KM-16375,OFF-PA-10003228,LOC00260,Standard Class,195.64,4,0.0,91.9508
7679,CA-2014-133592,20141231,KM-16375,OFF-PA-10002586,LOC00260,Standard Class,14.94,3,0.0,7.0218
7680,CA-2014-133592,20141231,KM-16375,TEC-AC-10002049,LOC00260,Standard Class,1687.8,4,0.0,742.632
7681,CA-2014-133592,20141231,KM-16375,FUR-BO-10000362,LOC00260,Standard Class,341.96,2,0.0,78.6508
7682,CA-2014-133592,20141231,KM-16375,FUR-CH-10004218,LOC00260,Standard Class,605.88,6,0.0,151.47
7683,CA-2015-120782,20150428,SD-20485,OFF-AP-10003779,LOC00375,First Class,186.732,1,0.1,41.496
7684,CA-2015-120782,20150428,SD-20485,OFF-BI-10003527,LOC00375,First Class,3812.97,3,0.0,1906.485
7685,CA-2015-116876,20150214,TT-21070,OFF-BI-10002897,LOC00145,Standard Class,26.424,9,0.2,9.5787
7686,CA-2015-116876,20150214,TT-21070,TEC-PH-10002584,LOC00145,Standard Class,625.99,1,0.0,187.797
7687,CA-2016-169838,20161125,BB-11545,FUR-TA-10001095,LOC00031,Standard Class,1568.61,9,0.0,329.4081
7688,CA-2016-169838,20161125,BB-11545,OFF-BI-10004002,LOC00031,Standard Class,17.3,1,0.0,8.304
7689,CA-2016-169838,20161125,BB-11545,TEC-AC-10004518,LOC00031,Standard Class,160.0,8,0.0,62.4
7690,US-2017-128951,20170715,RS-19420,OFF-AP-10002191,LOC00304,First Class,179.94,3,0.0,50.3832
7691,US-2017-128951,20170715,RS-19420,FUR-TA-10004575,LOC00304,First Class,872.94,3,0.0,157.1292
7692,US-2017-128951,20170715,RS-19420,OFF-PA-10003177,LOC00304,First Class,12.96,2,0.0,6.2208
7693,CA-2014-102330,20141229,AI-10855,OFF-LA-10003923,LOC00091,Standard Class,88.8,6,0.0,44.4
7694,CA-2014-102330,20141229,AI-10855,TEC-PH-10001051,LOC00091,Standard Class,319.968,4,0.2,35.9964
7695,CA-2016-118899,20160322,MC-17275,FUR-CH-10004754,LOC00006,Same Day,167.888,7,0.2,14.6902
7696,CA-2017-107958,20170702,AH-10120,OFF-PA-10000357,LOC00067,First Class,163.96,5,0.2,59.4355
7697,CA-2017-107958,20170702,AH-10120,OFF-BI-10001787,LOC00067,First Class,5.232,4,0.8,-8.1096
7698,CA-2017-151799,20171214,BF-11170,TEC-CO-10002313,LOC00129,Standard Class,1199.98,2,0.0,467.9922
7699,CA-2017-151799,20171214,BF-11170,OFF-ST-10002790,LOC00129,Standard Class,73.85,1,0.0,2.2155
7700,CA-2017-151799,20171214,BF-11170,OFF-SU-10001664,LOC00129,Standard Class,25.71,3,0.0,6.6846
7701,CA-2017-151799,20171214,BF-11170,OFF-FA-10001332,LOC00129,Standard Class,17.28,6,0.0,8.1216
7702,CA-2017-151799,20171214,BF-11170,FUR-TA-10003473,LOC00129,Standard Class,526.582,2,0.3,-52.6582
7703,CA-2016-114601,20160826,AA-10480,OFF-PA-10000605,LOC00152,Standard Class,11.56,2,0.0,5.6644
7704,CA-2016-114601,20160826,AA-10480,TEC-PH-10002170,LOC00152,Standard Class,209.97,3,0.0,58.7916
7705,CA-2016-114601,20160826,AA-10480,FUR-TA-10004147,LOC00152,Standard Class,447.84,4,0.0,98.5248
7706,CA-2016-114601,20160826,AA-10480,TEC-AC-10003911,LOC00152,Standard Class,479.97,3,0.0,163.1898
7707,CA-2016-114601,20160826,AA-10480,OFF-AR-10002578,LOC00152,Standard Class,8.64,3,0.0,2.5056
7708,CA-2017-100237,20171015,SV-20815,OFF-AR-10001761,LOC00013,Standard Class,11.68,2,0.0,4.2048
7709,CA-2014-139542,20141025,EH-14185,TEC-AC-10001553,LOC00075,Standard Class,40.776,3,0.2,0.5097
7710,CA-2014-139542,20141025,EH-14185,OFF-BI-10000309,LOC00075,Standard Class,13.698,3,0.7,-9.5886
7711,US-2015-142811,20150402,JL-15850,TEC-PH-10003095,LOC00155,Standard Class,87.8,5,0.2,32.925
7712,CA-2017-139353,20171028,JM-15250,FUR-FU-10001876,LOC00307,Second Class,77.952,3,0.2,15.5904
7713,CA-2017-139353,20171028,JM-15250,OFF-ST-10001522,LOC00307,Second Class,147.184,2,0.2,-29.4368
7714,CA-2017-139353,20171028,JM-15250,OFF-PA-10000300,LOC00307,Second Class,47.952,3,0.2,16.1838
7715,CA-2014-150203,20141205,JB-15925,OFF-AP-10001469,LOC00004,First Class,250.26,6,0.0,72.5754
7716,US-2017-101518,20171103,PB-19105,TEC-AC-10001553,LOC00012,Standard Class,40.776,3,0.2,0.5097
7717,CA-2015-149636,20150106,SP-20620,OFF-PA-10004041,LOC00098,Standard Class,29.6,5,0.2,9.25
7718,CA-2015-149636,20150106,SP-20620,OFF-BI-10002764,LOC00098,Standard Class,1.938,2,0.7,-1.3566
7719,US-2017-146213,20170909,MC-17605,TEC-AC-10001114,LOC00004,Standard Class,159.96,4,0.0,51.1872
7720,CA-2015-108588,20150105,BG-11695,OFF-AR-10001615,LOC00030,Standard Class,59.52,3,0.0,15.4752
7721,CA-2015-108588,20150105,BG-11695,OFF-EN-10000461,LOC00030,Standard Class,17.48,2,0.0,8.2156
7722,CA-2015-108588,20150105,BG-11695,OFF-BI-10004506,LOC00030,Standard Class,13.168,2,0.2,4.6088
7723,US-2017-138086,20170416,JO-15550,OFF-AP-10000027,LOC00010,Standard Class,40.74,3,0.0,12.222
7724,CA-2015-139374,20150910,AR-10345,FUR-CH-10003981,LOC00111,Standard Class,179.886,1,0.3,-2.5698
7725,CA-2016-113978,20160925,TS-21505,OFF-AP-10003849,LOC00178,Standard Class,286.256,1,0.2,17.891
7726,CA-2016-113978,20160925,TS-21505,OFF-ST-10004963,LOC00178,Standard Class,24.224,2,0.2,-4.8448
7727,CA-2016-113978,20160925,TS-21505,OFF-ST-10002574,LOC00178,Standard Class,331.536,3,0.2,-82.884
7728,US-2015-150231,20150316,JK-15640,OFF-AR-10001761,LOC00030,Second Class,17.52,3,0.0,6.3072
7729,CA-2016-106915,20161126,GA-14515,OFF-AR-10000716,LOC00295,Standard Class,17.856,4,0.2,4.2408
7730,US-2016-109260,20160926,TN-21040,TEC-AC-10002637,LOC00395,Standard Class,431.976,3,0.2,-75.5958
7731,CA-2017-104850,20170613,TW-21025,FUR-CH-10003774,LOC00006,Standard Class,291.136,4,0.2,-25.4744
7732,CA-2017-140508,20170918,PA-19060,OFF-EN-10000927,LOC00078,First Class,114.848,4,0.2,35.89
7733,CA-2017-143294,20170602,JD-15790,OFF-PA-10000743,LOC00033,Standard Class,10.688,2,0.2,3.7408
7734,CA-2016-165673,20160515,MN-17935,OFF-PA-10000697,LOC00158,Second Class,15.232,4,0.2,5.5216
7735,CA-2017-134418,20170915,GM-14500,OFF-AR-10004441,LOC00006,Standard Class,12.42,3,0.0,5.2164
7736,US-2016-106313,20160822,DG-13300,OFF-PA-10001870,LOC00060,Standard Class,19.44,3,0.0,9.3312
7737,CA-2014-105872,20140530,JG-15160,OFF-BI-10003684,LOC00024,Standard Class,70.368,4,0.2,26.388
7738,CA-2017-108287,20171218,AG-10330,OFF-AR-10001315,LOC00044,First Class,12.672,9,0.2,1.4256
7739,CA-2017-141103,20170730,JF-15355,TEC-PH-10003589,LOC00309,Standard Class,89.95,5,0.0,43.176
7740,CA-2014-154781,20141121,SC-20680,OFF-PA-10001609,LOC00095,Standard Class,6.58,2,0.0,3.0268
7741,CA-2014-154781,20141121,SC-20680,TEC-AC-10000474,LOC00095,Standard Class,94.99,1,0.0,28.497
7742,CA-2015-147816,20150924,CM-11935,TEC-PH-10003095,LOC00116,Second Class,35.12,2,0.2,13.17
7743,CA-2017-105326,20170820,KT-16480,OFF-PA-10001639,LOC00002,Standard Class,25.92,4,0.0,12.4416
7744,CA-2016-133613,20160617,CP-12340,OFF-BI-10002003,LOC00506,Standard Class,7.96,2,0.0,3.7412
7745,CA-2016-133613,20160617,CP-12340,TEC-PH-10004539,LOC00506,Standard Class,566.97,3,0.0,153.0819
7746,CA-2016-133613,20160617,CP-12340,OFF-AR-10003829,LOC00506,Standard Class,9.84,3,0.0,2.8536
7747,CA-2015-109113,20151219,EK-13795,TEC-AC-10004761,LOC00027,Standard Class,25.488,2,0.2,4.779
7748,CA-2015-156153,20150531,CW-11905,OFF-FA-10003472,LOC00256,Second Class,7.56,6,0.0,0.3024
7749,CA-2015-133242,20150618,KH-16510,FUR-FU-10003464,LOC00102,Standard Class,60.84,3,0.0,19.4688
7750,CA-2015-133242,20150618,KH-16510,OFF-ST-10003716,LOC00102,Standard Class,450.04,2,0.0,58.5052
7751,CA-2015-133242,20150618,KH-16510,OFF-BI-10004002,LOC00102,Standard Class,34.6,2,0.0,16.608
7752,CA-2015-133242,20150618,KH-16510,TEC-PH-10002496,LOC00102,Standard Class,467.97,3,0.0,140.391
7753,CA-2015-133242,20150618,KH-16510,OFF-BI-10004826,LOC00102,Standard Class,33.02,2,0.0,15.8496
7754,CA-2015-158323,20151130,AB-10600,FUR-FU-10001546,LOC00223,First Class,17.088,2,0.2,1.068
7755,CA-2015-161795,20151221,AH-10075,OFF-AR-10001919,LOC00048,Second Class,3.008,2,0.2,0.3384
7756,CA-2017-100902,20171117,CK-12595,OFF-PA-10002558,LOC00044,Standard Class,268.24,7,0.2,93.884
7757,CA-2017-100902,20171117,CK-12595,TEC-AC-10003174,LOC00044,Standard Class,431.16,5,0.2,107.79
7758,CA-2017-112844,20171113,SP-20620,TEC-PH-10003988,LOC00251,Second Class,43.6,4,0.0,12.208
7759,CA-2017-112844,20171113,SP-20620,FUR-FU-10004845,LOC00251,Second Class,154.95,3,0.0,30.99
7760,CA-2016-158925,20161024,JP-15460,OFF-PA-10003072,LOC00017,Standard Class,15.552,3,0.2,5.4432
7761,CA-2014-155390,20141206,BG-11035,OFF-PA-10003641,LOC00032,Standard Class,42.208,2,0.2,13.7176
7762,CA-2017-123071,20171203,CC-12550,OFF-PA-10003729,LOC00303,First Class,10.368,2,0.2,3.6288
7763,CA-2017-156391,20170926,SL-20155,OFF-AR-10003251,LOC00161,First Class,2.224,1,0.2,0.556
7764,CA-2015-103093,20150203,FO-14305,OFF-EN-10003286,LOC00113,Standard Class,74.52,9,0.0,35.0244
7765,US-2017-118941,20170812,BB-11545,OFF-AR-10004078,LOC00210,Same Day,17.52,3,0.0,5.256
7766,US-2017-118941,20170812,BB-11545,FUR-CH-10002331,LOC00210,Same Day,1779.9,5,0.0,373.779
7767,US-2017-118941,20170812,BB-11545,OFF-AR-10001953,LOC00210,Same Day,219.9,5,0.0,59.373
7768,CA-2015-169299,20150824,DO-13435,OFF-AR-10002053,LOC00041,First Class,7.152,3,0.2,0.7152
7769,CA-2017-154088,20171112,LB-16735,OFF-PA-10003651,LOC00395,Standard Class,26.72,5,0.2,9.352
7770,CA-2016-155978,20160801,TS-21205,TEC-PH-10002885,LOC00216,Same Day,1039.728,2,0.2,90.9762
7771,CA-2016-155978,20160801,TS-21205,OFF-AP-10002892,LOC00216,Same Day,45.96,2,0.0,13.788
7772,CA-2016-108196,20161125,CS-12505,OFF-BI-10000545,LOC00404,Standard Class,456.588,2,0.7,-304.392
7773,CA-2016-108196,20161125,CS-12505,TEC-MA-10000418,LOC00404,Standard Class,4499.985,5,0.7,-6599.978
7774,CA-2016-108196,20161125,CS-12505,TEC-AC-10000926,LOC00404,Standard Class,59.976,3,0.2,11.9952
7775,CA-2016-152800,20160413,SP-20920,OFF-EN-10001509,LOC00010,First Class,6.12,3,0.0,2.8764
7776,CA-2014-166961,20141227,CD-12790,OFF-AP-10001366,LOC00521,Standard Class,10.98,1,0.0,2.9646
7777,CA-2014-166961,20141227,CD-12790,OFF-FA-10003485,LOC00521,Standard Class,7.86,3,0.0,3.6156
7778,CA-2014-166961,20141227,CD-12790,OFF-ST-10004507,LOC00521,Standard Class,51.45,3,0.0,13.8915
7779,CA-2014-166961,20141227,CD-12790,OFF-BI-10002353,LOC00521,Standard Class,37.056,3,0.2,13.896
7780,CA-2016-139381,20160418,RF-19840,OFF-AP-10001271,LOC00338,Standard Class,203.92,4,0.0,55.0584
7781,CA-2016-139381,20160418,RF-19840,TEC-PH-10004924,LOC00338,Standard Class,29.56,4,0.0,7.9812
7782,CA-2015-132136,20150308,FO-14305,OFF-BI-10002706,LOC00037,Standard Class,8.568,3,0.8,-14.5656
7783,CA-2016-162236,20161104,ER-13855,OFF-ST-10003442,LOC00044,Second Class,45.248,2,0.2,3.9592
7784,CA-2016-162236,20161104,ER-13855,FUR-TA-10002533,LOC00044,Second Class,876.3,10,0.4,-292.1
7785,CA-2016-162236,20161104,ER-13855,OFF-SU-10003505,LOC00044,Second Class,185.376,2,0.2,-34.758
7786,US-2014-111353,20141129,PB-19150,OFF-LA-10002762,LOC00030,Standard Class,25.06,2,0.0,11.7782
7787,US-2016-117037,20160517,LW-17215,OFF-BI-10000279,LOC00156,First Class,2.89,1,0.8,-4.7685
7788,US-2016-117037,20160517,LW-17215,OFF-FA-10000936,LOC00156,First Class,7.896,3,0.2,2.4675
7789,US-2016-117037,20160517,LW-17215,FUR-FU-10004973,LOC00156,First Class,22.608,3,0.6,-10.1736
7790,US-2016-117037,20160517,LW-17215,OFF-PA-10000791,LOC00156,First Class,30.528,8,0.2,9.54
7791,CA-2017-160801,20170919,FG-14260,OFF-BI-10001132,LOC00075,Same Day,4.842,3,0.7,-3.3894
7792,CA-2016-108364,20161219,BP-11050,OFF-BI-10002012,LOC00037,Standard Class,1.8,5,0.8,-2.88
7793,CA-2017-169362,20171012,SP-20860,TEC-AC-10001383,LOC00163,First Class,39.984,2,0.2,-1.4994
7794,CA-2015-127481,20151212,JD-15895,OFF-PA-10002036,LOC00122,Second Class,32.4,5,0.0,15.876
7795,CA-2015-127481,20151212,JD-15895,OFF-PA-10002377,LOC00122,Second Class,97.88,2,0.0,48.94
7796,CA-2015-112711,20150712,FM-14380,TEC-PH-10000526,LOC00140,Standard Class,307.168,4,0.2,30.7168
7797,US-2015-145121,20151002,MP-17965,OFF-BI-10001078,LOC00265,Standard Class,26.9,5,0.0,13.181
7798,CA-2017-166184,20170324,HR-14830,OFF-EN-10004483,LOC00046,First Class,47.01,3,0.0,22.0947
7799,CA-2017-166184,20170324,HR-14830,TEC-PH-10002624,LOC00046,First Class,469.99,1,0.0,136.2971
7800,CA-2017-166184,20170324,HR-14830,FUR-CH-10003396,LOC00046,First Class,207.846,3,0.1,2.3094
7801,CA-2017-157413,20170601,BW-11065,OFF-ST-10002756,LOC00075,Standard Class,324.744,3,0.2,-77.1267
7802,CA-2014-143637,20140324,MS-17710,FUR-FU-10002813,LOC00254,Second Class,40.48,2,0.0,14.5728
7803,CA-2015-102260,20150922,SJ-20125,OFF-LA-10003714,LOC00079,Standard Class,12.0,4,0.2,4.2
7804,CA-2015-102260,20150922,SJ-20125,OFF-ST-10003716,LOC00079,Standard Class,720.064,4,0.2,-63.0056
7805,CA-2015-102260,20150922,SJ-20125,OFF-ST-10002289,LOC00079,Standard Class,25.424,1,0.2,-4.767
7806,CA-2015-102260,20150922,SJ-20125,OFF-AR-10001315,LOC00079,Standard Class,2.816,2,0.2,0.3168
7807,CA-2015-102260,20150922,SJ-20125,OFF-BI-10000042,LOC00079,Standard Class,3.204,2,0.7,-2.5632
7808,US-2016-137295,20160108,VS-21820,OFF-BI-10004236,LOC00315,Standard Class,30.828,7,0.7,-24.6624
7809,US-2016-137295,20160108,VS-21820,OFF-AR-10001955,LOC00315,Standard Class,47.616,3,0.2,5.952
7810,US-2016-137295,20160108,VS-21820,TEC-PH-10004080,LOC00315,Standard Class,108.784,2,0.2,10.8784
7811,CA-2016-134334,20160214,DK-13090,OFF-PA-10000791,LOC00235,First Class,4.77,1,0.0,2.1465
7812,CA-2016-134334,20160214,DK-13090,OFF-AR-10001770,LOC00235,First Class,7.98,3,0.0,2.0748
7813,CA-2016-134334,20160214,DK-13090,FUR-TA-10002356,LOC00235,First Class,550.431,3,0.3,-47.1798
7814,CA-2016-134334,20160214,DK-13090,FUR-FU-10003274,LOC00235,First Class,10.56,6,0.0,4.6464
7815,US-2017-109316,20170608,MG-17680,FUR-BO-10004834,LOC00014,First Class,1497.666,2,0.15,140.9568
7816,US-2017-109316,20170608,MG-17680,TEC-PH-10000307,LOC00014,First Class,17.52,2,0.2,-3.504
7817,CA-2016-138478,20161021,DP-13390,OFF-AR-10002240,LOC00284,Second Class,113.22,3,0.0,29.4372
7818,CA-2016-138478,20161021,DP-13390,OFF-PA-10001801,LOC00284,Second Class,35.88,6,0.0,17.5812
7819,CA-2016-138478,20161021,DP-13390,OFF-BI-10001120,LOC00284,Second Class,4535.976,3,0.2,1644.2913
7820,CA-2017-150469,20170126,CJ-12010,OFF-FA-10000611,LOC00010,Standard Class,11.84,8,0.0,5.6832
7821,CA-2017-152436,20171208,CW-11905,OFF-ST-10000036,LOC00482,Second Class,592.74,6,0.0,160.0398
7822,CA-2016-169334,20161021,GW-14605,OFF-ST-10004950,LOC00281,Second Class,111.672,9,0.2,6.9795
7823,US-2014-115413,20140826,PP-18955,OFF-AR-10003770,LOC00286,Standard Class,8.64,3,0.0,2.5056
7824,US-2014-115413,20140826,PP-18955,TEC-AC-10002800,LOC00286,Standard Class,149.97,3,0.0,52.4895
7825,CA-2014-125150,20140516,PW-19030,FUR-CH-10002439,LOC00002,Standard Class,232.88,5,0.2,17.466
7826,CA-2015-127327,20150203,PW-19030,FUR-CH-10004218,LOC00499,Standard Class,90.882,1,0.1,15.147
7827,CA-2017-117114,20171031,CY-12745,TEC-PH-10004042,LOC00027,Standard Class,508.768,4,0.2,38.1576
7828,CA-2017-117114,20171031,CY-12745,OFF-EN-10001137,LOC00027,Standard Class,9.912,3,0.2,3.2214
7829,CA-2015-137302,20150426,BW-11110,FUR-CH-10002017,LOC00189,Standard Class,63.936,3,0.2,6.3936
7830,CA-2015-137302,20150426,BW-11110,OFF-AR-10000588,LOC00189,Standard Class,59.52,3,0.0,15.4752
7831,CA-2015-137302,20150426,BW-11110,TEC-PH-10003174,LOC00189,Standard Class,311.976,3,0.2,38.997
7832,CA-2015-137302,20150426,BW-11110,OFF-BI-10001524,LOC00189,Standard Class,50.352,3,0.2,17.6232
7833,CA-2016-112382,20160509,MB-18085,TEC-PH-10001552,LOC00067,Standard Class,19.136,2,0.2,1.9136
7834,CA-2015-128958,20150124,CR-12820,OFF-AR-10004757,LOC00583,Standard Class,13.12,5,0.2,2.132
7835,CA-2015-106257,20150413,EB-14110,FUR-TA-10002530,LOC00063,Second Class,241.568,2,0.2,-15.098
7836,CA-2015-106257,20150413,EB-14110,TEC-PH-10001494,LOC00063,Second Class,479.92,2,0.2,41.993
7837,CA-2015-149083,20150925,SH-19975,FUR-CH-10004289,LOC00006,Standard Class,307.136,4,0.2,-11.5176
7838,CA-2015-149083,20150925,SH-19975,OFF-LA-10002945,LOC00006,Standard Class,12.6,2,0.0,5.796
7839,CA-2015-149083,20150925,SH-19975,TEC-AC-10002567,LOC00006,Standard Class,159.98,2,0.0,57.5928
7840,US-2014-137869,20140328,CV-12295,OFF-EN-10001509,LOC00194,Standard Class,6.12,3,0.0,2.8764
7841,US-2014-137869,20140328,CV-12295,FUR-TA-10003954,LOC00194,Standard Class,1184.72,4,0.0,106.6248
7842,CA-2016-116603,20160717,AT-10735,OFF-AP-10002892,LOC00024,Standard Class,45.96,2,0.0,13.788
7843,CA-2014-158470,20140419,AG-10390,OFF-BI-10003638,LOC00102,Second Class,58.05,3,0.0,26.703
7844,CA-2014-158470,20140419,AG-10390,OFF-PA-10001569,LOC00102,Second Class,71.28,11,0.0,34.2144
7845,US-2017-123834,20170721,GM-14500,FUR-TA-10001676,LOC00426,Standard Class,124.404,4,0.3,-21.3264
7846,CA-2015-125976,20150927,JK-15205,OFF-PA-10001125,LOC00102,Standard Class,154.9,5,0.0,69.705
7847,CA-2015-125976,20150927,JK-15205,TEC-PH-10002496,LOC00102,Standard Class,1871.88,12,0.0,561.564
7848,CA-2016-128706,20160227,DW-13540,FUR-FU-10004053,LOC00033,Standard Class,16.192,2,0.6,-6.8816
7849,CA-2016-104311,20160502,AS-10090,OFF-ST-10000321,LOC00275,Standard Class,18.936,3,0.2,-3.7872
7850,CA-2016-104311,20160502,AS-10090,OFF-ST-10002957,LOC00275,Standard Class,12.672,3,0.2,-3.168
7851,CA-2016-104311,20160502,AS-10090,OFF-LA-10000973,LOC00275,Standard Class,5.04,2,0.2,1.764
7852,CA-2014-169649,20141209,TS-21205,OFF-PA-10000143,LOC00156,Standard Class,8.448,2,0.2,2.9568
7853,CA-2014-169649,20141209,TS-21205,OFF-AP-10003287,LOC00156,Standard Class,20.388,2,0.8,-53.0088
7854,CA-2015-144890,20151225,SM-20320,OFF-PA-10001526,LOC00014,Standard Class,9.96,2,0.0,4.8804
7855,CA-2017-135587,20171207,BH-11710,OFF-AP-10004540,LOC00502,Standard Class,320.64,4,0.0,89.7792
7856,CA-2017-135587,20171207,BH-11710,TEC-AC-10001266,LOC00502,Standard Class,52.0,4,0.0,23.4
7857,CA-2014-103429,20140530,LW-16825,OFF-BI-10004233,LOC00024,First Class,25.584,2,0.2,8.9544
7858,CA-2014-103429,20140530,LW-16825,TEC-PH-10003505,LOC00024,First Class,464.0,5,0.0,134.56
7859,CA-2014-103429,20140530,LW-16825,OFF-AP-10001005,LOC00024,First Class,235.95,3,0.0,77.8635
7860,CA-2014-103429,20140530,LW-16825,OFF-PA-10001712,LOC00024,First Class,39.96,4,0.0,17.982
7861,CA-2017-152261,20170302,JA-15970,OFF-BI-10002353,LOC00244,Standard Class,18.528,4,0.7,-12.352
7862,CA-2015-142993,20151012,KA-16525,TEC-AC-10003038,LOC00006,Standard Class,17.9,2,0.0,3.401
7863,CA-2015-142993,20151012,KA-16525,OFF-ST-10000934,LOC00006,Standard Class,81.96,2,0.0,0.0
7864,CA-2015-143364,20150714,TG-21310,OFF-ST-10002743,LOC00155,Second Class,272.736,3,0.2,-64.7748
7865,CA-2015-143364,20150714,TG-21310,OFF-PA-10001846,LOC00155,Second Class,18.496,4,0.2,6.7048
7866,CA-2015-143364,20150714,TG-21310,FUR-CH-10004287,LOC00155,Second Class,441.92,2,0.2,49.716
7867,CA-2015-143364,20150714,TG-21310,FUR-BO-10001608,LOC00155,Second Class,127.764,6,0.7,-191.646
7868,CA-2014-100972,20141119,DB-13360,OFF-PA-10000357,LOC00364,Second Class,166.44,3,0.0,79.8912
7869,CA-2016-136994,20160527,LS-17245,OFF-PA-10000575,LOC00063,Standard Class,13.38,2,0.0,6.1548
7870,US-2017-166233,20170703,MO-17950,TEC-AC-10002167,LOC00223,Standard Class,24.0,2,0.2,-2.7
7871,CA-2017-122112,20170925,CA-11965,OFF-EN-10004459,LOC00347,Standard Class,24.448,4,0.2,8.8624
7872,CA-2016-101672,20161003,DB-12910,OFF-LA-10002271,LOC00548,Standard Class,6.16,2,0.0,2.9568
7873,CA-2016-101672,20161003,DB-12910,FUR-CH-10004063,LOC00548,Standard Class,915.136,4,0.2,102.9528
7874,CA-2016-101672,20161003,DB-12910,OFF-PA-10004610,LOC00548,Standard Class,8.56,2,0.0,3.852
7875,CA-2016-101672,20161003,DB-12910,OFF-PA-10001878,LOC00548,Standard Class,97.82,2,0.0,45.9754
7876,CA-2017-168403,20170909,DK-12835,OFF-PA-10002036,LOC00041,Standard Class,31.104,6,0.2,11.2752
7877,CA-2017-168403,20170909,DK-12835,OFF-AP-10003278,LOC00041,Standard Class,11.176,1,0.2,0.8382
7878,CA-2015-148705,20150312,EB-14170,OFF-LA-10001641,LOC00044,Standard Class,5.04,2,0.2,1.764
7879,CA-2016-160241,20161129,DR-12940,FUR-FU-10003806,LOC00174,Second Class,242.176,4,0.6,-302.72
7880,CA-2016-155747,20160614,JS-15685,FUR-TA-10003392,LOC00012,Standard Class,337.176,2,0.4,-118.0116
7881,CA-2017-118017,20171203,LC-16870,OFF-AR-10003856,LOC00462,Second Class,13.344,6,0.2,1.0008
7882,CA-2017-118017,20171203,LC-16870,TEC-AC-10002006,LOC00462,Second Class,76.752,6,0.2,10.5534
7883,CA-2017-118017,20171203,LC-16870,TEC-AC-10002006,LOC00462,Second Class,102.336,8,0.2,14.0712
7884,CA-2017-118017,20171203,LC-16870,OFF-PA-10002246,LOC00462,Second Class,10.32,2,0.2,3.741
7885,CA-2017-118017,20171203,LC-16870,OFF-SU-10004782,LOC00462,Second Class,47.32,7,0.2,5.915
7886,CA-2017-118017,20171203,LC-16870,FUR-FU-10004351,LOC00462,Second Class,23.376,3,0.2,7.0128
7887,CA-2017-118017,20171203,LC-16870,FUR-FU-10004270,LOC00462,Second Class,16.72,5,0.2,3.344
7888,CA-2017-118017,20171203,LC-16870,FUR-FU-10004053,LOC00462,Second Class,16.192,1,0.2,4.6552
7889,CA-2016-113117,20160816,JP-15520,OFF-PA-10000019,LOC00595,Standard Class,32.4,5,0.0,15.552
7890,CA-2016-148684,20161225,TS-21655,OFF-AR-10003811,LOC00146,Standard Class,19.89,9,0.0,5.3703
7891,CA-2016-148684,20161225,TS-21655,TEC-AC-10001838,LOC00146,Standard Class,399.98,2,0.0,171.9914
7892,CA-2016-148684,20161225,TS-21655,FUR-FU-10003553,LOC00146,Standard Class,343.85,5,0.0,137.54
7893,CA-2016-148684,20161225,TS-21655,OFF-PA-10003302,LOC00146,Standard Class,106.32,3,0.0,49.9704
7894,CA-2017-125367,20170723,NM-18445,OFF-BI-10002412,LOC00165,Standard Class,13.92,3,0.2,4.35
7895,CA-2017-124744,20170621,EH-14125,OFF-BI-10002852,LOC00596,Standard Class,82.4,5,0.0,40.376
7896,CA-2017-124744,20170621,EH-14125,OFF-BI-10000145,LOC00596,Standard Class,6.24,2,0.0,3.0576
7897,CA-2017-124744,20170621,EH-14125,OFF-PA-10001970,LOC00596,Standard Class,447.84,8,0.0,219.4416
7898,CA-2017-128363,20170813,DC-12850,OFF-AP-10001563,LOC00032,Standard Class,272.048,7,0.2,30.6054
7899,CA-2017-128363,20170813,DC-12850,OFF-BI-10001359,LOC00032,Standard Class,1614.582,6,0.7,-1237.8462
7900,CA-2017-128363,20170813,DC-12850,OFF-FA-10003495,LOC00032,Standard Class,24.32,5,0.2,9.12
7901,CA-2017-128363,20170813,DC-12850,TEC-AC-10003709,LOC00032,Standard Class,1.584,2,0.2,0.4752
7902,CA-2017-128363,20170813,DC-12850,FUR-FU-10003268,LOC00032,Standard Class,31.984,1,0.2,0.0
7903,CA-2017-128363,20170813,DC-12850,OFF-EN-10003845,LOC00032,Standard Class,14.76,5,0.2,4.797
7904,CA-2017-128363,20170813,DC-12850,FUR-CH-10002073,LOC00032,Standard Class,423.648,2,0.2,47.6604
7905,CA-2015-126669,20151107,DO-13645,OFF-PA-10001357,LOC00067,Standard Class,76.64,2,0.2,26.824
7906,US-2015-118766,20151015,LS-16975,OFF-EN-10001415,LOC00163,Standard Class,4.464,1,0.2,1.674
7907,US-2015-118766,20151015,LS-16975,OFF-BI-10002813,LOC00163,Standard Class,3.96,10,0.8,-6.93
7908,CA-2016-112585,20160730,RW-19630,OFF-AP-10003849,LOC00035,First Class,715.64,2,0.0,178.91
7909,CA-2016-149762,20161203,RD-19720,FUR-TA-10004147,LOC00597,Standard Class,268.704,3,0.2,6.7176
7910,CA-2016-149762,20161203,RD-19720,OFF-AR-10001662,LOC00597,Standard Class,21.92,8,0.0,5.9184
7911,CA-2016-149762,20161203,RD-19720,OFF-ST-10001558,LOC00597,Standard Class,48.72,3,0.0,7.308
7912,CA-2016-149762,20161203,RD-19720,FUR-BO-10001337,LOC00597,Standard Class,205.666,2,0.15,-12.098
7913,CA-2016-167605,20160428,RB-19570,FUR-FU-10001602,LOC00587,Second Class,30.344,2,0.6,-31.8612
7914,US-2017-105697,20170825,JE-15715,OFF-ST-10003996,LOC00178,First Class,25.696,2,0.2,1.9272
7915,CA-2017-165323,20170617,SR-20740,TEC-MA-10003673,LOC00024,Standard Class,3404.5,5,0.0,1668.205
7916,CA-2017-165323,20170617,SR-20740,TEC-AC-10004992,LOC00024,Standard Class,101.34,3,0.0,8.1072
7917,CA-2015-110891,20151120,PO-19195,FUR-CH-10002880,LOC00012,Standard Class,344.372,4,0.3,-93.4724
7918,CA-2017-100783,20170904,JK-16120,OFF-AR-10000380,LOC00211,Second Class,30.384,1,0.2,3.798
7919,CA-2015-152513,20150704,JP-16135,OFF-BI-10002706,LOC00143,Second Class,22.848,2,0.2,7.4256
7920,CA-2017-139822,20170915,Dp-13240,OFF-ST-10000943,LOC00506,Standard Class,38.62,2,0.0,10.8136
7921,CA-2017-139822,20170915,Dp-13240,TEC-AC-10001090,LOC00506,Standard Class,59.98,2,0.0,10.7964
7922,CA-2017-107713,20170313,JB-16000,OFF-BI-10002026,LOC00210,Standard Class,174.3,3,0.0,81.921
7923,CA-2017-134096,20170924,PP-18955,TEC-PH-10000526,LOC00476,Standard Class,383.96,5,0.2,38.396
7924,CA-2017-134096,20170924,PP-18955,OFF-BI-10004002,LOC00476,Standard Class,15.57,3,0.7,-11.418
7925,CA-2016-125843,20160813,RF-19840,OFF-BI-10002309,LOC00029,First Class,22.32,4,0.0,10.7136
7926,CA-2016-125843,20160813,RF-19840,OFF-LA-10003923,LOC00029,First Class,103.6,7,0.0,51.8
7927,CA-2017-120404,20171120,KH-16330,TEC-AC-10003433,LOC00046,Second Class,2.97,3,0.0,1.3365
7928,CA-2017-120404,20171120,KH-16330,TEC-PH-10001363,LOC00046,Second Class,569.99,1,0.0,170.997
7929,CA-2017-120404,20171120,KH-16330,FUR-FU-10000820,LOC00046,Second Class,50.97,3,0.0,9.1746
7930,CA-2017-167549,20170725,EM-14200,FUR-TA-10004767,LOC00163,First Class,298.116,6,0.3,-4.2588
7931,CA-2016-120082,20160325,DK-12835,OFF-AR-10001955,LOC00024,Second Class,59.52,3,0.0,17.856
7932,US-2016-168095,20160715,MC-17425,FUR-CH-10004886,LOC00041,Standard Class,230.28,3,0.2,23.028
7933,US-2016-168095,20160715,MC-17425,OFF-PA-10003641,LOC00041,Standard Class,105.52,5,0.2,34.294
7934,CA-2017-166093,20170817,RW-19540,OFF-EN-10003134,LOC00091,Standard Class,23.36,2,0.0,11.68
7935,CA-2017-166093,20170817,RW-19540,TEC-PH-10002564,LOC00091,Standard Class,71.976,3,0.2,8.997
7936,CA-2017-166093,20170817,RW-19540,OFF-PA-10003893,LOC00091,Standard Class,8.56,2,0.0,3.852
7937,CA-2017-166093,20170817,RW-19540,OFF-BI-10000174,LOC00091,Standard Class,13.92,3,0.2,4.872
7938,CA-2017-166093,20170817,RW-19540,OFF-AP-10001058,LOC00091,Standard Class,2518.29,9,0.0,654.7554
7939,CA-2017-166093,20170817,RW-19540,OFF-ST-10001496,LOC00091,Standard Class,540.57,3,0.0,140.5482
7940,CA-2017-166093,20170817,RW-19540,OFF-BI-10004230,LOC00091,Standard Class,221.056,8,0.2,77.3696
7941,CA-2016-146325,20161214,DS-13180,FUR-CH-10001146,LOC00089,First Class,81.424,2,0.2,-9.1602
7942,CA-2016-146325,20161214,DS-13180,OFF-ST-10001590,LOC00089,First Class,134.8,10,0.0,35.048
7943,CA-2017-134194,20171225,GA-14725,OFF-BI-10003684,LOC00177,Standard Class,39.582,9,0.8,-59.373
7944,CA-2017-134194,20171225,GA-14725,OFF-SU-10000946,LOC00177,Standard Class,44.688,7,0.2,5.0274
7945,CA-2017-134194,20171225,GA-14725,OFF-AR-10001615,LOC00177,Standard Class,31.744,2,0.2,2.3808
7946,CA-2017-134194,20171225,GA-14725,OFF-BI-10001597,LOC00177,Standard Class,40.98,5,0.8,-65.568
7947,CA-2017-134194,20171225,GA-14725,OFF-BI-10001116,LOC00177,Standard Class,3.168,3,0.8,-5.0688
7948,CA-2014-131009,20140301,SC-20380,OFF-FA-10004395,LOC00295,Standard Class,18.84,5,0.2,-3.5325
7949,CA-2014-131009,20140301,SC-20380,FUR-CH-10001270,LOC00295,Standard Class,362.25,6,0.3,0.0
7950,CA-2014-131009,20140301,SC-20380,FUR-FU-10001095,LOC00295,Standard Class,63.552,6,0.6,-34.9536
7951,CA-2014-131009,20140301,SC-20380,OFF-ST-10001469,LOC00295,Standard Class,129.552,3,0.2,-22.6716
7952,CA-2015-145814,20151119,KD-16345,OFF-BI-10003196,LOC00046,Standard Class,5.984,2,0.2,2.244
7953,CA-2015-145814,20151119,KD-16345,TEC-PH-10002200,LOC00046,Standard Class,861.76,4,0.0,249.9104
7954,CA-2014-138359,20140401,KH-16330,OFF-ST-10000636,LOC00443,Standard Class,66.96,4,0.0,2.6784
7955,CA-2014-138359,20140401,KH-16330,OFF-BI-10000145,LOC00443,Standard Class,6.24,2,0.0,3.0576
7956,CA-2017-131807,20171005,GG-14650,FUR-CH-10001190,LOC00550,Standard Class,435.168,4,0.2,-59.8356
7957,CA-2017-131807,20171005,GG-14650,OFF-FA-10002780,LOC00550,Standard Class,14.9,5,0.0,6.854
7958,CA-2017-131807,20171005,GG-14650,OFF-AP-10004052,LOC00550,Standard Class,15.8,4,0.0,4.108
7959,CA-2017-131807,20171005,GG-14650,FUR-FU-10004666,LOC00550,Standard Class,72.9,5,0.0,26.973
7960,CA-2017-131807,20171005,GG-14650,FUR-TA-10004086,LOC00550,Standard Class,206.352,3,0.2,5.1588
7961,CA-2017-131807,20171005,GG-14650,TEC-PH-10000702,LOC00550,Standard Class,7.992,1,0.2,2.6973
7962,CA-2017-104864,20171118,JS-15685,OFF-ST-10002301,LOC00475,Second Class,81.36,5,0.2,-19.323
7963,CA-2017-104864,20171118,JS-15685,OFF-BI-10001636,LOC00475,Second Class,20.232,8,0.7,-16.1856
7964,CA-2017-104864,20171118,JS-15685,OFF-AP-10002684,LOC00475,Second Class,389.056,4,0.2,48.632
7965,CA-2017-104864,20171118,JS-15685,OFF-PA-10004609,LOC00475,Second Class,20.736,4,0.2,7.2576
7966,CA-2017-104864,20171118,JS-15685,OFF-PA-10003309,LOC00475,Second Class,41.472,8,0.2,14.5152
7967,CA-2015-138219,20150323,BP-11095,OFF-PA-10000380,LOC00014,Standard Class,33.36,4,0.0,16.68
7968,CA-2016-157707,20161010,CC-12610,FUR-BO-10001567,LOC00077,First Class,90.882,3,0.7,-190.8522
7969,CA-2016-157707,20161010,CC-12610,TEC-PH-10002583,LOC00077,First Class,15.992,1,0.2,-2.9985
7970,CA-2016-157707,20161010,CC-12610,FUR-CH-10004853,LOC00077,First Class,120.784,1,0.2,13.5882
7971,US-2015-126753,20150816,SP-20860,TEC-PH-10003580,LOC00064,Standard Class,519.792,4,0.4,-112.6216
7972,US-2015-126753,20150816,SP-20860,TEC-AC-10004227,LOC00064,Standard Class,31.176,3,0.2,-5.4558
7973,US-2015-126753,20150816,SP-20860,OFF-PA-10002787,LOC00064,Standard Class,10.368,2,0.2,3.6288
7974,US-2015-126753,20150816,SP-20860,OFF-BI-10003981,LOC00064,Standard Class,2.724,2,0.7,-1.9068
7975,US-2015-126753,20150816,SP-20860,FUR-FU-10001488,LOC00064,Standard Class,254.352,3,0.2,0.0
7976,US-2015-126753,20150816,SP-20860,OFF-BI-10003727,LOC00064,Standard Class,3.762,3,0.7,-2.7588
7977,US-2015-126753,20150816,SP-20860,OFF-PA-10000130,LOC00064,Standard Class,10.272,3,0.2,3.21
7978,CA-2014-166051,20140531,JK-15625,TEC-PH-10002680,LOC00130,Standard Class,659.97,3,0.0,197.991
7979,CA-2014-166051,20140531,JK-15625,TEC-PH-10002538,LOC00130,Standard Class,113.73,3,0.0,32.9817
7980,CA-2015-113040,20150827,CC-12100,OFF-BI-10001249,LOC00063,Standard Class,5.104,1,0.2,1.6588
7981,CA-2014-103800,20140103,DP-13000,OFF-PA-10000174,LOC00015,Standard Class,16.448,2,0.2,5.5512
7982,CA-2014-113383,20140910,SF-20065,OFF-AP-10004532,LOC00598,First Class,81.92,4,0.0,22.1184
7983,CA-2014-113383,20140910,SF-20065,FUR-FU-10001986,LOC00598,First Class,254.9,5,0.0,76.47
7984,CA-2017-152499,20170122,EH-13765,OFF-FA-10002975,LOC00037,Second Class,15.12,5,0.2,4.914
7985,CA-2017-152499,20170122,EH-13765,OFF-AR-10003481,LOC00037,Second Class,7.872,3,0.2,0.8856
7986,CA-2016-151498,20160421,DN-13690,OFF-BI-10004967,LOC00061,First Class,8.32,5,0.2,2.808
7987,CA-2016-137939,20160720,PJ-19015,TEC-PH-10003589,LOC00256,Second Class,89.95,5,0.0,43.176
7988,US-2016-117793,20160823,MA-17560,OFF-LA-10002945,LOC00599,Standard Class,25.2,4,0.0,11.592
7989,US-2016-117793,20160823,MA-17560,OFF-LA-10003537,LOC00599,Standard Class,37.59,3,0.0,17.6673
7990,US-2016-117793,20160823,MA-17560,OFF-ST-10002406,LOC00599,Standard Class,14.97,1,0.0,4.1916
7991,US-2016-117793,20160823,MA-17560,TEC-AC-10003433,LOC00599,Standard Class,1.98,2,0.0,0.891
7992,CA-2016-133872,20160614,VM-21835,OFF-BI-10002082,LOC00220,First Class,39.936,4,0.7,-26.624
7993,CA-2016-133872,20160614,VM-21835,TEC-AC-10000521,LOC00220,First Class,18.464,2,0.2,2.308
7994,US-2015-165743,20151120,MM-18055,OFF-BI-10001982,LOC00043,Second Class,4.896,3,0.7,-3.4272
7995,US-2015-165743,20151120,MM-18055,FUR-BO-10002268,LOC00043,Second Class,145.764,6,0.7,-247.7988
7996,US-2015-165743,20151120,MM-18055,OFF-BI-10001758,LOC00043,Second Class,9.612,6,0.7,-7.3692
7997,US-2017-105998,20171103,CR-12580,TEC-AC-10004469,LOC00089,First Class,199.75,5,0.0,87.89
7998,US-2017-105998,20171103,CR-12580,FUR-TA-10001095,LOC00089,First Class,1673.184,12,0.2,20.9148
7999,US-2014-148194,20140504,BS-11365,FUR-FU-10001852,LOC00060,First Class,12.18,7,0.0,3.8976
8000,US-2014-148194,20140504,BS-11365,OFF-AP-10000696,LOC00060,First Class,57.68,4,0.0,19.0344
8001,US-2015-151407,20151108,RD-19585,TEC-PH-10003885,LOC00446,Standard Class,263.96,4,0.0,76.5484
8002,CA-2015-110870,20151212,KD-16270,TEC-AC-10002926,LOC00004,First Class,299.94,6,0.0,128.9742
8003,CA-2015-110870,20151212,KD-16270,OFF-SU-10001225,LOC00004,First Class,25.76,7,0.0,0.5152
8004,CA-2014-143210,20141201,AA-10645,TEC-PH-10004434,LOC00112,First Class,271.9,2,0.0,78.851
8005,CA-2014-143210,20141201,AA-10645,FUR-FU-10003878,LOC00112,First Class,45.84,3,0.0,15.5856
8006,CA-2014-143210,20141201,AA-10645,FUR-FU-10002268,LOC00112,First Class,9.82,2,0.0,3.2406
8007,CA-2016-139808,20161007,MC-18100,OFF-FA-10001883,LOC00160,Standard Class,93.36,12,0.0,0.9336
8008,CA-2015-110863,20151117,AA-10645,OFF-ST-10002756,LOC00337,Standard Class,541.24,4,0.0,5.4124
8009,CA-2015-110863,20151117,AA-10645,OFF-PA-10000474,LOC00337,Standard Class,106.32,3,0.0,49.9704
8010,CA-2015-110863,20151117,AA-10645,FUR-CH-10002073,LOC00337,Standard Class,1323.9,5,0.0,383.931
8011,CA-2014-127859,20140317,QJ-19255,OFF-PA-10003641,LOC00064,Second Class,126.624,6,0.2,41.1528
8012,US-2015-136427,20150620,JM-16195,TEC-PH-10002070,LOC00043,First Class,125.944,7,0.2,15.743
8013,CA-2017-120168,20170525,TB-21625,OFF-BI-10004519,LOC00030,Same Day,663.92,5,0.2,207.475
8014,CA-2017-120168,20170525,TB-21625,TEC-AC-10002167,LOC00030,Same Day,120.0,8,0.0,13.2
8015,CA-2017-120168,20170525,TB-21625,OFF-FA-10000936,LOC00030,Same Day,3.29,1,0.0,1.4805
8016,CA-2017-120168,20170525,TB-21625,FUR-FU-10000732,LOC00030,Same Day,18.84,3,0.0,6.0288
8017,US-2014-131870,20140909,NF-18595,FUR-FU-10002501,LOC00404,First Class,60.672,6,0.2,12.8928
8018,US-2014-131870,20140909,NF-18595,OFF-AR-10000634,LOC00404,First Class,30.816,9,0.2,2.6964
8019,CA-2017-114804,20171017,BF-11020,TEC-PH-10001700,LOC00591,Second Class,52.792,1,0.2,4.6193
8020,CA-2017-167227,20171102,NP-18670,OFF-AP-10001962,LOC00359,First Class,83.9,10,0.0,20.975
8021,CA-2017-167227,20171102,NP-18670,OFF-PA-10001838,LOC00359,First Class,11.76,2,0.0,5.7624
8022,CA-2014-129189,20140721,HM-14860,OFF-AP-10000124,LOC00163,Standard Class,4.992,3,0.8,-12.9792
8023,CA-2014-129189,20140721,HM-14860,OFF-EN-10003567,LOC00163,Standard Class,87.92,5,0.2,29.673
8024,CA-2014-129189,20140721,HM-14860,FUR-CH-10004997,LOC00163,Standard Class,657.93,5,0.3,-93.99
8025,CA-2014-129189,20140721,HM-14860,OFF-BI-10000494,LOC00163,Standard Class,1.044,1,0.8,-1.827
8026,CA-2015-132465,20150911,DM-13525,FUR-FU-10000277,LOC00046,Second Class,210.68,2,0.0,50.5632
8027,CA-2015-132465,20150911,DM-13525,OFF-ST-10003641,LOC00046,Second Class,78.8,1,0.0,1.576
8028,CA-2015-132465,20150911,DM-13525,TEC-AC-10001998,LOC00046,Second Class,19.99,1,0.0,6.7966
8029,CA-2015-132465,20150911,DM-13525,OFF-ST-10001932,LOC00046,Second Class,772.68,4,0.0,108.1752
8030,CA-2016-166373,20161021,JF-15565,TEC-AC-10002323,LOC00066,Standard Class,106.08,6,0.2,-9.282
8031,CA-2016-158806,20160107,NM-18520,FUR-FU-10004270,LOC00140,Standard Class,23.076,3,0.6,-10.9611
8032,CA-2016-158806,20160107,NM-18520,OFF-PA-10004621,LOC00140,Standard Class,25.92,5,0.2,9.072
8033,CA-2015-119690,20150625,MV-17485,OFF-PA-10001019,LOC00017,First Class,47.952,3,0.2,16.1838
8034,CA-2015-119690,20150625,MV-17485,OFF-BI-10000201,LOC00017,First Class,0.984,2,0.8,-1.476
8035,CA-2015-119690,20150625,MV-17485,FUR-FU-10004587,LOC00017,First Class,75.384,9,0.6,-20.7306
8036,CA-2015-119690,20150625,MV-17485,OFF-LA-10001613,LOC00017,First Class,4.608,2,0.2,1.6704
8037,CA-2015-153738,20150920,AG-10270,OFF-BI-10001308,LOC00129,First Class,37.68,6,0.0,16.956
8038,CA-2017-169012,20170710,BF-11275,OFF-AP-10003278,LOC00113,Standard Class,41.91,3,0.0,10.8966
8039,CA-2017-109393,20170630,JC-15775,FUR-BO-10003966,LOC00004,Second Class,435.999,3,0.15,5.1294
8040,CA-2017-121489,20170821,CM-11815,FUR-CH-10004698,LOC00061,Second Class,388.704,6,0.2,38.8704
8041,CA-2017-121489,20170821,CM-11815,OFF-ST-10000025,LOC00061,Second Class,572.58,6,0.0,34.3548
8042,CA-2017-121489,20170821,CM-11815,TEC-AC-10000682,LOC00061,Second Class,33.18,2,0.0,11.613
8043,US-2017-133081,20170311,PV-18985,TEC-AC-10001772,LOC00566,Standard Class,63.88,4,0.0,24.9132
8044,US-2017-133081,20170311,PV-18985,FUR-FU-10001379,LOC00566,Standard Class,26.72,1,0.0,11.7568
8045,CA-2017-165008,20170915,DO-13645,OFF-BI-10002794,LOC00364,Second Class,295.056,9,0.2,106.9578
8046,CA-2016-145611,20160920,HA-14905,OFF-AP-10001005,LOC00046,Standard Class,393.25,5,0.0,129.7725
8047,CA-2016-113600,20161215,SH-20395,OFF-BI-10000201,LOC00244,Second Class,2.214,3,0.7,-1.476
8048,CA-2017-130834,20171103,JM-16195,OFF-PA-10003673,LOC00125,Second Class,16.272,3,0.2,5.2884
8049,CA-2016-168543,20160703,DK-13225,OFF-AP-10000938,LOC00046,Standard Class,706.86,7,0.0,197.9208
8050,CA-2014-144974,20140926,CM-12715,OFF-BI-10003274,LOC00012,Standard Class,5.97,5,0.7,-4.577
8051,CA-2014-144974,20140926,CM-12715,FUR-FU-10001095,LOC00012,Standard Class,21.184,1,0.2,4.7664
8052,CA-2014-144974,20140926,CM-12715,OFF-AP-10001492,LOC00012,Standard Class,41.376,6,0.2,3.1032
8053,CA-2014-109904,20140714,BF-10975,OFF-AR-10004999,LOC00030,Second Class,17.94,3,0.0,4.485
8054,CA-2017-152205,20170928,SF-20965,OFF-BI-10004094,LOC00064,Standard Class,2.655,1,0.7,-1.8585
8055,CA-2015-121188,20150828,CB-12025,OFF-ST-10001490,LOC00014,Standard Class,892.35,5,0.0,267.705
8056,CA-2015-121188,20150828,CB-12025,FUR-BO-10004695,LOC00014,Standard Class,307.666,2,0.15,28.9568
8057,CA-2015-121188,20150828,CB-12025,OFF-ST-10000736,LOC00014,Standard Class,728.82,9,0.0,29.1528
8058,CA-2015-121188,20150828,CB-12025,OFF-BI-10001617,LOC00014,Standard Class,41.36,5,0.2,13.959
8059,CA-2015-121188,20150828,CB-12025,TEC-PH-10003589,LOC00014,Standard Class,43.176,3,0.2,15.1116
8060,CA-2015-121188,20150828,CB-12025,FUR-FU-10003981,LOC00014,Standard Class,4.16,2,0.0,1.7472
8061,CA-2015-156013,20150920,TC-20980,OFF-PA-10001970,LOC00256,Standard Class,61.4,5,0.0,28.858
8062,CA-2015-156013,20150920,TC-20980,OFF-BI-10002437,LOC00256,Standard Class,24.448,2,0.2,8.8624
8063,CA-2016-132997,20161107,LW-17215,TEC-PH-10000586,LOC00145,First Class,263.96,4,0.0,71.2692
8064,CA-2016-132997,20161107,LW-17215,TEC-PH-10003811,LOC00145,First Class,359.97,3,0.0,100.7916
8065,CA-2016-132997,20161107,LW-17215,OFF-PA-10004983,LOC00145,First Class,12.96,2,0.0,6.2208
8066,CA-2016-132997,20161107,LW-17215,OFF-ST-10003479,LOC00145,First Class,116.82,3,0.0,5.841
8067,CA-2016-132997,20161107,LW-17215,OFF-BI-10004318,LOC00145,First Class,276.784,2,0.2,89.9548
8068,US-2015-160563,20151020,NS-18640,TEC-AC-10002567,LOC00010,Standard Class,239.97,3,0.0,86.3892
8069,US-2015-160563,20151020,NS-18640,FUR-FU-10001731,LOC00010,Standard Class,16.02,6,0.0,6.0876
8070,CA-2017-151750,20170101,JM-15250,OFF-ST-10002743,LOC00144,Standard Class,454.56,5,0.2,-107.958
8071,CA-2017-151750,20170101,JM-15250,FUR-FU-10002116,LOC00144,Standard Class,141.42,5,0.6,-187.3815
8072,CA-2017-151750,20170101,JM-15250,FUR-CH-10003199,LOC00144,Standard Class,310.744,4,0.3,-26.6352
8073,CA-2017-151750,20170101,JM-15250,OFF-AR-10003158,LOC00144,Standard Class,12.736,4,0.2,2.2288
8074,CA-2017-151750,20170101,JM-15250,OFF-BI-10000301,LOC00144,Standard Class,6.47,5,0.8,-9.705
8075,CA-2017-151750,20170101,JM-15250,OFF-BI-10000343,LOC00144,Standard Class,13.748,14,0.8,-22.6842
8076,CA-2017-151750,20170101,JM-15250,OFF-AP-10004708,LOC00144,Standard Class,15.224,2,0.8,-38.8212
8077,CA-2015-106187,20150623,RF-19345,FUR-FU-10000794,LOC00600,Standard Class,27.42,3,0.0,9.3228
8078,CA-2015-106187,20150623,RF-19345,OFF-BI-10004519,LOC00600,Standard Class,165.98,1,0.0,74.691
8079,CA-2015-106187,20150623,RF-19345,TEC-AC-10001590,LOC00600,Standard Class,75.0,3,0.0,18.0
8080,US-2016-164945,20161122,CA-12055,OFF-BI-10001524,LOC00030,Standard Class,134.272,8,0.2,46.9952
8081,CA-2015-150714,20151026,KH-16690,OFF-LA-10001474,LOC00331,Standard Class,146.544,6,0.2,47.6268
8082,CA-2015-150714,20151026,KH-16690,OFF-PA-10001497,LOC00331,Standard Class,131.904,3,0.2,47.8152
8083,CA-2015-150714,20151026,KH-16690,OFF-AP-10003287,LOC00331,Standard Class,203.88,5,0.2,20.388
8084,CA-2015-150714,20151026,KH-16690,OFF-BI-10002982,LOC00331,Standard Class,14.301,7,0.7,-10.4874
8085,CA-2015-150714,20151026,KH-16690,OFF-ST-10001809,LOC00331,Standard Class,718.64,10,0.2,-161.694
8086,CA-2016-105753,20161020,LC-16960,FUR-FU-10000246,LOC00102,Standard Class,61.1,5,0.0,18.33
8087,CA-2017-120894,20170428,JL-15130,OFF-AP-10000252,LOC00125,Standard Class,28.08,3,0.2,5.265
8088,CA-2016-106621,20160929,DM-12955,OFF-AR-10002375,LOC00512,Second Class,10.496,4,0.2,1.1808
8089,CA-2015-107020,20150710,MV-18190,OFF-BI-10003719,LOC00343,Standard Class,39.92,2,0.2,12.974
8090,US-2015-117492,20150807,NS-18640,OFF-AP-10001492,LOC00309,First Class,77.58,9,0.0,20.1708
8091,CA-2014-101392,20141207,AS-10630,OFF-ST-10000532,LOC00006,Standard Class,269.36,7,0.0,70.0336
8092,CA-2015-127502,20151210,MT-17815,OFF-LA-10001613,LOC00095,Standard Class,5.76,2,0.0,2.8224
8093,CA-2017-143658,20171108,SR-20425,OFF-AR-10002818,LOC00046,Second Class,109.9,5,0.0,32.97
8094,CA-2017-133046,20170727,DK-13375,FUR-FU-10001940,LOC00061,Second Class,23.88,3,0.0,10.5072
8095,CA-2017-133046,20170727,DK-13375,OFF-PA-10003883,LOC00061,Second Class,26.2,4,0.0,12.052
8096,CA-2017-133046,20170727,DK-13375,OFF-PA-10002787,LOC00061,Second Class,12.96,2,0.0,6.2208
8097,CA-2017-133046,20170727,DK-13375,TEC-AC-10000991,LOC00061,Second Class,234.95,5,0.0,32.893
8098,CA-2017-122798,20171228,SV-20935,OFF-ST-10003058,LOC00384,Standard Class,118.25,5,0.0,34.2925
8099,CA-2017-122798,20171228,SV-20935,OFF-PA-10004239,LOC00384,Standard Class,4.28,1,0.0,1.926
8100,CA-2016-169663,20160310,RH-19510,TEC-AC-10003038,LOC00063,First Class,26.85,3,0.0,5.1015
8101,CA-2016-169663,20160310,RH-19510,TEC-MA-10000984,LOC00063,First Class,3357.6,3,0.2,377.73
8102,CA-2015-149846,20150522,SB-20185,OFF-LA-10004484,LOC00063,Standard Class,8.26,2,0.0,3.7996
8103,CA-2015-149846,20150522,SB-20185,TEC-MA-10004002,LOC00063,Standard Class,2973.32,7,0.2,334.4985
8104,CA-2015-149846,20150522,SB-20185,OFF-ST-10002406,LOC00063,Standard Class,104.79,7,0.0,29.3412
8105,CA-2015-149846,20150522,SB-20185,TEC-PH-10003645,LOC00063,Standard Class,775.728,6,0.2,58.1796
8106,CA-2017-159149,20170217,CR-12820,FUR-BO-10001601,LOC00017,First Class,89.0664,1,0.32,-17.0274
8107,CA-2017-159149,20170217,CR-12820,OFF-AR-10000937,LOC00017,First Class,175.44,6,0.2,52.632
8108,CA-2017-159149,20170217,CR-12820,TEC-PH-10000038,LOC00017,First Class,438.336,4,0.2,-87.6672
8109,US-2017-167570,20171208,EG-13900,FUR-CH-10003396,LOC00012,Standard Class,215.544,4,0.3,-58.5048
8110,CA-2017-160122,20171118,RD-19930,OFF-EN-10002592,LOC00037,Standard Class,55.584,6,0.2,20.844
8111,CA-2017-160122,20171118,RD-19930,FUR-CH-10000422,LOC00037,Standard Class,127.386,2,0.3,-25.4772
8112,CA-2016-130393,20161201,JM-15865,FUR-CH-10002647,LOC00363,Second Class,248.43,5,0.3,-17.745
8113,CA-2016-130393,20161201,JM-15865,OFF-AP-10004859,LOC00363,Second Class,11.648,4,0.8,-30.8672
8114,CA-2016-130393,20161201,JM-15865,FUR-CH-10004477,LOC00363,Second Class,85.246,2,0.3,-1.2178
8115,CA-2017-144820,20171003,LW-16825,OFF-AR-10004817,LOC00090,Second Class,20.64,5,0.2,2.322
8116,CA-2017-101014,20170829,RW-19540,FUR-FU-10003374,LOC00014,Standard Class,148.02,3,0.0,41.4456
8117,CA-2017-105543,20171124,BG-11695,OFF-ST-10003123,LOC00592,Same Day,33.29,1,0.0,7.9896
8118,US-2017-113201,20170630,TT-21220,OFF-PA-10000675,LOC00063,Standard Class,204.95,5,0.0,100.4255
8119,US-2017-106551,20170722,EB-13930,FUR-CH-10004997,LOC00156,Standard Class,526.344,4,0.3,-75.192
8120,CA-2016-116722,20161111,LP-17080,FUR-FU-10001934,LOC00095,Standard Class,41.96,2,0.0,10.9096
8121,CA-2016-116722,20161111,LP-17080,FUR-CH-10004997,LOC00095,Standard Class,451.152,3,0.2,0.0
8122,CA-2016-116722,20161111,LP-17080,OFF-BI-10001890,LOC00095,Standard Class,31.504,11,0.2,11.0264
8123,CA-2014-138128,20141209,FP-14320,OFF-EN-10002500,LOC00064,Standard Class,30.672,3,0.2,9.585
8124,CA-2014-138128,20141209,FP-14320,TEC-CO-10001766,LOC00064,Standard Class,1079.976,4,0.4,125.9972
8125,US-2017-150070,20170907,JA-15970,FUR-CH-10004860,LOC00591,Standard Class,161.568,2,0.2,-28.2744
8126,CA-2015-137064,20150206,TS-21655,OFF-BI-10002049,LOC00033,Standard Class,2.934,3,0.8,-4.9878
8127,CA-2015-137064,20150206,TS-21655,TEC-AC-10003499,LOC00033,Standard Class,18.528,2,0.2,4.4004
8128,CA-2015-137064,20150206,TS-21655,OFF-ST-10003470,LOC00033,Standard Class,670.752,3,0.2,-125.766
8129,CA-2017-157350,20170826,DP-13000,FUR-FU-10000222,LOC00027,Standard Class,64.96,5,0.6,-43.848
8130,CA-2014-127866,20140720,JD-15895,TEC-AC-10000023,LOC00216,First Class,41.94,2,0.0,15.0984
8131,CA-2014-127866,20140720,JD-15895,OFF-PA-10003971,LOC00216,First Class,11.96,2,0.0,5.8604
8132,CA-2014-127866,20140720,JD-15895,OFF-AR-10003481,LOC00216,First Class,13.12,4,0.0,3.8048
8133,CA-2014-127866,20140720,JD-15895,OFF-ST-10001490,LOC00216,First Class,535.41,3,0.0,160.623
8134,CA-2015-131352,20151008,GH-14485,FUR-FU-10003708,LOC00177,Standard Class,72.78,3,0.6,-70.9605
8135,CA-2015-121776,20150216,RD-19585,OFF-PA-10001970,LOC00142,Standard Class,36.84,3,0.0,17.3148
8136,CA-2015-121776,20150216,RD-19585,OFF-LA-10002762,LOC00142,Standard Class,87.71,7,0.0,41.2237
8137,CA-2016-118073,20160812,CS-12490,FUR-TA-10002533,LOC00153,Standard Class,562.2925,7,0.45,-255.5875
8138,CA-2014-103219,20141109,BF-11215,FUR-FU-10004091,LOC00046,Standard Class,56.52,9,0.0,21.4776
8139,CA-2016-102561,20160718,NK-18490,OFF-AR-10001545,LOC00012,Standard Class,11.264,8,0.2,1.2672
8140,CA-2016-102561,20160718,NK-18490,OFF-ST-10001476,LOC00012,Standard Class,284.08,10,0.2,24.857
8141,CA-2016-102561,20160718,NK-18490,OFF-PA-10004971,LOC00012,Standard Class,18.496,4,0.2,6.7048
8142,CA-2016-100993,20160205,AZ-10750,OFF-LA-10003223,LOC00089,Standard Class,14.73,3,0.0,7.2177
8143,CA-2016-100993,20160205,AZ-10750,OFF-ST-10004340,LOC00089,Standard Class,186.54,3,0.0,50.3658
8144,CA-2016-100993,20160205,AZ-10750,FUR-TA-10001095,LOC00089,Standard Class,557.728,4,0.2,6.9716
8145,CA-2016-100993,20160205,AZ-10750,TEC-PH-10001448,LOC00089,Standard Class,159.968,4,0.2,-31.9936
8146,US-2014-112949,20140620,Co-12640,OFF-AP-10001005,LOC00497,Standard Class,471.9,6,0.0,155.727
8147,US-2014-112949,20140620,Co-12640,OFF-AR-10003469,LOC00497,Standard Class,3.52,2,0.0,1.6896
8148,US-2017-146822,20170609,AG-10675,OFF-PA-10000249,LOC00271,Standard Class,49.12,4,0.0,23.0864
8149,US-2016-131058,20161227,EM-14140,OFF-LA-10001613,LOC00201,Standard Class,20.16,7,0.0,9.8784
8150,CA-2014-167997,20140126,CA-11965,OFF-BI-10001758,LOC00601,First Class,10.68,2,0.0,5.0196
8151,CA-2014-167997,20140126,CA-11965,FUR-BO-10004409,LOC00601,First Class,141.96,2,0.0,39.7488
8152,CA-2017-140151,20170323,RB-19360,OFF-ST-10001558,LOC00061,First Class,32.48,2,0.0,4.872
8153,CA-2017-140151,20170323,RB-19360,OFF-PA-10002986,LOC00061,First Class,20.04,3,0.0,9.6192
8154,CA-2017-140151,20170323,RB-19360,TEC-CO-10004722,LOC00061,First Class,13999.96,4,0.0,6719.9808
8155,US-2017-143770,20170320,RD-19720,TEC-AC-10002842,LOC00265,Standard Class,238.0,2,0.0,38.08
8156,US-2017-143770,20170320,RD-19720,OFF-PA-10001125,LOC00265,Standard Class,61.96,2,0.0,27.882
8157,CA-2016-131296,20161004,MS-17830,FUR-TA-10002622,LOC00309,Standard Class,239.372,2,0.3,-23.9372
8158,CA-2016-103464,20161118,PG-18820,TEC-AC-10002842,LOC00189,Standard Class,595.0,5,0.0,95.2
8159,CA-2017-136238,20171226,KB-16240,OFF-PA-10004285,LOC00457,Standard Class,16.032,3,0.2,5.6112
8160,CA-2016-120803,20160309,RB-19465,TEC-AC-10004469,LOC00546,Standard Class,199.75,5,0.0,87.89
8161,CA-2016-134138,20160216,JD-15790,FUR-CH-10001545,LOC00099,Standard Class,227.96,2,0.0,36.4736
8162,CA-2015-120915,20150928,JJ-15445,OFF-AP-10002578,LOC00046,Second Class,293.52,6,0.0,76.3152
8163,CA-2015-120915,20150928,JJ-15445,TEC-PH-10003012,LOC00046,Second Class,307.98,2,0.0,89.3142
8164,CA-2015-168207,20151102,LT-17110,FUR-FU-10004909,LOC00189,Standard Class,96.96,6,0.0,33.936
8165,CA-2015-168207,20151102,LT-17110,OFF-BI-10001524,LOC00189,Standard Class,117.488,7,0.2,41.1208
8166,CA-2015-168207,20151102,LT-17110,OFF-BI-10003355,LOC00189,Standard Class,11.952,3,0.2,4.1832
8167,CA-2015-168207,20151102,LT-17110,FUR-BO-10004357,LOC00189,Standard Class,512.499,3,0.15,-30.147
8168,CA-2016-144148,20160731,AH-10690,FUR-TA-10002774,LOC00035,Standard Class,863.128,7,0.2,-32.3673
8169,CA-2017-107174,20171106,AB-10060,FUR-TA-10004575,LOC00060,Standard Class,2036.86,7,0.0,366.6348
8170,CA-2017-107174,20171106,AB-10060,FUR-CH-10003312,LOC00060,Standard Class,449.568,2,0.2,-73.0548
8171,CA-2017-107174,20171106,AB-10060,TEC-AC-10001465,LOC00060,Standard Class,108.96,3,0.0,32.688
8172,CA-2016-146150,20160214,FM-14380,OFF-AR-10002240,LOC00130,Standard Class,264.18,7,0.0,68.6868
8173,CA-2014-114125,20140709,GH-14410,OFF-LA-10004559,LOC00014,Standard Class,2.88,1,0.0,1.4112
8174,CA-2014-114125,20140709,GH-14410,OFF-BI-10003291,LOC00014,Standard Class,41.904,6,0.2,14.1426
8175,CA-2014-114125,20140709,GH-14410,OFF-ST-10001505,LOC00014,Standard Class,23.92,4,0.0,4.0664
8176,CA-2016-114944,20160130,HE-14800,OFF-PA-10003892,LOC00037,Standard Class,156.512,4,0.2,52.8228
8177,CA-2016-135965,20160922,SZ-20035,OFF-ST-10002370,LOC00046,First Class,128.34,6,0.0,37.2186
8178,CA-2017-149699,20171222,CM-12115,TEC-AC-10000474,LOC00142,First Class,474.95,5,0.0,142.485
8179,CA-2016-166429,20160902,TG-21310,TEC-CO-10002095,LOC00120,Standard Class,999.98,2,0.0,449.991
8180,CA-2015-112767,20150802,DK-12985,FUR-TA-10003469,LOC00331,Standard Class,277.5,4,0.5,-188.7
8181,CA-2015-119879,20151121,SS-20410,FUR-TA-10002958,LOC00075,Standard Class,1252.704,8,0.4,-480.2032
8182,CA-2015-119879,20151121,SS-20410,TEC-PH-10002923,LOC00075,Standard Class,110.97,5,0.4,-24.0435
8183,CA-2017-155642,20170518,BM-11575,FUR-FU-10004973,LOC00156,Standard Class,22.608,3,0.6,-10.1736
8184,CA-2017-155642,20170518,BM-11575,FUR-FU-10001918,LOC00156,Standard Class,1.892,1,0.6,-0.9933
8185,US-2017-101721,20170723,MY-17380,OFF-PA-10003641,LOC00037,Standard Class,63.312,3,0.2,20.5764
8186,CA-2015-136728,20150913,AG-10900,OFF-EN-10002621,LOC00037,Second Class,7.824,1,0.2,2.934
8187,CA-2015-136728,20150913,AG-10900,FUR-CH-10003817,LOC00037,Second Class,170.072,4,0.3,-12.148
8188,CA-2016-127194,20161210,BW-11110,OFF-PA-10000659,LOC00024,Standard Class,62.82,9,0.0,29.5254
8189,CA-2015-140375,20151002,SG-20470,OFF-PA-10001870,LOC00249,Second Class,19.44,3,0.0,9.3312
8190,CA-2015-140375,20151002,SG-20470,OFF-BI-10000320,LOC00249,Second Class,7.38,1,0.0,3.6162
8191,US-2017-155866,20171117,CC-12370,OFF-PA-10004735,LOC00165,Standard Class,38.88,6,0.0,18.6624
8192,US-2017-155866,20171117,CC-12370,FUR-FU-10004091,LOC00165,Standard Class,187.76,4,0.0,76.9816
8193,CA-2015-141327,20151130,LR-16915,OFF-BI-10000546,LOC00036,First Class,6.048,7,0.7,-4.2336
8194,CA-2015-141327,20151130,LR-16915,OFF-AP-10001293,LOC00036,First Class,98.352,3,0.2,9.8352
8195,CA-2015-141327,20151130,LR-16915,FUR-FU-10000576,LOC00036,First Class,335.744,2,0.2,25.1808
8196,CA-2015-136700,20151206,DB-13120,OFF-PA-10004519,LOC00538,Second Class,8.96,2,0.0,4.3904
8197,CA-2017-102736,20170905,LP-17095,TEC-AC-10004568,LOC00366,Standard Class,89.568,4,0.2,-1.1196
8198,CA-2017-102736,20170905,LP-17095,OFF-AR-10001897,LOC00366,Standard Class,71.96,5,0.2,7.196
8199,CA-2017-102736,20170905,LP-17095,OFF-PA-10001800,LOC00366,Standard Class,15.552,3,0.2,5.4432
8200,CA-2017-125269,20170424,AF-10870,OFF-BI-10001628,LOC00027,Standard Class,10.43,5,0.8,-18.2525
8201,CA-2017-125269,20170424,AF-10870,OFF-ST-10004123,LOC00027,Standard Class,72.784,1,0.2,-18.196
8202,CA-2015-114811,20151108,KD-16495,OFF-ST-10000885,LOC00024,Same Day,67.15,5,0.0,16.7875
8203,CA-2015-114811,20151108,KD-16495,TEC-PH-10004165,LOC00024,Same Day,549.98,2,0.0,142.9948
8204,CA-2015-114811,20151108,KD-16495,FUR-FU-10002240,LOC00024,Same Day,11.82,3,0.0,4.728
8205,CA-2015-114811,20151108,KD-16495,TEC-MA-10000045,LOC00024,Same Day,4643.8,4,0.0,2229.024
8206,CA-2015-114811,20151108,KD-16495,FUR-CH-10003746,LOC00024,Same Day,577.764,2,0.1,115.5528
8207,CA-2015-122266,20150426,SA-20830,FUR-TA-10000577,LOC00488,Standard Class,191.5155,1,0.45,-76.6062
8208,CA-2015-122266,20150426,SA-20830,OFF-AR-10004757,LOC00488,Standard Class,2.624,1,0.2,0.4264
8209,CA-2015-141565,20150920,BG-11035,OFF-BI-10000545,LOC00396,Standard Class,1369.764,6,0.7,-913.176
8210,CA-2015-141565,20150920,BG-11035,OFF-ST-10001522,LOC00396,Standard Class,294.368,4,0.2,-58.8736
8211,CA-2017-128769,20170907,DM-12955,OFF-AP-10001271,LOC00396,Standard Class,81.568,2,0.2,7.1372
8212,CA-2016-116337,20161107,MC-17845,FUR-FU-10002030,LOC00078,Standard Class,44.46,5,0.6,-17.784
8213,CA-2016-116337,20161107,MC-17845,OFF-ST-10001272,LOC00078,Standard Class,314.088,3,0.2,19.6305
8214,CA-2015-120845,20150925,ML-17395,OFF-BI-10001116,LOC00109,Standard Class,6.336,4,0.7,-4.6464
8215,CA-2015-120845,20150925,ML-17395,OFF-PA-10004665,LOC00109,Standard Class,10.48,1,0.2,3.799
8216,CA-2015-120845,20150925,ML-17395,OFF-BI-10004506,LOC00109,Standard Class,2.469,1,0.7,-1.8106
8217,CA-2015-120845,20150925,ML-17395,OFF-BI-10001982,LOC00109,Standard Class,3.264,2,0.7,-2.2848
8218,CA-2014-120775,20141003,RD-19930,OFF-FA-10002676,LOC00163,Standard Class,4.344,3,0.2,0.8688
8219,CA-2014-120775,20141003,RD-19930,FUR-FU-10000758,LOC00163,Standard Class,31.776,3,0.6,-19.0656
8220,CA-2014-120775,20141003,RD-19930,OFF-LA-10002271,LOC00163,Standard Class,4.928,2,0.2,1.7248
8221,CA-2014-120775,20141003,RD-19930,OFF-BI-10002609,LOC00163,Standard Class,1.788,3,0.8,-3.0396
8222,CA-2014-120775,20141003,RD-19930,OFF-FA-10000254,LOC00163,Standard Class,15.072,4,0.2,-3.768
8223,CA-2014-152905,20140218,AB-10015,OFF-ST-10000321,LOC00175,Standard Class,12.624,2,0.2,-2.5248
8224,CA-2016-104633,20160612,EA-14035,OFF-PA-10000241,LOC00055,Standard Class,185.88,6,0.0,83.646
8225,CA-2016-104633,20160612,EA-14035,OFF-PA-10004782,LOC00055,Standard Class,12.96,2,0.0,6.2208
8226,CA-2017-104136,20171101,SF-20065,OFF-PA-10004243,LOC00290,Second Class,189.7,10,0.0,91.056
8227,CA-2017-104136,20171101,SF-20065,OFF-PA-10001033,LOC00290,Second Class,40.99,1,0.0,20.0851
8228,CA-2016-123050,20160404,BC-11125,FUR-FU-10000723,LOC00025,Second Class,82.64,2,0.0,7.4376
8229,CA-2016-123050,20160404,BC-11125,OFF-ST-10003455,LOC00025,Second Class,31.02,2,0.0,8.0652
8230,CA-2016-123050,20160404,BC-11125,TEC-AC-10001109,LOC00025,Second Class,89.97,3,0.0,37.7874
8231,CA-2016-162355,20160630,PF-19165,OFF-AR-10004344,LOC00495,Second Class,35.97,3,0.0,9.7119
8232,CA-2016-162355,20160630,PF-19165,FUR-BO-10004695,LOC00495,Second Class,1266.86,7,0.0,291.3778
8233,CA-2014-158225,20140922,SE-20110,OFF-ST-10000675,LOC00059,Standard Class,169.45,5,0.0,42.3625
8234,CA-2014-158225,20140922,SE-20110,OFF-ST-10002301,LOC00059,Standard Class,40.68,2,0.0,0.4068
8235,CA-2017-102204,20170501,CJ-12010,OFF-SU-10001212,LOC00134,Standard Class,3.328,2,0.2,0.416
8236,CA-2017-102204,20170501,CJ-12010,FUR-TA-10001889,LOC00134,Standard Class,933.262,4,0.45,-458.1468
8237,CA-2017-102204,20170501,CJ-12010,FUR-CH-10002024,LOC00134,Standard Class,2803.92,5,0.2,0.0
8238,CA-2017-103065,20171020,PT-19090,OFF-ST-10000617,LOC00134,Same Day,4.768,2,0.2,-0.7748
8239,CA-2017-103065,20171020,PT-19090,OFF-PA-10000380,LOC00134,Same Day,6.672,1,0.2,2.502
8240,CA-2017-103065,20171020,PT-19090,OFF-AR-10003251,LOC00134,Same Day,4.448,2,0.2,1.112
8241,CA-2017-103065,20171020,PT-19090,FUR-FU-10000175,LOC00134,Same Day,43.936,4,0.2,6.0412
8242,CA-2014-109855,20140901,LH-16900,OFF-BI-10004716,LOC00030,Standard Class,23.744,2,0.2,8.3104
8243,CA-2014-109855,20140901,LH-16900,TEC-AC-10002842,LOC00030,Standard Class,357.0,3,0.0,57.12
8244,CA-2014-109897,20140812,BW-11200,TEC-PH-10003691,LOC00035,Standard Class,806.336,8,0.2,50.396
8245,CA-2014-109897,20140812,BW-11200,FUR-FU-10002878,LOC00035,Standard Class,85.44,3,0.0,31.6128
8246,US-2014-143581,20140819,BS-11365,OFF-ST-10000991,LOC00113,Standard Class,344.91,3,0.0,10.3473
8247,CA-2015-129217,20150510,DP-13390,OFF-AP-10002439,LOC00174,Same Day,70.97,5,0.8,-191.619
8248,CA-2015-129217,20150510,DP-13390,OFF-AR-10004602,LOC00174,Same Day,36.784,2,0.2,3.6784
8249,CA-2016-133816,20160510,CS-12400,TEC-PH-10001795,LOC00064,Second Class,743.988,2,0.4,-123.998
8250,CA-2015-140221,20150305,MS-17365,OFF-BI-10002854,LOC00156,Second Class,11.212,2,0.8,-16.818
8251,CA-2015-140221,20150305,MS-17365,FUR-FU-10000023,LOC00156,Second Class,4.712,2,0.6,-1.8848
8252,CA-2015-140221,20150305,MS-17365,OFF-AP-10000828,LOC00156,Second Class,180.98,5,0.8,-470.548
8253,CA-2015-140221,20150305,MS-17365,OFF-ST-10000777,LOC00156,Second Class,60.416,2,0.2,6.0416
8254,CA-2017-152310,20170812,DK-12895,TEC-CO-10000971,LOC00006,Standard Class,299.99,1,0.0,89.997
8255,CA-2017-152310,20170812,DK-12895,OFF-PA-10003134,LOC00006,Standard Class,192.16,4,0.0,92.2368
8256,CA-2017-152310,20170812,DK-12895,TEC-PH-10002538,LOC00006,Standard Class,242.624,8,0.2,27.2952
8257,CA-2017-152310,20170812,DK-12895,OFF-ST-10001228,LOC00006,Standard Class,46.74,3,0.0,11.685
8258,CA-2017-152310,20170812,DK-12895,TEC-AC-10000397,LOC00006,Standard Class,174.95,5,0.0,12.2465
8259,CA-2017-152310,20170812,DK-12895,OFF-BI-10004308,LOC00006,Standard Class,100.704,6,0.2,37.764
8260,CA-2016-118101,20160626,SN-20560,OFF-PA-10000357,LOC00528,Same Day,368.91,9,0.0,180.7659
8261,CA-2016-118101,20160626,SN-20560,OFF-BI-10000773,LOC00528,Same Day,8.02,1,0.0,3.7694
8262,CA-2016-118101,20160626,SN-20560,OFF-ST-10001837,LOC00528,Same Day,171.04,4,0.0,44.4704
8263,CA-2016-100307,20161215,TC-21475,OFF-PA-10002552,LOC00146,Standard Class,19.44,3,0.0,9.3312
8264,CA-2015-138457,20150913,AM-10705,OFF-BI-10000014,LOC00223,Standard Class,13.092,4,0.7,-10.0372
8265,CA-2014-131800,20141230,AJ-10960,OFF-AP-10004136,LOC00046,Standard Class,122.94,3,0.0,30.735
8266,CA-2014-131800,20141230,AJ-10960,OFF-BI-10003429,LOC00046,Standard Class,35.448,7,0.2,12.8499
8267,CA-2014-118304,20140429,KH-16360,TEC-PH-10000376,LOC00022,Standard Class,19.98,2,0.0,5.1948
8268,CA-2017-121790,20170130,LP-17095,FUR-TA-10003469,LOC00174,Standard Class,69.375,1,0.5,-47.175
8269,CA-2017-121790,20170130,LP-17095,OFF-SU-10004231,LOC00174,Standard Class,31.68,4,0.2,2.772
8270,CA-2017-121790,20170130,LP-17095,TEC-PH-10002584,LOC00174,Standard Class,2003.168,4,0.2,250.396
8271,CA-2017-121790,20170130,LP-17095,OFF-AR-10003602,LOC00174,Standard Class,9.344,2,0.2,3.1536
8272,CA-2016-169670,20161225,JE-15715,FUR-CH-10002331,LOC00030,Standard Class,2563.056,8,0.1,313.2624
8273,CA-2016-139549,20161020,MY-18295,FUR-CH-10001802,LOC00581,Standard Class,387.136,4,0.2,4.8392
8274,CA-2015-104059,20150613,FC-14245,OFF-AR-10000634,LOC00158,Second Class,3.424,1,0.2,0.2996
8275,CA-2017-164112,20170630,ND-18460,OFF-ST-10002615,LOC00185,Standard Class,1085.42,7,0.0,282.2092
8276,CA-2015-143882,20150626,DB-13360,OFF-PA-10004040,LOC00347,Standard Class,43.056,9,0.2,15.6078
8277,US-2016-139262,20160221,LC-16960,OFF-BI-10003727,LOC00086,Standard Class,3.762,3,0.7,-2.7588
8278,US-2016-139262,20160221,LC-16960,OFF-BI-10002026,LOC00086,Standard Class,34.86,2,0.7,-26.726
8279,US-2016-139262,20160221,LC-16960,OFF-ST-10001496,LOC00086,Standard Class,432.456,3,0.2,32.4342
8280,CA-2017-146192,20170422,BD-11725,OFF-ST-10003716,LOC00113,Standard Class,675.06,3,0.0,87.7578
8281,CA-2017-134810,20170509,MC-17605,OFF-EN-10002504,LOC00223,First Class,65.232,3,0.2,22.0158
8282,CA-2017-134810,20170509,MC-17605,FUR-CH-10001270,LOC00223,First Class,207.0,3,0.2,25.875
8283,CA-2015-154284,20151221,SZ-20035,TEC-MA-10004241,LOC00587,Second Class,600.53,2,0.3,137.264
8284,CA-2015-154284,20151221,SZ-20035,OFF-AR-10001468,LOC00587,Second Class,59.904,2,0.2,14.2272
8285,CA-2015-154284,20151221,SZ-20035,TEC-AC-10003198,LOC00587,Second Class,637.44,8,0.2,135.456
8286,CA-2015-154284,20151221,SZ-20035,FUR-FU-10003039,LOC00587,Second Class,51.756,3,0.6,-33.6414
8287,CA-2014-156244,20140812,DH-13675,OFF-PA-10000295,LOC00124,Standard Class,31.104,6,0.2,10.8864
8288,CA-2014-156244,20140812,DH-13675,OFF-AR-10004344,LOC00124,Standard Class,47.96,5,0.2,4.1965
8289,CA-2014-156244,20140812,DH-13675,TEC-AC-10002473,LOC00124,Standard Class,158.928,7,0.2,41.7186
8290,CA-2014-156244,20140812,DH-13675,OFF-AP-10002403,LOC00124,Standard Class,211.248,6,0.2,15.8436
8291,CA-2014-156244,20140812,DH-13675,OFF-SU-10000432,LOC00124,Standard Class,5.552,2,0.2,-1.041
8292,CA-2014-156244,20140812,DH-13675,OFF-LA-10000443,LOC00124,Standard Class,2.952,1,0.2,0.9963
8293,CA-2015-106362,20151211,LC-16885,OFF-BI-10003166,LOC00413,Standard Class,10.332,3,0.7,-7.5768
8294,US-2017-168802,20171103,JO-15145,OFF-BI-10002393,LOC00006,Standard Class,18.368,4,0.2,5.9696
8295,US-2017-146906,20170313,MT-17815,TEC-PH-10001809,LOC00165,Standard Class,299.9,2,0.0,74.975
8296,CA-2016-166380,20160530,EB-13750,OFF-EN-10002600,LOC00102,Standard Class,26.55,9,0.0,12.744
8297,CA-2016-166380,20160530,EB-13750,TEC-AC-10000109,LOC00102,Standard Class,111.98,2,0.0,26.8752
8298,US-2015-158911,20150705,RS-19765,FUR-FU-10003829,LOC00044,Standard Class,4.928,2,0.2,0.7392
8299,US-2015-158911,20150705,RS-19765,OFF-LA-10003223,LOC00044,Standard Class,11.784,3,0.2,4.2717
8300,US-2014-103338,20140311,RB-19435,OFF-AR-10001770,LOC00053,Standard Class,7.98,3,0.0,2.0748
8301,CA-2015-109169,20150420,OT-18730,OFF-EN-10003296,LOC00152,Standard Class,180.96,2,0.0,81.432
8302,US-2017-167318,20170726,GZ-14545,TEC-AC-10003870,LOC00002,Standard Class,1649.95,5,0.0,659.98
8303,US-2017-167318,20170726,GZ-14545,FUR-CH-10000665,LOC00002,Standard Class,362.352,3,0.2,45.294
8304,US-2014-120313,20141031,NL-18310,TEC-PH-10003092,LOC00095,Second Class,73.584,2,0.2,8.2782
8305,CA-2017-135419,20171103,BG-11740,FUR-TA-10001086,LOC00411,Standard Class,486.368,4,0.2,36.4776
8306,CA-2016-128671,20160811,MT-18070,OFF-PA-10001870,LOC00313,Standard Class,32.4,5,0.0,15.552
8307,CA-2016-128671,20160811,MT-18070,OFF-BI-10003305,LOC00313,Standard Class,41.86,7,0.0,19.2556
8308,CA-2016-128671,20160811,MT-18070,OFF-BI-10003007,LOC00313,Standard Class,77.56,2,0.0,35.6776
8309,CA-2016-149335,20160725,BC-11125,OFF-AR-10001419,LOC00035,Same Day,37.17,9,0.0,11.151
8310,CA-2014-168312,20140301,GW-14605,OFF-ST-10003692,LOC00067,Standard Class,137.352,3,0.2,8.5845
8311,CA-2014-168312,20140301,GW-14605,FUR-TA-10001866,LOC00067,Standard Class,376.509,3,0.3,-43.0296
8312,US-2017-105935,20170126,BD-11500,FUR-FU-10002157,LOC00113,Standard Class,62.72,4,0.0,24.4608
8313,US-2017-105935,20170126,BD-11500,TEC-PH-10001459,LOC00113,Standard Class,2939.93,7,0.0,764.3818
8314,CA-2014-161508,20140712,PV-18985,FUR-CH-10002126,LOC00517,Standard Class,512.358,3,0.3,-14.6388
8315,CA-2014-161508,20140712,PV-18985,OFF-FA-10001561,LOC00517,Standard Class,3.488,2,0.2,0.5668
8316,CA-2014-161508,20140712,PV-18985,OFF-AR-10003158,LOC00517,Standard Class,22.288,7,0.2,3.9004
8317,CA-2014-161508,20140712,PV-18985,OFF-PA-10001804,LOC00517,Standard Class,16.032,3,0.2,5.6112
8318,CA-2017-130904,20170411,HM-14980,OFF-AR-10000422,LOC00180,Standard Class,1.752,1,0.2,0.1533
8319,CA-2017-130904,20170411,HM-14980,OFF-AR-10000127,LOC00180,Standard Class,20.992,8,0.2,2.3616
8320,CA-2017-133620,20171113,EM-14065,OFF-ST-10004634,LOC00030,Standard Class,11.21,1,0.0,3.363
8321,CA-2015-142937,20151205,SF-20065,OFF-AR-10003582,LOC00078,First Class,45.04,2,0.2,4.504
8322,US-2016-149790,20160926,SC-20380,OFF-BI-10002026,LOC00015,Standard Class,15.624,2,0.8,-24.9984
8323,CA-2016-130778,20161119,ND-18370,OFF-AP-10000595,LOC00256,Standard Class,8.74,2,0.0,2.2724
8324,CA-2016-130778,20161119,ND-18370,OFF-PA-10001509,LOC00256,Standard Class,44.75,5,0.0,20.585
8325,CA-2017-144456,20170908,FC-14245,OFF-ST-10001321,LOC00187,First Class,61.68,5,0.2,5.397
8326,CA-2017-144456,20170908,FC-14245,TEC-PH-10001750,LOC00187,First Class,158.376,3,0.2,13.8579
8327,CA-2017-103478,20170721,KL-16555,OFF-BI-10001890,LOC00174,Second Class,2.864,4,0.8,-4.5824
8328,CA-2017-103478,20170721,KL-16555,OFF-BI-10004224,LOC00174,Second Class,94.192,7,0.8,-164.836
8329,CA-2017-118577,20171006,XP-21865,OFF-PA-10001357,LOC00099,Standard Class,143.7,3,0.0,68.976
8330,CA-2017-118577,20171006,XP-21865,OFF-PA-10004888,LOC00099,Standard Class,6.48,1,0.0,3.1104
8331,CA-2017-113572,20171107,FP-14320,TEC-AC-10002370,LOC00024,Standard Class,7.88,4,0.0,2.5216
8332,CA-2016-153269,20160309,PS-18760,OFF-ST-10004634,LOC00602,First Class,11.21,1,0.0,3.363
8333,CA-2016-153269,20160309,PS-18760,FUR-CH-10002647,LOC00602,First Class,354.9,5,0.0,88.725
8334,CA-2016-153269,20160309,PS-18760,OFF-PA-10001801,LOC00602,First Class,17.94,3,0.0,8.7906
8335,CA-2016-153269,20160309,PS-18760,OFF-BI-10004632,LOC00602,First Class,51.8,4,0.0,23.31
8336,CA-2017-161655,20170513,CW-11905,OFF-BI-10002082,LOC00286,Second Class,299.52,9,0.0,149.76
8337,CA-2016-101469,20160702,KH-16360,OFF-AR-10003986,LOC00102,Standard Class,7.7,2,0.0,3.157
8338,CA-2014-153087,20141227,TC-20980,OFF-PA-10001243,LOC00034,Standard Class,23.92,4,0.0,11.7208
8339,CA-2014-153087,20141227,TC-20980,TEC-AC-10003198,LOC00034,Standard Class,498.0,5,0.0,184.26
8340,CA-2017-135076,20170413,YS-21880,FUR-CH-10003774,LOC00108,Standard Class,436.704,6,0.2,-38.2116
8341,CA-2014-161634,20141114,CC-12220,OFF-PA-10002262,LOC00338,Standard Class,32.4,5,0.0,15.552
8342,CA-2017-141481,20170611,ZD-21925,OFF-AP-10004532,LOC00002,First Class,61.44,3,0.0,16.5888
8343,CA-2016-132549,20161125,JK-15370,OFF-ST-10001325,LOC00365,Standard Class,73.36,7,0.0,19.8072
8344,US-2014-155544,20140321,GM-14440,OFF-LA-10004544,LOC00366,Standard Class,59.2,5,0.2,22.2
8345,US-2014-155544,20140321,GM-14440,FUR-FU-10001473,LOC00366,Standard Class,32.952,3,0.2,6.5904
8346,US-2014-155544,20140321,GM-14440,FUR-CH-10000422,LOC00366,Standard Class,218.376,3,0.2,-10.9188
8347,US-2015-115238,20150430,JW-15220,FUR-FU-10002960,LOC00129,Standard Class,31.4,5,0.0,13.188
8348,US-2015-115238,20150430,JW-15220,FUR-FU-10002445,LOC00129,Standard Class,9.48,1,0.0,3.792
8349,US-2015-115238,20150430,JW-15220,TEC-PH-10001300,LOC00129,Standard Class,209.5,10,0.0,58.66
8350,US-2015-115238,20150430,JW-15220,FUR-FU-10001025,LOC00129,Standard Class,24.3,5,0.0,10.449
8351,US-2015-115238,20150430,JW-15220,OFF-PA-10002689,LOC00129,Standard Class,6.48,1,0.0,3.1104
8352,CA-2017-132199,20170503,BO-11350,FUR-FU-10004245,LOC00064,Standard Class,32.448,2,0.2,7.3008
8353,CA-2017-132199,20170503,BO-11350,OFF-BI-10003684,LOC00064,Standard Class,26.388,4,0.7,-17.592
8354,CA-2017-132199,20170503,BO-11350,FUR-TA-10003748,LOC00064,Standard Class,373.47,5,0.4,-112.041
8355,CA-2017-132199,20170503,BO-11350,OFF-BI-10002133,LOC00064,Standard Class,64.2,5,0.7,-44.94
8356,CA-2017-132199,20170503,BO-11350,OFF-FA-10002280,LOC00064,Standard Class,8.0,2,0.2,2.8
8357,CA-2016-163174,20160826,XP-21865,FUR-FU-10000308,LOC00507,Standard Class,186.54,3,0.0,41.0388
8358,CA-2014-110555,20140411,MM-18055,OFF-ST-10000876,LOC00151,Standard Class,87.08,7,0.0,24.3824
8359,CA-2014-110555,20140411,MM-18055,TEC-PH-10000586,LOC00151,Standard Class,105.584,2,0.2,9.2386
8360,CA-2014-110555,20140411,MM-18055,TEC-AC-10003399,LOC00151,Standard Class,217.44,6,0.0,91.3248
8361,CA-2017-147207,20170102,TS-21655,OFF-AR-10001955,LOC00295,Second Class,31.744,2,0.2,3.968
8362,CA-2017-147207,20170102,TS-21655,OFF-AP-10000027,LOC00295,Second Class,5.432,2,0.8,-13.58
8363,CA-2017-147207,20170102,TS-21655,FUR-TA-10002958,LOC00295,Second Class,913.43,5,0.3,-169.637
8364,CA-2017-147207,20170102,TS-21655,OFF-ST-10002615,LOC00295,Second Class,372.144,3,0.2,27.9108
8365,CA-2017-137631,20170428,JL-15235,TEC-PH-10002624,LOC00603,Standard Class,751.984,2,0.2,84.5982
8366,CA-2017-157273,20170130,SZ-20035,TEC-PH-10002275,LOC00060,First Class,604.768,4,0.2,60.4768
8367,CA-2014-109918,20140907,LR-17035,OFF-SU-10004290,LOC00087,Second Class,27.36,4,0.0,7.3872
8368,CA-2014-109918,20140907,LR-17035,OFF-PA-10000174,LOC00087,Second Class,20.56,2,0.0,9.6632
8369,CA-2014-109918,20140907,LR-17035,OFF-BI-10004308,LOC00087,Second Class,83.92,5,0.2,31.47
8370,CA-2016-118745,20160611,SV-20365,FUR-TA-10003473,LOC00014,Standard Class,902.712,3,0.2,33.8517
8371,CA-2016-163972,20161017,MG-17890,FUR-BO-10003894,LOC00254,Standard Class,120.666,2,0.15,21.294
8372,CA-2014-165393,20141227,NC-18415,OFF-BI-10001658,LOC00007,First Class,4.984,1,0.8,-8.4728
8373,CA-2016-113726,20161124,SC-20680,FUR-FU-10003535,LOC00060,Standard Class,82.26,3,0.0,33.7266
8374,CA-2016-152940,20161110,RO-19780,OFF-ST-10000352,LOC00095,First Class,29.74,1,0.0,4.461
8375,CA-2015-158701,20150105,JL-15175,OFF-AP-10004859,LOC00095,Standard Class,87.36,6,0.0,23.5872
8376,CA-2015-158701,20150105,JL-15175,OFF-BI-10001294,LOC00095,Standard Class,56.16,6,0.2,17.55
8377,CA-2017-156272,20170321,PW-19030,OFF-AP-10001242,LOC00412,Standard Class,64.384,1,0.2,8.048
8378,CA-2015-162964,20151112,MF-18250,OFF-ST-10002344,LOC00015,Standard Class,64.784,1,0.2,-14.5764
8379,CA-2015-162964,20151112,MF-18250,OFF-PA-10003349,LOC00015,Standard Class,15.552,3,0.2,5.6376
8380,CA-2015-162964,20151112,MF-18250,OFF-EN-10003055,LOC00015,Standard Class,223.888,7,0.2,69.965
8381,CA-2014-103527,20140909,CC-12220,OFF-PA-10001622,LOC00156,Second Class,10.896,3,0.2,3.405
8382,CA-2016-134544,20160317,AC-10660,TEC-PH-10003800,LOC00010,Second Class,84.784,2,0.2,-20.1362
8383,CA-2016-163048,20160208,MH-17440,FUR-CH-10001270,LOC00067,Standard Class,241.5,4,0.3,0.0
8384,CA-2016-145135,20161126,CD-12790,TEC-AC-10003447,LOC00604,First Class,59.97,3,0.0,14.9925
8385,CA-2016-145135,20161126,CD-12790,OFF-PA-10004285,LOC00604,First Class,13.36,2,0.0,6.4128
8386,CA-2017-137582,20170904,CV-12805,OFF-BI-10001757,LOC00233,Standard Class,11.808,3,0.2,4.1328
8387,CA-2015-149601,20150528,TB-21625,OFF-ST-10001558,LOC00114,Standard Class,16.24,1,0.0,2.436
8388,CA-2015-149601,20150528,TB-21625,OFF-ST-10001328,LOC00114,Standard Class,77.55,5,0.0,21.714
8389,CA-2014-139423,20141101,DG-13300,OFF-AP-10004708,LOC00417,Standard Class,76.12,2,0.0,22.0748
8390,CA-2016-102596,20161227,RD-19810,OFF-FA-10000621,LOC00076,First Class,17.184,6,0.2,6.2292
8391,CA-2017-153227,20171204,CS-12250,OFF-PA-10001838,LOC00004,First Class,11.76,2,0.0,5.7624
8392,CA-2017-110625,20171223,JB-16045,FUR-FU-10001473,LOC00605,Standard Class,27.46,2,0.0,9.8856
8393,CA-2016-142594,20161201,EJ-14155,TEC-PH-10000193,LOC00118,Second Class,137.94,3,0.0,35.8644
8394,CA-2016-142594,20161201,EJ-14155,FUR-FU-10002045,LOC00118,Second Class,111.15,5,0.0,48.906
8395,CA-2016-142594,20161201,EJ-14155,OFF-AP-10002945,LOC00118,Second Class,901.95,3,0.0,297.6435
8396,CA-2016-142594,20161201,EJ-14155,FUR-TA-10001095,LOC00118,Second Class,366.009,3,0.3,-47.0583
8397,CA-2014-152254,20140630,BD-11620,OFF-PA-10001144,LOC00125,Same Day,310.688,7,0.2,108.7408
8398,US-2014-120236,20140903,MR-17545,OFF-BI-10004099,LOC00015,First Class,7.68,5,0.8,-11.52
8399,CA-2017-120061,20171102,SR-20425,FUR-CH-10001973,LOC00158,Second Class,155.372,2,0.3,-35.5136
8400,CA-2015-133837,20150413,TH-21100,OFF-ST-10000344,LOC00277,Standard Class,10.744,1,0.2,0.8058
8401,CA-2015-110814,20151205,BD-11635,OFF-BI-10002026,LOC00030,Second Class,232.4,5,0.2,78.435
8402,CA-2015-110814,20151205,BD-11635,FUR-CH-10003535,LOC00030,Second Class,164.646,3,0.1,12.8058
8403,CA-2015-110814,20151205,BD-11635,OFF-PA-10004156,LOC00030,Second Class,22.68,2,0.0,11.1132
8404,CA-2016-154067,20160201,SM-20950,OFF-PA-10002254,LOC00002,Standard Class,105.52,4,0.0,48.5392
8405,CA-2017-140480,20170708,HE-14800,FUR-FU-10003247,LOC00286,Standard Class,83.92,4,0.0,5.8744
8406,CA-2017-140480,20170708,HE-14800,TEC-AC-10002473,LOC00286,Standard Class,141.9,5,0.0,58.179
8407,CA-2017-140480,20170708,HE-14800,FUR-FU-10001057,LOC00286,Standard Class,39.98,2,0.0,9.1954
8408,CA-2017-140480,20170708,HE-14800,OFF-AR-10001419,LOC00286,Standard Class,28.91,7,0.0,8.673
8409,CA-2017-140480,20170708,HE-14800,OFF-AR-10004010,LOC00286,Standard Class,174.95,5,0.0,45.487
8410,CA-2015-134082,20151211,JK-15640,OFF-BI-10004230,LOC00343,Standard Class,110.528,4,0.2,38.6848
8411,CA-2016-130820,20161115,ON-18715,FUR-TA-10001768,LOC00180,Same Day,630.024,4,0.4,-199.5076
8412,CA-2016-159765,20160509,TH-21100,OFF-AR-10003514,LOC00271,Second Class,27.86,7,0.0,9.1938
8413,CA-2017-132290,20170310,MD-17350,FUR-TA-10002228,LOC00163,Standard Class,933.408,4,0.3,-173.3472
8414,CA-2016-147109,20161217,AH-10075,OFF-PA-10001972,LOC00175,Standard Class,51.84,10,0.2,18.144
8415,CA-2016-147109,20161217,AH-10075,TEC-AC-10002942,LOC00175,Standard Class,165.6,3,0.2,-6.21
8416,CA-2017-107265,20170406,ML-17755,OFF-PA-10000474,LOC00606,Standard Class,106.32,3,0.0,49.9704
8417,CA-2017-118199,20170509,LB-16795,OFF-BI-10004330,LOC00060,First Class,147.92,5,0.2,46.225
8418,CA-2017-118199,20170509,LB-16795,OFF-ST-10000604,LOC00060,First Class,104.28,3,0.0,26.07
8419,CA-2017-118199,20170509,LB-16795,FUR-TA-10004154,LOC00060,First Class,286.85,1,0.0,63.107
8420,CA-2017-118199,20170509,LB-16795,OFF-ST-10000636,LOC00060,First Class,66.96,4,0.0,2.6784
8421,CA-2017-118199,20170509,LB-16795,TEC-AC-10004171,LOC00060,First Class,199.98,2,0.0,87.9912
8422,CA-2017-150091,20171012,NP-18670,TEC-AC-10002167,LOC00101,Standard Class,45.0,3,0.0,4.95
8423,CA-2017-150091,20171012,NP-18670,OFF-FA-10000621,LOC00101,Standard Class,17.9,5,0.0,8.771
8424,CA-2017-150091,20171012,NP-18670,FUR-FU-10004053,LOC00101,Standard Class,40.48,2,0.0,17.4064
8425,CA-2017-150091,20171012,NP-18670,FUR-BO-10003404,LOC00101,Standard Class,2154.9,5,0.0,129.294
8426,CA-2016-137652,20160828,EB-13750,OFF-BI-10004099,LOC00094,First Class,18.432,8,0.7,-12.288
8427,CA-2015-128356,20151002,RP-19390,OFF-SU-10004290,LOC00462,Standard Class,10.944,2,0.2,0.9576
8428,CA-2017-167017,20171123,DC-12850,OFF-SU-10001935,LOC00528,First Class,4.36,2,0.0,0.1744
8429,US-2017-132220,20171112,DJ-13510,TEC-AC-10004227,LOC00287,Standard Class,62.352,6,0.2,-10.9116
8430,CA-2016-118129,20161219,CL-12565,FUR-FU-10004904,LOC00333,Second Class,303.92,5,0.2,-30.392
8431,US-2014-113124,20140330,NC-18340,OFF-ST-10001511,LOC00422,Standard Class,129.3,2,0.0,6.465
8432,CA-2017-155621,20171108,KN-16450,FUR-FU-10003535,LOC00309,Standard Class,274.2,10,0.0,112.422
8433,US-2014-127635,20140914,SC-20260,OFF-FA-10000053,LOC00414,Second Class,6.048,4,0.2,-1.3608
8434,US-2014-127635,20140914,SC-20260,OFF-PA-10004610,LOC00414,Second Class,6.848,2,0.2,2.14
8435,US-2014-127635,20140914,SC-20260,FUR-FU-10000550,LOC00414,Second Class,9.96,5,0.6,-6.723
8436,US-2014-127635,20140914,SC-20260,OFF-BI-10001721,LOC00414,Second Class,8.552,2,0.8,-13.6832
8437,CA-2015-151470,20150920,AM-10705,OFF-BI-10004040,LOC00122,Standard Class,45.584,11,0.2,16.5242
8438,CA-2015-112823,20151210,RA-19945,TEC-AC-10002550,LOC00178,Standard Class,25.488,2,0.2,4.4604
8439,CA-2014-108861,20140528,MM-17260,OFF-BI-10003876,LOC00060,Standard Class,136.96,4,0.2,51.36
8440,CA-2017-114370,20170314,BN-11470,TEC-PH-10000213,LOC00037,Second Class,49.616,2,0.2,4.9616
8441,CA-2016-158302,20161208,JB-16045,OFF-PA-10002615,LOC00048,Second Class,10.584,3,0.2,3.4398
8442,CA-2017-145779,20170506,DB-13615,OFF-PA-10002254,LOC00116,Standard Class,84.416,4,0.2,27.4352
8443,US-2016-155173,20160306,JB-16045,TEC-PH-10004586,LOC00075,Standard Class,431.94,2,0.4,-71.99
8444,US-2016-155173,20160306,JB-16045,OFF-BI-10002982,LOC00075,Standard Class,2.043,1,0.7,-1.4982
8445,US-2016-155173,20160306,JB-16045,TEC-PH-10002538,LOC00075,Standard Class,68.238,3,0.4,-12.5103
8446,CA-2017-125451,20171023,AH-10075,FUR-TA-10001039,LOC00482,First Class,240.744,4,0.3,-13.7568
8447,CA-2017-125451,20171023,AH-10075,FUR-FU-10004963,LOC00482,First Class,35.0,4,0.0,14.7
8448,CA-2017-125451,20171023,AH-10075,FUR-FU-10000277,LOC00482,First Class,210.68,2,0.0,50.5632
8449,CA-2017-125451,20171023,AH-10075,FUR-TA-10004915,LOC00482,First Class,637.896,3,0.3,-127.5792
8450,CA-2017-125451,20171023,AH-10075,OFF-PA-10003724,LOC00482,First Class,43.44,8,0.0,21.2856
8451,CA-2017-125451,20171023,AH-10075,OFF-AP-10002906,LOC00482,First Class,2.22,1,0.0,0.666
8452,CA-2014-131387,20140428,AI-10855,TEC-PH-10001459,LOC00035,First Class,1679.96,5,0.2,125.997
8453,CA-2016-125087,20160418,TH-21115,FUR-CH-10002880,LOC00033,Standard Class,344.372,4,0.3,-93.4724
8454,CA-2016-125087,20160418,TH-21115,OFF-ST-10001780,LOC00033,Standard Class,1554.936,3,0.2,77.7468
8455,CA-2016-125087,20160418,TH-21115,FUR-FU-10004748,LOC00033,Standard Class,127.88,5,0.6,-67.137
8456,CA-2016-154081,20160522,JE-15610,TEC-PH-10001918,LOC00014,Standard Class,222.384,2,0.2,22.2384
8457,US-2017-118556,20170528,TH-21235,FUR-CH-10001146,LOC00156,Second Class,106.869,3,0.3,-29.0073
8458,US-2017-118556,20170528,TH-21235,OFF-BI-10004364,LOC00156,Second Class,3.564,3,0.8,-6.237
8459,CA-2014-126200,20140825,JE-15715,OFF-BI-10002133,LOC00033,Standard Class,25.68,3,0.8,-39.804
8460,CA-2014-126200,20140825,JE-15715,OFF-BI-10002225,LOC00033,Standard Class,12.384,3,0.8,-19.8144
8461,CA-2014-146500,20140830,AT-10735,OFF-BI-10002432,LOC00320,Standard Class,25.3,5,0.0,11.891
8462,CA-2014-146500,20140830,AT-10735,OFF-ST-10000563,LOC00320,Standard Class,95.94,3,0.0,9.594
8463,CA-2015-169537,20150903,JH-15820,OFF-LA-10001982,LOC00545,Second Class,7.5,2,0.0,3.6
8464,CA-2014-100881,20140328,DR-12940,TEC-PH-10003273,LOC00384,Standard Class,302.376,3,0.2,22.6782
8465,CA-2015-144043,20150510,AB-10165,TEC-AC-10002718,LOC00128,Standard Class,46.688,4,0.2,-2.918
8466,CA-2015-116512,20150409,MC-18100,OFF-ST-10001505,LOC00024,Standard Class,17.94,3,0.0,3.0498
8467,CA-2015-101000,20150409,IG-15085,OFF-AP-10000179,LOC00212,Standard Class,370.14,3,0.0,144.3546
8468,CA-2016-168557,20160919,FH-14275,OFF-BI-10002309,LOC00035,Standard Class,8.928,2,0.2,3.1248
8469,US-2016-164196,20161111,AS-10285,FUR-TA-10001950,LOC00421,Standard Class,2678.94,6,0.0,241.1046
8470,US-2017-132031,20170423,PN-18775,FUR-BO-10001972,LOC00379,Standard Class,387.136,4,0.2,-14.5176
8471,US-2017-132031,20170423,PN-18775,TEC-AC-10002473,LOC00379,Standard Class,45.408,2,0.2,11.9196
8472,US-2017-132031,20170423,PN-18775,FUR-FU-10000193,LOC00379,Standard Class,77.952,3,0.2,-11.6928
8473,US-2017-132031,20170423,PN-18775,OFF-LA-10000081,LOC00379,Standard Class,3.0,1,0.2,1.05
8474,CA-2015-169733,20151022,GM-14500,OFF-ST-10000876,LOC00476,Second Class,9.952,1,0.2,0.9952
8475,CA-2017-169404,20170409,NC-18625,OFF-BI-10004492,LOC00357,Standard Class,37.896,4,0.7,-29.0536
8476,CA-2017-169404,20170409,NC-18625,OFF-PA-10001033,LOC00357,Standard Class,65.584,2,0.2,23.7742
8477,CA-2017-134880,20171027,TW-21025,OFF-PA-10004039,LOC00155,Standard Class,44.784,1,0.2,16.2342
8478,CA-2015-145758,20151030,BF-11020,TEC-MA-10004552,LOC00024,Same Day,1035.8,4,0.0,269.308
8479,CA-2017-158736,20171218,TT-21460,OFF-AR-10002578,LOC00095,Standard Class,5.76,2,0.0,1.6704
8480,US-2016-119270,20160312,SW-20245,OFF-PA-10004022,LOC00002,Standard Class,19.98,2,0.0,8.991
8481,CA-2014-109890,20140721,PG-18820,TEC-PH-10004100,LOC00199,Standard Class,35.98,2,0.0,10.0744
8482,CA-2016-138583,20160524,DP-13390,OFF-AR-10001860,LOC00075,Standard Class,16.656,3,0.2,3.3312
8483,US-2017-118535,20170211,DJ-13510,OFF-LA-10001297,LOC00024,Standard Class,20.7,2,0.0,9.936
8484,CA-2016-126284,20160920,EN-13780,OFF-BI-10004828,LOC00438,Standard Class,83.7,5,0.0,41.013
8485,CA-2017-142391,20170924,PB-19150,FUR-FU-10002759,LOC00061,Same Day,199.8,10,0.0,71.928
8486,CA-2017-124716,20170327,BD-11560,OFF-PA-10000740,LOC00254,Standard Class,45.68,2,0.0,21.0128
8487,CA-2017-124716,20170327,BD-11560,OFF-PA-10001144,LOC00254,Standard Class,110.96,2,0.0,53.2608
8488,CA-2017-124716,20170327,BD-11560,OFF-PA-10000859,LOC00254,Standard Class,11.94,3,0.0,5.97
8489,CA-2016-158841,20160202,SE-20110,TEC-MA-10001127,LOC00102,Second Class,8749.95,5,0.0,2799.984
8490,CA-2016-158841,20160202,SE-20110,OFF-BI-10002557,LOC00102,Second Class,36.4,8,0.0,18.2
8491,CA-2016-158841,20160202,SE-20110,FUR-FU-10001731,LOC00102,Second Class,18.69,7,0.0,7.1022
8492,CA-2017-106824,20170707,AT-10735,OFF-FA-10001135,LOC00014,Standard Class,5.94,3,0.0,0.1188
8493,CA-2015-109190,20151023,CC-12685,OFF-PA-10000069,LOC00339,Standard Class,60.736,8,0.2,20.4984
8494,CA-2015-109190,20151023,CC-12685,TEC-CO-10001943,LOC00339,Standard Class,479.976,3,0.2,161.9919
8495,CA-2015-109190,20151023,CC-12685,OFF-BI-10000977,LOC00339,Standard Class,6.08,1,0.8,-10.336
8496,CA-2016-143154,20161202,AS-10225,TEC-AC-10002942,LOC00594,Standard Class,165.6,3,0.2,-6.21
8497,CA-2014-169061,20140305,AB-10150,OFF-AR-10000588,LOC00232,Second Class,59.52,3,0.0,15.4752
8498,CA-2014-169061,20140305,AB-10150,TEC-AC-10002001,LOC00232,Second Class,479.97,3,0.0,177.5889
8499,CA-2014-169061,20140305,AB-10150,OFF-SU-10000381,LOC00232,Second Class,18.62,2,0.0,5.3998
8500,CA-2014-169061,20140305,AB-10150,OFF-BI-10001617,LOC00232,Second Class,49.632,6,0.2,16.7508
8501,CA-2014-169061,20140305,AB-10150,OFF-PA-10001878,LOC00232,Second Class,97.82,2,0.0,45.9754
8502,CA-2015-102316,20150301,DH-13075,TEC-PH-10000376,LOC00063,Second Class,15.984,2,0.2,1.1988
8503,CA-2015-102316,20150301,DH-13075,FUR-CH-10003396,LOC00063,Second Class,184.752,3,0.2,-20.7846
8504,CA-2014-164903,20140220,SR-20740,OFF-PA-10003363,LOC00014,Standard Class,12.96,2,0.0,6.2208
8505,CA-2016-109400,20160502,NR-18550,FUR-CH-10003298,LOC00140,Standard Class,366.744,4,0.3,-110.0232
8506,CA-2016-130400,20160308,SJ-20125,OFF-BI-10001757,LOC00163,Standard Class,8.856,9,0.8,-14.1696
8507,CA-2016-130400,20160308,SJ-20125,TEC-AC-10004633,LOC00163,Standard Class,27.96,5,0.2,8.388
8508,CA-2016-130400,20160308,SJ-20125,OFF-EN-10001453,LOC00163,Standard Class,146.352,3,0.2,49.3938
8509,CA-2015-135853,20151211,CA-12775,TEC-AC-10004761,LOC00186,First Class,175.23,11,0.0,61.3305
8510,CA-2015-135853,20151211,CA-12775,TEC-PH-10003691,LOC00186,First Class,125.99,1,0.0,31.4975
8511,CA-2015-135853,20151211,CA-12775,OFF-BI-10004965,LOC00186,First Class,23.0,2,0.0,10.35
8512,CA-2016-103359,20161222,LC-16885,OFF-BI-10004233,LOC00046,Standard Class,25.584,2,0.2,8.9544
8513,CA-2016-144645,20160202,NS-18640,FUR-FU-10003601,LOC00017,Standard Class,73.784,2,0.6,-77.4732
8514,CA-2017-141614,20170605,NS-18640,OFF-PA-10002787,LOC00416,Standard Class,20.736,4,0.2,7.2576
8515,CA-2015-122168,20150821,HG-14965,OFF-AR-10003602,LOC00203,Standard Class,17.52,3,0.0,8.2344
8516,CA-2015-122168,20150821,HG-14965,OFF-AR-10002053,LOC00203,Standard Class,35.76,12,0.0,10.0128
8517,CA-2016-132899,20160407,SF-20200,OFF-AR-10002833,LOC00030,Standard Class,3.64,2,0.0,0.9828
8518,CA-2017-149720,20170604,EM-14065,FUR-FU-10002501,LOC00407,Second Class,30.336,6,0.6,-17.4432
8519,CA-2017-118003,20171204,DO-13645,FUR-FU-10002506,LOC00336,Standard Class,12.99,1,0.0,1.5588
8520,CA-2017-118003,20171204,DO-13645,FUR-CH-10003817,LOC00336,Standard Class,182.22,3,0.0,45.555
8521,CA-2017-118003,20171204,DO-13645,FUR-CH-10004860,LOC00336,Standard Class,302.94,3,0.0,18.1764
8522,CA-2016-141887,20160111,MP-17470,FUR-FU-10002268,LOC00048,Standard Class,54.992,14,0.2,8.9362
8523,US-2016-160206,20160401,MY-18295,TEC-PH-10000148,LOC00202,Standard Class,12.99,1,0.0,0.2598
8524,CA-2017-133074,20170921,DB-13615,OFF-PA-10004082,LOC00010,Standard Class,55.86,7,0.0,27.93
8525,CA-2017-161172,20170316,SP-20920,TEC-PH-10004348,LOC00048,Same Day,44.376,2,0.4,-7.396
8526,CA-2017-161172,20170316,SP-20920,FUR-FU-10003424,LOC00048,Same Day,51.264,6,0.2,7.6896
8527,CA-2017-161172,20170316,SP-20920,OFF-BI-10004654,LOC00048,Same Day,5.193,3,0.7,-3.462
8528,CA-2017-161172,20170316,SP-20920,TEC-AC-10004571,LOC00048,Same Day,159.984,2,0.2,43.9956
8529,CA-2017-161172,20170316,SP-20920,OFF-ST-10000675,LOC00048,Same Day,54.224,2,0.2,3.389
8530,CA-2017-137624,20171110,ME-17320,FUR-CH-10001714,LOC00142,Standard Class,241.424,2,0.2,-36.2136
8531,CA-2016-156748,20161130,BS-11755,OFF-PA-10000380,LOC00084,Standard Class,33.36,4,0.0,16.68
8532,CA-2016-156748,20161130,BS-11755,OFF-PA-10002713,LOC00084,Standard Class,13.76,2,0.0,6.3296
8533,CA-2016-156748,20161130,BS-11755,OFF-ST-10001370,LOC00084,Standard Class,496.86,7,0.0,24.843
8534,CA-2016-156748,20161130,BS-11755,FUR-CH-10000513,LOC00084,Standard Class,389.97,3,0.0,35.0973
8535,CA-2015-169677,20150113,KS-16300,OFF-LA-10003223,LOC00113,Second Class,9.82,2,0.0,4.8118
8536,US-2014-163146,20140516,CC-12475,TEC-AC-10002217,LOC00035,Standard Class,56.4,3,0.0,3.384
8537,CA-2015-157343,20150607,HD-14785,OFF-BI-10003707,LOC00106,Standard Class,18.312,4,0.7,-12.208
8538,CA-2015-157343,20150607,HD-14785,OFF-PA-10000552,LOC00106,Standard Class,25.92,5,0.2,9.072
8539,CA-2015-157343,20150607,HD-14785,OFF-AR-10003183,LOC00106,Standard Class,8.016,3,0.2,1.002
8540,CA-2017-147354,20170309,KB-16315,TEC-CO-10000971,LOC00142,Standard Class,479.984,2,0.2,59.998
8541,CA-2017-147354,20170309,KB-16315,OFF-BI-10003910,LOC00142,Standard Class,30.84,5,0.2,9.6375
8542,CA-2015-157287,20151222,HR-14830,OFF-ST-10001172,LOC00012,First Class,33.568,2,0.2,1.6784
8543,CA-2015-157287,20151222,HR-14830,FUR-CH-10001270,LOC00012,First Class,422.625,7,0.3,0.0
8544,CA-2014-137575,20140806,TB-21625,TEC-AC-10004571,LOC00046,Standard Class,199.98,2,0.0,83.9916
8545,CA-2016-119074,20160327,DS-13180,FUR-FU-10004053,LOC00113,Standard Class,20.24,1,0.0,8.7032
8546,CA-2016-119074,20160327,DS-13180,FUR-FU-10003731,LOC00113,Standard Class,39.92,4,0.0,11.1776
8547,CA-2016-119074,20160327,DS-13180,OFF-BI-10000962,LOC00113,Standard Class,32.54,2,0.0,15.9446
8548,CA-2015-149566,20151205,GB-14530,TEC-AC-10001266,LOC00014,Standard Class,39.0,3,0.0,17.55
8549,CA-2015-149566,20151205,GB-14530,OFF-LA-10000452,LOC00014,Standard Class,12.6,4,0.0,6.048
8550,CA-2015-126186,20150911,GB-14530,FUR-FU-10000073,LOC00043,First Class,24.64,4,0.2,4.004
8551,CA-2015-121132,20150717,VB-21745,OFF-LA-10002368,LOC00017,Standard Class,6.264,3,0.2,2.0358
8552,CA-2015-121132,20150717,VB-21745,OFF-FA-10004248,LOC00017,Standard Class,14.432,4,0.2,3.4276
8553,CA-2014-140473,20140530,MC-17425,TEC-CO-10004202,LOC00037,Standard Class,719.976,3,0.2,134.9955
8554,US-2017-102904,20171113,CB-12025,TEC-AC-10000927,LOC00034,Standard Class,239.92,8,0.0,23.992
8555,CA-2016-102092,20161209,PM-18940,FUR-TA-10002530,LOC00029,First Class,1056.86,7,0.0,158.529
8556,CA-2015-117884,20150322,DC-13285,TEC-AC-10002567,LOC00454,Same Day,447.944,7,0.2,89.5888
8557,CA-2015-117884,20150322,DC-13285,OFF-ST-10002182,LOC00454,Same Day,150.408,9,0.2,-33.8418
8558,CA-2016-132829,20161223,LA-16780,TEC-PH-10004539,LOC00017,Second Class,453.576,3,0.2,39.6879
8559,CA-2016-132829,20161223,LA-16780,OFF-LA-10002945,LOC00017,Second Class,45.36,9,0.2,14.742
8560,CA-2016-132829,20161223,LA-16780,TEC-PH-10004345,LOC00017,Second Class,287.88,3,0.2,35.985
8561,CA-2016-132829,20161223,LA-16780,TEC-PH-10004912,LOC00017,Second Class,131.88,3,0.2,14.8365
8562,CA-2016-132829,20161223,LA-16780,FUR-FU-10000206,LOC00017,Second Class,2.328,2,0.6,-0.7566
8563,CA-2016-123540,20160402,DJ-13420,FUR-CH-10000847,LOC00202,Second Class,1454.9,5,0.0,378.274
8564,US-2017-108315,20170430,MH-18115,OFF-BI-10000822,LOC00607,Standard Class,4.842,3,0.7,-3.5508
8565,US-2017-108315,20170430,MH-18115,FUR-FU-10000747,LOC00607,Standard Class,220.704,6,0.2,-8.2764
8566,CA-2016-134110,20161117,BG-11035,TEC-PH-10002350,LOC00486,First Class,67.176,3,0.2,6.7176
8567,CA-2016-134110,20161117,BG-11035,OFF-PA-10000697,LOC00486,First Class,15.232,4,0.2,5.5216
8568,US-2016-136581,20161110,SV-20365,OFF-PA-10002787,LOC00413,First Class,31.104,6,0.2,10.8864
8569,CA-2016-162390,20161206,DP-13105,OFF-BI-10004318,LOC00420,Standard Class,968.744,7,0.2,314.8418
8570,CA-2016-162390,20161206,DP-13105,OFF-BI-10001721,LOC00420,Standard Class,222.352,13,0.2,77.8232
8571,CA-2016-162390,20161206,DP-13105,TEC-CO-10004202,LOC00420,Standard Class,479.984,2,0.2,89.997
8572,CA-2016-162222,20160403,SR-20740,OFF-PA-10003893,LOC00177,Same Day,10.272,3,0.2,3.21
8573,CA-2014-121629,20141128,BT-11680,TEC-MA-10004679,LOC00017,Standard Class,998.85,5,0.4,-199.77
8574,CA-2015-164623,20151020,MS-17770,OFF-PA-10000249,LOC00046,First Class,24.56,2,0.0,11.5432
8575,CA-2014-159849,20140919,JK-15640,OFF-FA-10000053,LOC00095,Same Day,5.67,3,0.0,0.1134
8576,CA-2017-101273,20170827,ST-20530,OFF-AP-10000804,LOC00455,Second Class,14.336,4,0.2,0.896
8577,CA-2017-106747,20170703,TS-21505,FUR-FU-10004188,LOC00209,First Class,102.3,1,0.0,26.598
8578,CA-2017-146164,20171222,CM-12190,FUR-TA-10004915,LOC00039,Standard Class,607.52,2,0.0,97.2032
8579,CA-2017-146164,20171222,CM-12190,OFF-ST-10001228,LOC00039,Standard Class,31.16,2,0.0,7.79
8580,CA-2016-111605,20161227,JW-15955,OFF-LA-10002368,LOC00176,Standard Class,2.61,1,0.0,1.2006
8581,CA-2014-130673,20140520,MC-17590,FUR-FU-10003489,LOC00608,Second Class,10.332,3,0.6,-5.9409
8582,CA-2014-130673,20140520,MC-17590,OFF-PA-10000289,LOC00608,Second Class,10.368,2,0.2,3.6288
8583,CA-2014-130673,20140520,MC-17590,TEC-AC-10004227,LOC00608,Second Class,20.784,2,0.2,-3.6372
8584,CA-2014-130673,20140520,MC-17590,OFF-ST-10000636,LOC00608,Second Class,66.96,5,0.2,-13.392
8585,CA-2014-104808,20140204,MH-17440,OFF-BI-10003676,LOC00247,Second Class,17.248,2,0.2,6.0368
8586,US-2017-132927,20171209,RD-19720,OFF-BI-10001116,LOC00064,Standard Class,11.088,7,0.7,-8.1312
8587,CA-2017-162015,20170711,KB-16240,TEC-AC-10003832,LOC00014,Standard Class,1287.45,5,0.0,244.6155
8588,CA-2017-162015,20170711,KB-16240,OFF-AP-10003040,LOC00014,Standard Class,168.1,5,0.0,43.706
8589,CA-2015-138492,20150515,FC-14335,OFF-ST-10002583,LOC00012,Standard Class,51.968,2,0.2,-10.3936
8590,CA-2017-145338,20170129,BD-11770,OFF-AR-10002053,LOC00075,First Class,4.768,2,0.2,0.4768
8591,CA-2017-126676,20170929,FH-14365,OFF-EN-10004846,LOC00420,First Class,7.98,3,0.0,3.9102
8592,CA-2017-101700,20170423,SO-20335,OFF-EN-10003134,LOC00609,First Class,18.688,2,0.2,7.008
8593,CA-2017-101700,20170423,SO-20335,FUR-FU-10001025,LOC00609,First Class,11.664,3,0.2,3.3534
8594,CA-2017-159667,20171109,PM-19135,TEC-AC-10002567,LOC00134,Standard Class,191.976,3,0.2,38.3952
8595,CA-2017-159667,20171109,PM-19135,TEC-PH-10004094,LOC00134,Standard Class,499.168,4,0.2,31.198
8596,CA-2014-111934,20140505,GD-14590,OFF-BI-10004364,LOC00102,First Class,11.88,2,0.0,5.346
8597,CA-2014-111934,20140505,GD-14590,OFF-PA-10000474,LOC00102,First Class,35.44,1,0.0,16.6568
8598,US-2016-117387,20161027,PA-19060,OFF-BI-10004308,LOC00035,Standard Class,67.136,4,0.2,25.176
8599,CA-2014-141110,20141126,LS-17200,OFF-BI-10002012,LOC00254,Standard Class,4.32,3,0.2,1.512
8600,CA-2014-141110,20141126,LS-17200,OFF-PA-10002586,LOC00254,Standard Class,14.94,3,0.0,7.0218
8601,CA-2014-141110,20141126,LS-17200,OFF-AP-10000692,LOC00254,Standard Class,40.54,2,0.0,11.3512
8602,CA-2014-141110,20141126,LS-17200,OFF-BI-10001553,LOC00254,Standard Class,7.312,1,0.2,2.5592
8603,US-2014-133949,20141231,JL-15175,TEC-PH-10004908,LOC00245,Same Day,475.944,7,0.2,59.493
8604,US-2016-116365,20160103,CA-12310,TEC-AC-10002217,LOC00066,Standard Class,30.08,2,0.2,-5.264
8605,US-2016-116365,20160103,CA-12310,TEC-AC-10002942,LOC00066,Standard Class,165.6,3,0.2,-6.21
8606,US-2016-116365,20160103,CA-12310,TEC-PH-10002890,LOC00066,Standard Class,180.96,5,0.2,13.572
8607,CA-2017-162936,20170818,CM-12160,TEC-AC-10003614,LOC00274,Standard Class,23.18,2,0.0,7.6494
8608,CA-2014-151946,20140604,BT-11440,FUR-FU-10002878,LOC00046,Standard Class,56.96,2,0.0,21.0752
8609,CA-2014-151946,20140604,BT-11440,OFF-AP-10001626,LOC00046,Standard Class,15.56,4,0.0,4.0456
8610,CA-2014-151946,20140604,BT-11440,FUR-BO-10003272,LOC00046,Standard Class,353.568,2,0.2,-44.196
8611,CA-2014-151946,20140604,BT-11440,FUR-FU-10002191,LOC00046,Standard Class,13.96,2,0.0,6.7008
8612,CA-2017-123624,20171113,SE-20110,TEC-AC-10000682,LOC00570,Second Class,82.95,5,0.0,29.0325
8613,CA-2016-146437,20160128,HG-14965,OFF-AR-10000588,LOC00002,Second Class,39.68,2,0.0,10.3168
8614,CA-2016-138233,20161109,PF-19165,TEC-AC-10002001,LOC00233,Standard Class,479.97,3,0.0,177.5889
8615,CA-2016-165918,20160910,BD-11770,OFF-LA-10003720,LOC00200,Standard Class,7.38,2,0.0,3.4686
8616,CA-2016-165918,20160910,BD-11770,OFF-BI-10004364,LOC00200,Standard Class,14.256,3,0.2,4.455
8617,CA-2016-165918,20160910,BD-11770,OFF-PA-10000100,LOC00200,Standard Class,81.98,2,0.0,40.1702
8618,CA-2016-165918,20160910,BD-11770,OFF-BI-10004826,LOC00200,Standard Class,39.624,3,0.2,13.8684
8619,CA-2017-117513,20170303,BT-11395,FUR-TA-10001520,LOC00026,Standard Class,399.672,7,0.2,-14.9877
8620,CA-2017-132437,20170908,EM-14095,OFF-ST-10001031,LOC00024,Second Class,65.12,4,0.0,16.9312
8621,US-2017-119319,20171106,LC-17050,FUR-FU-10003878,LOC00163,Second Class,30.56,5,0.6,-19.864
8622,CA-2017-104318,20170513,FH-14275,OFF-AP-10000358,LOC00079,Standard Class,20.768,2,0.2,2.3364
8623,US-2016-114230,20161127,CM-12235,OFF-ST-10000876,LOC00052,Standard Class,39.808,4,0.2,3.9808
8624,CA-2015-136147,20151113,FM-14380,OFF-BI-10004224,LOC00329,Standard Class,121.104,6,0.7,-100.92
8625,CA-2015-136147,20151113,FM-14380,TEC-AC-10004568,LOC00329,Standard Class,111.96,5,0.2,-1.3995
8626,CA-2015-156118,20151208,HG-14965,OFF-PA-10000533,LOC00098,Standard Class,15.696,3,0.2,5.1012
8627,CA-2015-164084,20150907,AG-10525,OFF-ST-10003638,LOC00165,Standard Class,70.26,3,0.0,18.9702
8628,CA-2015-164084,20150907,AG-10525,TEC-AC-10002305,LOC00165,Standard Class,90.0,5,0.0,16.2
8629,CA-2015-164084,20150907,AG-10525,OFF-BI-10000605,LOC00165,Standard Class,6.096,2,0.2,2.0574
8630,CA-2015-164084,20150907,AG-10525,FUR-TA-10003569,LOC00165,Standard Class,481.176,2,0.4,-120.294
8631,CA-2015-164084,20150907,AG-10525,OFF-FA-10003059,LOC00165,Standard Class,7.24,4,0.0,2.3892
8632,CA-2016-107783,20160728,OT-18730,FUR-BO-10004409,LOC00530,First Class,177.45,5,0.5,-78.078
8633,CA-2016-107783,20160728,OT-18730,OFF-BI-10000545,LOC00530,First Class,1369.764,6,0.7,-913.176
8634,CA-2016-107783,20160728,OT-18730,OFF-AP-10004052,LOC00530,First Class,9.48,3,0.2,0.711
8635,CA-2017-159793,20170825,SV-20365,FUR-BO-10001798,LOC00012,Standard Class,130.98,2,0.5,-89.0664
8636,CA-2014-160094,20140430,JM-16195,OFF-AR-10004010,LOC00176,First Class,174.95,5,0.0,45.487
8637,CA-2014-160094,20140430,JM-16195,OFF-ST-10000585,LOC00176,First Class,826.0,5,0.0,214.76
8638,CA-2017-151281,20170427,HM-14980,FUR-FU-10000397,LOC00060,Standard Class,139.58,7,0.0,39.0824
8639,CA-2017-118346,20170723,PO-19180,TEC-AC-10000736,LOC00310,First Class,399.95,5,0.0,143.982
8640,CA-2014-129819,20141213,KC-16675,OFF-BI-10004970,LOC00001,Second Class,12.39,3,0.0,5.8233
8641,US-2017-148551,20170112,DB-13120,OFF-BI-10000545,LOC00163,Standard Class,760.98,5,0.8,-1141.47
8642,CA-2017-147767,20171202,SV-20935,OFF-BI-10001670,LOC00346,Same Day,67.86,6,0.7,-45.24
8643,CA-2015-108259,20151108,NS-18640,OFF-FA-10000624,LOC00223,Standard Class,31.504,11,0.2,11.814
8644,CA-2015-108259,20151108,NS-18640,OFF-LA-10002945,LOC00223,Standard Class,5.04,1,0.2,1.638
8645,CA-2015-108259,20151108,NS-18640,OFF-BI-10000315,LOC00223,Standard Class,39.879,7,0.7,-29.2446
8646,CA-2015-108259,20151108,NS-18640,FUR-FU-10000023,LOC00223,Standard Class,4.712,1,0.2,1.4136
8647,CA-2016-113341,20161125,MH-17455,FUR-CH-10004698,LOC00004,Standard Class,194.352,3,0.2,19.4352
8648,US-2015-131842,20151205,RR-19525,FUR-CH-10004477,LOC00396,First Class,97.424,2,0.2,10.9602
8649,CA-2016-164574,20160729,RH-19555,OFF-ST-10003816,LOC00044,Standard Class,704.76,5,0.2,26.4285
8650,CA-2016-164574,20160729,RH-19555,OFF-BI-10002429,LOC00044,Standard Class,27.396,3,0.7,-20.0904
8651,CA-2014-142769,20140913,RP-19390,OFF-FA-10000840,LOC00006,Same Day,5.7,5,0.0,2.679
8652,CA-2014-142769,20140913,RP-19390,FUR-FU-10001918,LOC00006,Same Day,14.19,3,0.0,5.5341
8653,CA-2014-142769,20140913,RP-19390,OFF-SU-10001574,LOC00006,Same Day,7.3,2,0.0,2.19
8654,CA-2014-142769,20140913,RP-19390,TEC-AC-10001606,LOC00006,Same Day,199.98,2,0.0,75.9924
8655,CA-2014-142769,20140913,RP-19390,TEC-AC-10003399,LOC00006,Same Day,144.96,4,0.0,60.8832
8656,CA-2014-142769,20140913,RP-19390,TEC-AC-10000865,LOC00006,Same Day,118.0,2,0.0,20.06
8657,CA-2014-142769,20140913,RP-19390,OFF-PA-10002923,LOC00006,Same Day,48.94,1,0.0,24.47
8658,CA-2014-142769,20140913,RP-19390,OFF-AP-10004785,LOC00006,Same Day,22.66,2,0.0,9.7438
8659,CA-2016-168361,20160621,KB-16600,OFF-BI-10003727,LOC00037,Standard Class,0.836,1,0.8,-1.3376
8660,CA-2016-153185,20160903,MH-17620,OFF-PA-10002246,LOC00094,Standard Class,30.96,6,0.2,11.223
8661,CA-2017-124765,20171125,HZ-14950,FUR-BO-10003965,LOC00003,Standard Class,723.92,5,0.2,-81.441
8662,CA-2015-131856,20150512,JG-15160,FUR-FU-10000175,LOC00017,Standard Class,21.968,4,0.6,-15.9268
8663,CA-2015-131856,20150512,JG-15160,TEC-PH-10001336,LOC00017,Standard Class,619.152,6,0.2,69.6546
8664,CA-2015-131856,20150512,JG-15160,OFF-PA-10001954,LOC00017,Standard Class,127.904,7,0.2,41.5688
8665,CA-2017-126634,20170330,AB-10165,FUR-FU-10004973,LOC00469,Second Class,94.2,5,0.0,39.564
8666,CA-2016-118500,20161117,HJ-14875,OFF-SU-10004231,LOC00035,First Class,49.5,5,0.0,13.365
8667,CA-2016-163951,20161230,CJ-11875,OFF-AR-10004269,LOC00012,First Class,16.52,5,0.2,1.652
8668,CA-2016-149916,20161222,ED-13885,OFF-BI-10004002,LOC00061,Second Class,55.36,4,0.2,19.376
8669,CA-2016-149916,20161222,ED-13885,TEC-MA-10000752,LOC00061,Second Class,11.56,1,0.2,3.757
8670,CA-2015-158918,20151220,AI-10855,OFF-PA-10004947,LOC00002,Second Class,17.12,4,0.0,7.704
8671,US-2014-159611,20141227,KB-16315,FUR-FU-10004904,LOC00178,Second Class,182.352,3,0.2,-18.2352
8672,US-2014-159611,20141227,KB-16315,OFF-ST-10002790,LOC00178,Second Class,118.16,2,0.2,-25.109
8673,CA-2017-163265,20170216,JS-16030,OFF-FA-10004854,LOC00068,Standard Class,18.368,2,0.2,6.1992
8674,CA-2017-163265,20170216,JS-16030,FUR-CH-10004063,LOC00068,Standard Class,600.558,3,0.3,-8.5794
8675,CA-2017-163265,20170216,JS-16030,OFF-ST-10000642,LOC00068,Standard Class,50.352,3,0.2,-8.1822
8676,CA-2017-163265,20170216,JS-16030,OFF-AR-10004078,LOC00068,Standard Class,28.032,6,0.2,3.504
8677,CA-2017-163265,20170216,JS-16030,FUR-FU-10004270,LOC00068,Standard Class,7.692,1,0.6,-3.6537
8678,CA-2017-141705,20171024,PO-18850,FUR-TA-10004607,LOC00610,First Class,517.405,5,0.3,-81.3065
8679,CA-2016-112739,20160902,RD-19810,OFF-BI-10001132,LOC00033,Second Class,8.608,8,0.8,-13.3424
8680,CA-2016-112739,20160902,RD-19810,TEC-AC-10001714,LOC00033,Second Class,159.56,5,0.2,33.9065
8681,CA-2016-143805,20161201,JD-15895,OFF-AP-10002945,LOC00196,Second Class,2104.55,7,0.0,694.5015
8682,CA-2016-143805,20161201,JD-15895,OFF-SU-10004664,LOC00196,Second Class,40.7,5,0.0,11.803
8683,CA-2014-133634,20141105,SR-20740,TEC-AC-10002550,LOC00102,Standard Class,47.79,3,0.0,16.2486
8684,CA-2017-101665,20171125,TZ-21580,OFF-AR-10002335,LOC00035,Standard Class,5.16,2,0.0,1.3416
8685,CA-2016-155446,20161216,TN-21040,TEC-AC-10001445,LOC00143,Standard Class,21.21,7,0.0,4.4541
8686,CA-2017-137323,20171114,PW-19030,OFF-ST-10003996,LOC00291,Second Class,96.36,6,0.0,25.0536
8687,CA-2016-144015,20160626,AH-10075,OFF-SU-10003505,LOC00002,Same Day,231.72,2,0.0,11.586
8688,CA-2016-144015,20160626,AH-10075,OFF-FA-10000624,LOC00002,Same Day,17.9,5,0.0,8.95
8689,CA-2016-144015,20160626,AH-10075,OFF-PA-10002870,LOC00002,Same Day,12.48,2,0.0,5.616
8690,CA-2014-101427,20141226,AY-10555,OFF-AR-10002257,LOC00012,Standard Class,8.016,3,0.2,1.1022
8691,CA-2016-136770,20160814,SP-20650,TEC-PH-10003580,LOC00076,Standard Class,259.896,2,0.4,-56.3108
8692,CA-2016-136770,20160814,SP-20650,TEC-PH-10001530,LOC00076,Standard Class,247.188,2,0.4,-49.4376
8693,CA-2016-136770,20160814,SP-20650,TEC-AC-10000420,LOC00076,Standard Class,279.96,5,0.2,48.993
8694,CA-2016-118311,20161024,ED-13885,TEC-AC-10000892,LOC00095,Standard Class,450.0,5,0.0,162.0
8695,US-2014-112795,20140823,CR-12625,OFF-PA-10001934,LOC00438,Second Class,19.44,3,0.0,9.5256
8696,CA-2017-127096,20170915,CS-12400,FUR-TA-10003473,LOC00010,Second Class,300.904,1,0.2,11.2839
8697,CA-2017-119284,20170615,TS-21205,TEC-PH-10001051,LOC00396,Standard Class,239.976,3,0.2,26.9973
8698,CA-2017-119284,20170615,TS-21205,FUR-FU-10004351,LOC00396,Standard Class,31.168,4,0.2,9.3504
8699,CA-2017-119284,20170615,TS-21205,FUR-TA-10004152,LOC00396,Standard Class,120.96,2,0.4,-28.224
8700,CA-2017-119284,20170615,TS-21205,TEC-PH-10000560,LOC00396,Standard Class,2239.936,8,0.2,223.9936
8701,CA-2017-119284,20170615,TS-21205,OFF-AP-10004249,LOC00396,Standard Class,76.608,8,0.2,6.7032
8702,CA-2017-119284,20170615,TS-21205,OFF-ST-10001490,LOC00396,Standard Class,142.776,1,0.2,17.847
8703,CA-2017-119284,20170615,TS-21205,OFF-PA-10000312,LOC00396,Standard Class,91.36,5,0.2,29.692
8704,CA-2015-133494,20150301,RP-19390,OFF-AP-10002906,LOC00075,Standard Class,3.552,2,0.2,0.444
8705,CA-2016-111318,20160723,IL-15100,TEC-PH-10004100,LOC00017,First Class,115.136,8,0.2,11.5136
8706,US-2014-132745,20141001,NF-18475,OFF-FA-10000254,LOC00245,Standard Class,4.71,1,0.0,0.0
8707,CA-2014-146815,20140908,PP-18955,FUR-CH-10004289,LOC00030,Standard Class,172.764,2,0.1,13.4372
8708,CA-2014-146815,20140908,PP-18955,OFF-AR-10003469,LOC00030,Standard Class,3.52,2,0.0,1.6896
8709,CA-2014-119144,20141116,JD-16150,TEC-PH-10004188,LOC00142,First Class,79.968,4,0.2,-17.9928
8710,CA-2014-119144,20141116,JD-16150,FUR-BO-10004015,LOC00142,First Class,305.9745,3,0.15,25.1979
8711,CA-2014-119144,20141116,JD-16150,OFF-ST-10000991,LOC00142,First Class,344.91,3,0.0,10.3473
8712,CA-2014-105648,20140303,EJ-14155,FUR-TA-10002958,LOC00089,Standard Class,626.352,3,0.2,-23.4882
8713,US-2015-145422,20151203,PW-19240,FUR-BO-10002213,LOC00095,Standard Class,359.499,3,0.15,-29.6058
8714,CA-2017-136623,20170711,TS-21430,TEC-PH-10000004,LOC00189,Standard Class,71.952,6,0.2,5.3964
8715,CA-2017-136623,20170711,TS-21430,OFF-BI-10003708,LOC00189,Standard Class,29.8,5,0.2,9.3125
8716,CA-2017-121678,20171116,BM-11650,OFF-BI-10002949,LOC00611,Second Class,1.824,1,0.7,-1.3984
8717,CA-2016-120824,20160612,AW-10930,OFF-AP-10001242,LOC00033,Second Class,64.384,4,0.8,-160.96
8718,CA-2016-120824,20160612,AW-10930,FUR-FU-10001424,LOC00033,Second Class,6.984,2,0.6,-4.5396
8719,CA-2016-120824,20160612,AW-10930,OFF-AR-10003469,LOC00033,Second Class,11.264,8,0.2,3.9424
8720,CA-2016-120824,20160612,AW-10930,OFF-PA-10000232,LOC00033,Second Class,15.552,3,0.2,5.6376
8721,CA-2016-120824,20160612,AW-10930,FUR-CH-10000229,LOC00033,Second Class,379.372,2,0.3,-119.2312
8722,CA-2016-120824,20160612,AW-10930,OFF-ST-10002562,LOC00033,Second Class,67.536,9,0.2,6.7536
8723,CA-2016-120824,20160612,AW-10930,OFF-BI-10001525,LOC00033,Second Class,1.524,2,0.8,-2.667
8724,US-2016-135209,20161229,MH-17290,OFF-PA-10002986,LOC00329,Second Class,37.408,7,0.2,13.0928
8725,US-2016-135209,20161229,MH-17290,OFF-PA-10000143,LOC00329,Second Class,25.344,6,0.2,8.8704
8726,CA-2017-148145,20170318,SW-20275,OFF-AR-10003752,LOC00061,Standard Class,46.2,4,0.0,21.252
8727,CA-2015-103870,20151227,SP-20860,TEC-AC-10002370,LOC00109,Standard Class,4.728,3,0.2,0.7092
8728,CA-2015-103870,20151227,SP-20860,FUR-FU-10002030,LOC00109,Standard Class,53.352,3,0.2,16.0056
8729,CA-2015-103870,20151227,SP-20860,FUR-BO-10002853,LOC00109,Standard Class,131.104,2,0.2,8.194
8730,CA-2015-103870,20151227,SP-20860,OFF-ST-10002562,LOC00109,Standard Class,22.512,3,0.2,2.2512
8731,CA-2015-103870,20151227,SP-20860,TEC-AC-10004227,LOC00109,Standard Class,72.744,7,0.2,-12.7302
8732,CA-2015-111017,20150731,SC-20695,OFF-SU-10002573,LOC00359,Standard Class,52.59,3,0.0,15.777
8733,CA-2017-116988,20170627,PW-19030,OFF-PA-10003848,LOC00060,Second Class,19.44,3,0.0,9.3312
8734,CA-2017-116988,20170627,PW-19030,FUR-FU-10001290,LOC00060,Second Class,126.3,3,0.0,40.416
8735,CA-2017-116988,20170627,PW-19030,TEC-AC-10003832,LOC00060,Second Class,1287.45,5,0.0,244.6155
8736,US-2014-169390,20140207,CS-12250,OFF-ST-10001558,LOC00024,Second Class,64.96,4,0.0,9.744
8737,CA-2016-168774,20160904,RP-19855,OFF-ST-10001490,LOC00533,Standard Class,535.41,3,0.0,160.623
8738,CA-2017-161592,20170406,CS-12175,OFF-BI-10003669,LOC00429,Standard Class,8.1,5,0.7,-5.94
8739,US-2017-131961,20171208,MJ-17740,OFF-AR-10004441,LOC00012,First Class,13.248,4,0.2,3.6432
8740,US-2017-131961,20171208,MJ-17740,TEC-PH-10001924,LOC00012,First Class,83.988,2,0.4,-20.997
8741,CA-2016-102498,20160724,JG-15160,OFF-AR-10004456,LOC00300,First Class,73.2,5,0.0,21.228
8742,CA-2015-113222,20151109,AG-10765,OFF-BI-10001890,LOC00453,Same Day,10.74,3,0.0,5.1552
8743,US-2015-144771,20151002,CK-12205,FUR-FU-10000629,LOC00589,First Class,11.032,1,0.2,3.0338
8744,US-2015-144771,20151002,CK-12205,TEC-AC-10002323,LOC00589,First Class,53.04,3,0.2,-4.641
8745,CA-2015-162376,20151122,HD-14785,OFF-AR-10003056,LOC00566,Second Class,17.12,4,0.0,4.9648
8746,CA-2015-162376,20151122,HD-14785,OFF-PA-10000300,LOC00566,Second Class,59.94,3,0.0,28.1718
8747,CA-2017-128076,20170202,BO-11350,FUR-FU-10000293,LOC00189,Standard Class,210.58,2,0.0,12.6348
8748,CA-2017-128076,20170202,BO-11350,OFF-BI-10003638,LOC00189,Standard Class,30.96,2,0.2,10.062
8749,CA-2017-128076,20170202,BO-11350,TEC-MA-10002109,LOC00189,Standard Class,239.984,2,0.2,38.9974
8750,US-2015-163825,20150616,LC-16885,OFF-BI-10003527,LOC00030,First Class,3050.376,3,0.2,1143.891
8751,US-2015-163825,20150616,LC-16885,TEC-PH-10004922,LOC00030,First Class,133.98,2,0.0,33.495
8752,CA-2016-105662,20160505,RB-19465,OFF-PA-10001001,LOC00395,Standard Class,93.248,4,0.2,31.4712
8753,CA-2016-105662,20160505,RB-19465,TEC-PH-10001198,LOC00395,Standard Class,177.48,3,0.2,19.9665
8754,CA-2017-152198,20170909,JD-16015,OFF-LA-10000443,LOC00214,First Class,17.712,6,0.2,5.9778
8755,CA-2017-152198,20170909,JD-16015,OFF-BI-10003669,LOC00214,First Class,4.86,3,0.7,-3.564
8756,CA-2017-152198,20170909,JD-16015,OFF-BI-10001628,LOC00214,First Class,6.258,2,0.7,-5.215
8757,CA-2016-114307,20160722,MF-17665,OFF-AP-10002350,LOC00210,Standard Class,37.68,2,0.0,10.5504
8758,CA-2016-114307,20160722,MF-17665,OFF-PA-10004100,LOC00210,Standard Class,51.84,8,0.0,24.8832
8759,CA-2016-114307,20160722,MF-17665,FUR-FU-10000794,LOC00210,Standard Class,27.42,3,0.0,9.3228
8760,CA-2016-114307,20160722,MF-17665,OFF-BI-10002012,LOC00210,Standard Class,5.4,3,0.0,2.592
8761,CA-2016-159891,20160131,BF-11170,OFF-BI-10003527,LOC00149,Standard Class,1270.99,1,0.0,635.495
8762,CA-2016-159891,20160131,BF-11170,OFF-EN-10004483,LOC00149,Standard Class,125.36,8,0.0,58.9192
8763,CA-2016-112578,20161229,FO-14305,OFF-ST-10003722,LOC00380,Standard Class,14.03,1,0.0,4.0687
8764,CA-2016-112578,20161229,FO-14305,OFF-SU-10002557,LOC00380,Standard Class,27.96,2,0.0,7.2696
8765,CA-2015-107083,20151121,BB-11545,OFF-AR-10002257,LOC00007,Standard Class,5.344,2,0.2,0.7348
8766,CA-2015-107083,20151121,BB-11545,OFF-BI-10000756,LOC00007,Standard Class,1.696,2,0.8,-2.544
8767,CA-2015-107083,20151121,BB-11545,OFF-AP-10004136,LOC00007,Standard Class,24.588,3,0.8,-67.617
8768,CA-2015-107083,20151121,BB-11545,OFF-BI-10002194,LOC00007,Standard Class,7.98,5,0.8,-13.167
8769,CA-2015-151722,20151005,IL-15100,TEC-AC-10000892,LOC00048,Standard Class,288.0,4,0.2,57.6
8770,CA-2016-151148,20160912,PO-19180,TEC-PH-10001870,LOC00128,Same Day,146.952,3,0.2,9.1845
8771,CA-2016-151148,20160912,PO-19180,FUR-CH-10002304,LOC00128,Same Day,83.136,4,0.2,5.196
8772,CA-2017-115882,20170914,DB-13555,OFF-AP-10002534,LOC00315,First Class,942.784,4,0.2,94.2784
8773,CA-2017-115882,20170914,DB-13555,OFF-PA-10001125,LOC00315,First Class,74.352,3,0.2,23.235
8774,CA-2015-132276,20150223,LC-16960,OFF-AP-10000804,LOC00024,Standard Class,26.88,6,0.0,6.72
8775,CA-2015-132276,20150223,LC-16960,OFF-BI-10002982,LOC00024,Standard Class,10.896,2,0.2,3.8136
8776,CA-2016-163636,20161205,MP-18175,OFF-AR-10001547,LOC00037,Second Class,3.536,2,0.2,0.3094
8777,CA-2016-102813,20160702,EA-14035,FUR-CH-10000665,LOC00144,First Class,528.43,5,0.3,0.0
8778,CA-2016-102813,20160702,EA-14035,OFF-PA-10000520,LOC00144,First Class,41.472,8,0.2,14.5152
8779,CA-2017-135377,20171213,BP-11095,FUR-BO-10004015,LOC00024,Standard Class,287.976,3,0.2,7.1994
8780,CA-2015-165813,20150320,BM-11785,OFF-ST-10004258,LOC00161,Second Class,29.304,3,0.2,2.5641
8781,CA-2015-133585,20150301,CM-12715,OFF-AR-10003696,LOC00033,First Class,55.328,2,0.2,6.2244
8782,CA-2015-133585,20150301,CM-12715,FUR-BO-10001811,LOC00033,First Class,1227.9984,6,0.32,-36.1176
8783,CA-2016-116911,20160915,JD-16150,OFF-BI-10001249,LOC00612,Standard Class,20.416,4,0.2,6.6352
8784,CA-2016-116911,20160915,JD-16150,FUR-TA-10003473,LOC00612,Standard Class,1128.39,3,0.0,259.5297
8785,US-2017-129224,20170317,AS-10630,OFF-LA-10003190,LOC00366,Standard Class,4.608,2,0.2,1.6704
8786,CA-2017-145765,20170528,CM-11815,TEC-PH-10001305,LOC00052,Standard Class,195.96,5,0.2,19.596
8787,CA-2017-145765,20170528,CM-11815,OFF-PA-10001534,LOC00052,Standard Class,15.552,3,0.2,5.4432
8788,CA-2017-145765,20170528,CM-11815,TEC-AC-10000844,LOC00052,Standard Class,271.968,4,0.2,54.3936
8789,CA-2017-126914,20170615,JE-15715,FUR-CH-10000847,LOC00234,Standard Class,698.352,3,0.2,52.3764
8790,CA-2017-126914,20170615,JE-15715,FUR-BO-10000468,LOC00234,Standard Class,77.728,2,0.2,-3.8864
8791,CA-2015-169572,20150906,AG-10525,OFF-BI-10002799,LOC00196,Standard Class,46.62,9,0.0,21.4452
8792,CA-2017-162075,20170318,TT-21220,TEC-PH-10001557,LOC00017,Standard Class,537.544,7,0.2,47.0351
8793,CA-2014-162992,20141219,BP-11095,OFF-LA-10001934,LOC00142,First Class,14.62,2,0.0,6.8714
8794,CA-2014-162992,20141219,BP-11095,OFF-FA-10004248,LOC00142,First Class,22.55,5,0.0,8.7945
8795,CA-2014-162992,20141219,BP-11095,TEC-PH-10001944,LOC00142,First Class,583.8,5,0.2,72.975
8796,CA-2014-162992,20141219,BP-11095,TEC-PH-10002085,LOC00142,First Class,211.168,4,0.2,15.8376
8797,CA-2016-106397,20160707,MJ-17740,OFF-PA-10003441,LOC00013,Standard Class,12.96,2,0.0,6.2208
8798,CA-2016-106397,20160707,MJ-17740,OFF-AR-10004602,LOC00013,Standard Class,45.98,2,0.0,12.8744
8799,US-2016-150140,20160406,VM-21685,TEC-PH-10002555,LOC00371,Standard Class,1294.75,5,0.0,336.635
8800,CA-2014-116666,20140508,KT-16480,TEC-CO-10001449,LOC00064,First Class,1799.97,5,0.4,239.996
8801,CA-2017-148992,20171123,CS-12250,OFF-PA-10004285,LOC00037,Standard Class,10.688,2,0.2,3.7408
8802,CA-2016-140935,20161110,AB-10015,TEC-PH-10000562,LOC00337,First Class,221.98,2,0.0,62.1544
8803,CA-2016-140935,20161110,AB-10015,FUR-BO-10003966,LOC00337,First Class,341.96,2,0.0,54.7136
8804,CA-2014-157644,20141231,AH-10030,TEC-AC-10003614,LOC00046,First Class,34.77,3,0.0,11.4741
8805,CA-2014-157644,20141231,AH-10030,OFF-LA-10003148,LOC00046,First Class,18.9,3,0.0,8.694
8806,US-2017-100398,20170819,DO-13435,OFF-BI-10002133,LOC00364,Standard Class,102.72,3,0.2,37.236
8807,CA-2016-113082,20160912,MC-17590,FUR-FU-10002813,LOC00551,Standard Class,40.48,2,0.0,14.5728
8808,US-2017-110646,20171026,JF-15190,OFF-BI-10004330,LOC00064,Standard Class,33.282,3,0.7,-27.735
8809,US-2017-110646,20171026,JF-15190,TEC-PH-10002807,LOC00064,Standard Class,118.65,5,0.4,19.775
8810,US-2017-110646,20171026,JF-15190,OFF-LA-10001404,LOC00064,Standard Class,14.76,5,0.2,4.9815
8811,CA-2017-120614,20170530,SM-20950,OFF-PA-10004911,LOC00026,Standard Class,37.52,4,0.0,18.0096
8812,US-2016-140172,20160308,SP-20650,OFF-AP-10004233,LOC00031,Standard Class,207.144,3,0.1,48.3336
8813,US-2016-140172,20160308,SP-20650,OFF-AR-10002766,LOC00031,Standard Class,13.9,5,0.0,3.753
8814,CA-2015-127754,20150726,CK-12760,FUR-CH-10003199,LOC00277,Standard Class,266.352,3,0.2,13.3176
8815,CA-2015-144274,20151123,PW-19240,TEC-PH-10003012,LOC00050,Second Class,307.98,2,0.0,89.3142
8816,CA-2015-144274,20151123,PW-19240,OFF-PA-10001583,LOC00050,Second Class,44.1,6,0.0,20.727
8817,CA-2015-144274,20151123,PW-19240,OFF-AR-10001940,LOC00050,Second Class,13.12,4,0.0,5.6416
8818,CA-2015-144274,20151123,PW-19240,OFF-EN-10003286,LOC00050,Second Class,16.56,2,0.0,7.7832
8819,CA-2015-144274,20151123,PW-19240,OFF-PA-10003441,LOC00050,Second Class,38.88,6,0.0,18.6624
8820,CA-2015-142930,20151128,EB-14170,OFF-PA-10003395,LOC00111,Standard Class,335.52,4,0.2,117.432
8821,CA-2017-100622,20171103,DK-13090,TEC-CO-10003236,LOC00416,Standard Class,959.984,2,0.2,311.9948
8822,CA-2017-100622,20171103,DK-13090,OFF-BI-10002982,LOC00416,Standard Class,4.086,2,0.7,-2.9964
8823,CA-2017-100622,20171103,DK-13090,OFF-AR-10004010,LOC00416,Standard Class,55.984,2,0.2,4.1988
8824,CA-2017-100622,20171103,DK-13090,OFF-PA-10002947,LOC00416,Standard Class,10.688,2,0.2,3.7408
8825,CA-2017-117156,20170321,TB-21055,OFF-EN-10003845,LOC00333,Second Class,8.856,3,0.2,2.8782
8826,CA-2015-115399,20151219,AG-10900,OFF-LA-10003190,LOC00064,First Class,6.912,3,0.2,2.5056
8827,US-2014-157847,20140402,SC-20020,OFF-PA-10002986,LOC00015,Second Class,26.72,5,0.2,9.352
8828,US-2014-157847,20140402,SC-20020,OFF-PA-10001593,LOC00015,Second Class,33.488,7,0.2,10.465
8829,CA-2015-115168,20150605,BB-11545,OFF-PA-10000528,LOC00586,Standard Class,10.56,2,0.0,4.752
8830,CA-2014-109680,20141006,VP-21760,OFF-ST-10001932,LOC00305,First Class,386.34,2,0.0,54.0876
8831,CA-2016-167983,20160821,RP-19270,OFF-BI-10003727,LOC00061,Second Class,33.44,10,0.2,11.704
8832,CA-2015-145324,20151115,DH-13675,FUR-FU-10002759,LOC00246,Standard Class,39.96,2,0.0,14.3856
8833,CA-2015-153423,20150622,SW-20455,OFF-BI-10000545,LOC00145,Standard Class,1217.568,2,0.2,456.588
8834,US-2017-132675,20170924,KF-16285,OFF-ST-10004950,LOC00495,Standard Class,15.51,1,0.0,3.8775
8835,US-2017-132675,20170924,KF-16285,TEC-PH-10003171,LOC00495,Standard Class,89.9,2,0.0,25.172
8836,US-2017-132675,20170924,KF-16285,OFF-AR-10000614,LOC00495,Standard Class,14.28,4,0.0,3.7128
8837,US-2017-132675,20170924,KF-16285,OFF-AR-10000034,LOC00495,Standard Class,12.72,3,0.0,4.9608
8838,US-2017-132675,20170924,KF-16285,OFF-LA-10003766,LOC00495,Standard Class,15.75,5,0.0,7.56
8839,CA-2014-153808,20140406,FH-14275,OFF-AR-10001725,LOC00026,Second Class,70.95,3,0.0,18.447
8840,CA-2014-153808,20140406,FH-14275,OFF-BI-10002794,LOC00026,Second Class,65.568,2,0.2,23.7684
8841,CA-2014-153808,20140406,FH-14275,TEC-AC-10004171,LOC00026,Second Class,299.97,3,0.0,131.9868
8842,US-2016-112396,20160209,JR-16210,TEC-AC-10003628,LOC00095,Standard Class,89.97,3,0.0,39.5868
8843,US-2016-112396,20160209,JR-16210,TEC-AC-10004761,LOC00095,Standard Class,31.86,2,0.0,11.151
8844,CA-2014-141173,20141118,JC-16105,OFF-ST-10000885,LOC00040,Second Class,67.15,5,0.0,16.7875
8845,CA-2017-156664,20171218,BP-11290,OFF-BI-10004209,LOC00048,Standard Class,7.236,3,0.7,-6.03
8846,CA-2017-156664,20171218,BP-11290,OFF-FA-10002988,LOC00048,Standard Class,4.824,3,0.2,1.7487
8847,CA-2017-156664,20171218,BP-11290,OFF-PA-10002222,LOC00048,Standard Class,91.36,5,0.2,29.692
8848,CA-2017-156664,20171218,BP-11290,OFF-AP-10004487,LOC00048,Standard Class,130.112,2,0.2,13.0112
8849,CA-2015-140718,20150702,FA-14230,TEC-PH-10003505,LOC00315,First Class,74.24,1,0.2,8.352
8850,CA-2015-140718,20150702,FA-14230,FUR-FU-10000076,LOC00315,First Class,159.84,10,0.2,45.954
8851,CA-2015-140718,20150702,FA-14230,OFF-BI-10004728,LOC00315,First Class,2.892,2,0.7,-2.3136
8852,CA-2015-140718,20150702,FA-14230,OFF-PA-10002250,LOC00315,First Class,9.392,2,0.2,3.2872
8853,CA-2014-119977,20141008,DN-13690,OFF-PA-10003823,LOC00165,Second Class,123.92,4,0.0,55.764
8854,US-2015-115343,20150922,FO-14305,OFF-SU-10000898,LOC00106,First Class,55.6,5,0.2,6.255
8855,US-2015-115343,20150922,FO-14305,TEC-AC-10003832,LOC00106,First Class,617.976,3,0.2,-7.7247
8856,CA-2017-163671,20171224,DP-13105,OFF-BI-10001679,LOC00430,Standard Class,21.312,3,0.2,7.992
8857,CA-2017-135909,20171013,JW-15220,TEC-AC-10002335,LOC00380,Standard Class,209.94,6,0.0,39.8886
8858,CA-2017-135909,20171013,JW-15220,TEC-PH-10003187,LOC00380,Standard Class,31.984,2,0.2,-7.996
8859,CA-2017-135909,20171013,JW-15220,OFF-BI-10003527,LOC00380,Standard Class,5083.96,5,0.2,1906.485
8860,US-2017-114356,20170820,TT-21460,TEC-PH-10003171,LOC00044,Standard Class,35.96,1,0.2,3.596
8861,CA-2015-125934,20150911,SN-20560,OFF-LA-10000414,LOC00336,Standard Class,31.05,3,0.0,14.904
8862,CA-2015-125934,20150911,SN-20560,FUR-FU-10002107,LOC00336,Standard Class,8.92,4,0.0,3.9248
8863,CA-2015-125934,20150911,SN-20560,OFF-BI-10004593,LOC00336,Standard Class,209.6,4,0.0,96.416
8864,CA-2015-125934,20150911,SN-20560,OFF-AP-10003860,LOC00336,Standard Class,111.04,4,0.0,29.9808
8865,CA-2015-125934,20150911,SN-20560,OFF-PA-10000556,LOC00336,Standard Class,38.88,6,0.0,18.6624
8866,CA-2015-158148,20151220,JM-15865,OFF-AP-10003281,LOC00102,Standard Class,36.27,3,0.0,10.881
8867,CA-2014-120411,20140920,SB-20185,FUR-BO-10004218,LOC00156,First Class,493.43,5,0.3,-70.49
8868,CA-2014-120411,20140920,SB-20185,TEC-PH-10002185,LOC00156,First Class,11.12,2,0.2,3.475
8869,CA-2016-158260,20161104,CC-12475,TEC-MA-10003176,LOC00089,Standard Class,686.4,2,0.2,77.22
8870,CA-2017-101805,20171201,SH-19975,OFF-BI-10002003,LOC00060,Standard Class,15.92,5,0.2,5.373
8871,CA-2017-101805,20171201,SH-19975,FUR-FU-10000023,LOC00060,Standard Class,70.68,12,0.0,31.0992
8872,CA-2017-101805,20171201,SH-19975,OFF-ST-10002756,LOC00060,Standard Class,541.24,4,0.0,5.4124
8873,US-2014-105137,20141010,RB-19435,TEC-MA-10002694,LOC00048,Same Day,101.994,2,0.7,-71.3958
8874,US-2014-105137,20141010,RB-19435,OFF-BI-10002429,LOC00048,Same Day,18.264,2,0.7,-13.3936
8875,CA-2017-142489,20171114,TC-21295,OFF-BI-10003684,LOC00015,Second Class,21.99,5,0.8,-32.985
8876,US-2016-141264,20160813,CT-11995,OFF-SU-10003505,LOC00275,Standard Class,185.376,2,0.2,-34.758
8877,US-2016-141264,20160813,CT-11995,OFF-AP-10002534,LOC00275,Standard Class,58.924,1,0.8,-153.2024
8878,CA-2017-126928,20170917,GZ-14470,TEC-MA-10004626,LOC00093,Standard Class,480.0,4,0.0,225.6
8879,CA-2017-126928,20170917,GZ-14470,OFF-ST-10000615,LOC00093,Standard Class,34.05,3,0.0,9.534
8880,US-2015-107944,20150323,AM-10360,OFF-PA-10000659,LOC00142,First Class,192.72,11,0.0,92.5056
8881,US-2015-107944,20150323,AM-10360,TEC-AC-10000736,LOC00142,First Class,239.97,3,0.0,86.3892
8882,CA-2016-135594,20160630,AH-10120,TEC-AC-10003038,LOC00174,Second Class,50.12,7,0.2,-0.6265
8883,US-2017-115252,20171020,MY-18295,TEC-PH-10004071,LOC00036,Standard Class,15.984,2,0.2,1.3986
8884,US-2017-115252,20171020,MY-18295,OFF-PA-10001667,LOC00036,Standard Class,14.352,3,0.2,4.485
8885,CA-2014-107398,20140825,BS-11590,OFF-BI-10001982,LOC00048,Standard Class,6.528,4,0.7,-4.5696
8886,CA-2014-107398,20140825,BS-11590,OFF-BI-10004141,LOC00048,Standard Class,2.862,3,0.7,-2.2896
8887,CA-2014-107398,20140825,BS-11590,OFF-BI-10002103,LOC00048,Standard Class,20.856,8,0.7,-16.6848
8888,CA-2014-169642,20140727,BB-10990,OFF-ST-10002574,LOC00002,Second Class,276.28,2,0.0,0.0
8889,CA-2017-103968,20171201,ML-17755,FUR-FU-10003394,LOC00353,Standard Class,629.64,9,0.0,107.0388
8890,CA-2016-147256,20161017,FC-14245,TEC-PH-10003072,LOC00340,Second Class,449.97,3,0.0,220.4853
8891,CA-2016-147256,20161017,FC-14245,OFF-AP-10003057,LOC00340,Second Class,1927.59,7,0.0,751.7601
8892,CA-2016-162159,20160916,CR-12625,FUR-CH-10001146,LOC00113,First Class,121.78,2,0.0,30.445
8893,CA-2015-111038,20151201,LC-16960,FUR-CH-10003973,LOC00089,Standard Class,2676.672,9,0.2,267.6672
8894,CA-2014-124723,20140805,GZ-14470,FUR-TA-10001307,LOC00575,Standard Class,489.23,2,0.3,41.934
8895,CA-2016-167241,20160815,BD-11320,FUR-FU-10004071,LOC00026,Standard Class,312.03,3,0.0,43.6842
8896,CA-2016-167241,20160815,BD-11320,OFF-ST-10001505,LOC00026,Standard Class,17.94,3,0.0,3.0498
8897,CA-2016-167241,20160815,BD-11320,TEC-PH-10004614,LOC00026,Standard Class,165.6,3,0.2,10.35
8898,CA-2016-167241,20160815,BD-11320,OFF-PA-10004911,LOC00026,Standard Class,37.52,4,0.0,18.0096
8899,CA-2015-163237,20150807,EM-14095,TEC-PH-10003601,LOC00029,Second Class,494.97,3,0.0,148.491
8900,CA-2015-163237,20150807,EM-14095,OFF-LA-10004545,LOC00029,Second Class,25.06,2,0.0,11.7782
8901,CA-2016-150483,20160531,BP-11290,FUR-FU-10001379,LOC00068,Standard Class,32.064,3,0.6,-12.8256
8902,CA-2016-150483,20160531,BP-11290,OFF-PA-10001846,LOC00068,Standard Class,18.496,4,0.2,6.7048
8903,CA-2016-150483,20160531,BP-11290,FUR-CH-10000422,LOC00068,Standard Class,191.079,3,0.3,-38.2158
8904,CA-2016-150483,20160531,BP-11290,OFF-PA-10004621,LOC00068,Standard Class,10.368,2,0.2,3.6288
8905,US-2016-126431,20160701,SU-20665,OFF-LA-10001474,LOC00030,Same Day,30.53,1,0.0,14.0438
8906,US-2016-126431,20160701,SU-20665,TEC-AC-10001635,LOC00030,Same Day,30.84,3,0.0,6.168
8907,US-2016-126431,20160701,SU-20665,OFF-PA-10001950,LOC00030,Same Day,75.06,9,0.0,33.777
8908,CA-2016-139934,20161218,AY-10555,TEC-PH-10001552,LOC00095,First Class,66.976,7,0.2,6.6976
8909,CA-2015-109603,20150126,EM-13825,OFF-PA-10003790,LOC00521,Standard Class,182.72,8,0.0,84.0512
8910,CA-2017-160661,20171028,SA-20830,OFF-LA-10002475,LOC00290,Standard Class,21.93,3,0.0,10.3071
8911,CA-2017-102610,20171104,CA-12265,TEC-AC-10000303,LOC00429,Standard Class,95.976,3,0.2,15.5961
8912,CA-2017-102610,20171104,CA-12265,TEC-PH-10000127,LOC00429,Standard Class,143.928,9,0.2,-32.3838
8913,CA-2017-102610,20171104,CA-12265,OFF-BI-10004364,LOC00429,Standard Class,3.564,2,0.7,-2.97
8914,CA-2017-102610,20171104,CA-12265,OFF-LA-10002195,LOC00429,Standard Class,4.928,2,0.2,1.7248
8915,US-2016-144057,20160509,CV-12805,OFF-ST-10001490,LOC00111,Standard Class,856.656,6,0.2,107.082
8916,US-2016-144057,20160509,CV-12805,OFF-BI-10002852,LOC00111,Standard Class,13.184,4,0.8,-20.4352
8917,US-2016-144057,20160509,CV-12805,OFF-AP-10000390,LOC00111,Standard Class,48.784,4,0.8,-131.7168
8918,US-2016-144057,20160509,CV-12805,OFF-PA-10004327,LOC00111,Standard Class,76.64,2,0.2,26.824
8919,US-2016-144057,20160509,CV-12805,OFF-BI-10002353,LOC00111,Standard Class,18.528,6,0.8,-27.792
8920,CA-2014-160276,20140402,AH-10690,FUR-FU-10003192,LOC00221,Standard Class,177.68,2,0.0,46.1968
8921,CA-2014-132983,20140428,DS-13180,TEC-AC-10000736,LOC00391,Standard Class,159.98,2,0.0,57.5928
8922,CA-2016-145709,20161004,AH-10690,TEC-PH-10003095,LOC00613,Standard Class,52.68,3,0.2,19.755
8923,CA-2016-145709,20161004,AH-10690,FUR-FU-10002885,LOC00613,Standard Class,11.568,3,0.2,2.6028
8924,CA-2017-133928,20170611,ZC-21910,OFF-BI-10001525,LOC00449,Standard Class,4.572,4,0.7,-3.81
8925,CA-2016-168032,20160130,DF-13135,TEC-PH-10004241,LOC00229,Standard Class,1439.968,4,0.2,143.9968
8926,CA-2016-168032,20160130,DF-13135,OFF-BI-10000546,LOC00229,Standard Class,1.728,3,0.8,-2.6784
8927,CA-2016-168032,20160130,DF-13135,FUR-TA-10004256,LOC00229,Standard Class,626.1,3,0.5,-538.446
8928,CA-2015-143616,20150927,SS-20140,OFF-AR-10002067,LOC00006,Second Class,99.2,5,0.0,25.792
8929,US-2015-168704,20150413,FP-14320,FUR-TA-10000688,LOC00144,Standard Class,609.98,4,0.3,-113.282
8930,US-2015-168704,20150413,FP-14320,FUR-TA-10002530,LOC00144,Standard Class,211.372,2,0.3,-45.294
8931,US-2015-168704,20150413,FP-14320,TEC-PH-10001061,LOC00144,Standard Class,239.976,3,0.2,17.9982
8932,CA-2017-143252,20171218,HE-14800,FUR-FU-10001057,LOC00202,Standard Class,99.95,5,0.0,22.9885
8933,CA-2017-143252,20171218,HE-14800,TEC-AC-10002331,LOC00202,Standard Class,29.34,3,0.0,10.8558
8934,CA-2016-102134,20160314,SP-20545,FUR-FU-10003724,LOC00157,Standard Class,16.74,2,0.0,4.3524
8935,CA-2017-130036,20170827,BP-11185,OFF-PA-10000528,LOC00075,Same Day,12.672,3,0.2,3.96
8936,CA-2017-130036,20170827,BP-11185,TEC-AC-10001908,LOC00075,Same Day,1119.888,14,0.2,209.979
8937,CA-2015-134117,20151217,PG-18895,OFF-AR-10003903,LOC00142,Second Class,204.85,5,0.0,53.261
8938,CA-2015-134117,20151217,PG-18895,TEC-PH-10004908,LOC00142,Second Class,135.984,2,0.2,16.998
8939,CA-2015-134117,20151217,PG-18895,OFF-AR-10001940,LOC00142,Second Class,16.4,5,0.0,7.052
8940,CA-2015-134117,20151217,PG-18895,OFF-BI-10002026,LOC00142,Second Class,92.96,2,0.2,31.374
8941,CA-2014-130918,20140822,JP-15520,OFF-SU-10003936,LOC00452,Second Class,7.632,3,0.2,-1.8126
8942,CA-2016-159023,20161103,NW-18400,OFF-BI-10002813,LOC00041,First Class,4.158,7,0.7,-3.465
8943,CA-2016-159023,20161103,NW-18400,TEC-MA-10003337,LOC00041,First Class,179.991,3,0.7,-251.9874
8944,CA-2017-111717,20171010,SW-20245,FUR-CH-10001545,LOC00174,Standard Class,239.358,3,0.3,-47.8716
8945,CA-2014-154592,20141207,EH-14005,OFF-PA-10000062,LOC00010,First Class,164.88,3,0.0,80.7912
8946,CA-2014-128622,20141115,SC-20260,OFF-SU-10001574,LOC00095,Second Class,10.95,3,0.0,3.285
8947,CA-2017-148355,20171224,NC-18535,OFF-PA-10001972,LOC00274,Standard Class,19.44,3,0.0,9.3312
8948,CA-2017-148355,20171224,NC-18535,OFF-BI-10000201,LOC00274,Standard Class,12.3,5,0.0,6.15
8949,CA-2014-132913,20141224,AS-10090,OFF-AP-10003278,LOC00089,First Class,13.97,1,0.0,3.6322
8950,CA-2017-150910,20171222,JL-15130,FUR-TA-10002903,LOC00281,Standard Class,934.956,6,0.4,-249.3216
8951,CA-2017-150910,20171222,JL-15130,TEC-AC-10001013,LOC00281,Standard Class,46.864,2,0.2,7.6154
8952,CA-2017-150910,20171222,JL-15130,OFF-ST-10000918,LOC00281,Standard Class,26.16,3,0.2,1.962
8953,CA-2017-150910,20171222,JL-15130,OFF-AR-10001419,LOC00281,Standard Class,23.128,7,0.2,2.891
8954,CA-2017-150910,20171222,JL-15130,OFF-AP-10003266,LOC00281,Standard Class,59.24,5,0.2,16.291
8955,CA-2014-156790,20140808,VG-21790,FUR-BO-10000468,LOC00134,Second Class,155.456,4,0.2,-7.7728
8956,CA-2014-126480,20140920,HG-14965,OFF-PA-10004610,LOC00143,Standard Class,8.56,2,0.0,3.852
8957,CA-2017-105620,20171225,JH-15430,FUR-FU-10004963,LOC00187,First Class,21.0,3,0.2,5.775
8958,CA-2017-105620,20171225,JH-15430,TEC-MA-10004626,LOC00187,First Class,120.0,2,0.5,-7.2
8959,CA-2017-150266,20171125,RO-19780,TEC-PH-10003437,LOC00033,Standard Class,299.96,5,0.2,37.495
8960,CA-2017-150266,20171125,RO-19780,OFF-AP-10002867,LOC00033,Standard Class,67.84,5,0.8,-179.776
8961,CA-2017-150266,20171125,RO-19780,FUR-CH-10002126,LOC00033,Standard Class,853.93,5,0.3,-24.398
8962,CA-2017-150266,20171125,RO-19780,OFF-AR-10001761,LOC00033,Standard Class,18.688,4,0.2,3.7376
8963,CA-2016-157280,20161105,LW-17125,FUR-FU-10004665,LOC00221,First Class,273.96,2,0.0,71.2296
8964,CA-2016-157280,20161105,LW-17125,TEC-AC-10000057,LOC00221,First Class,89.97,3,0.0,18.8937
8965,CA-2016-157280,20161105,LW-17125,FUR-FU-10003806,LOC00221,First Class,756.8,5,0.0,75.68
8966,CA-2017-106691,20171106,CC-12370,OFF-BI-10000145,LOC00033,Standard Class,1.248,2,0.8,-1.9344
8967,CA-2016-134180,20161103,JP-16135,TEC-AC-10000892,LOC00075,Standard Class,72.0,1,0.2,14.4
8968,CA-2016-134180,20161103,JP-16135,FUR-CH-10004886,LOC00075,Standard Class,470.155,7,0.3,-13.433
8969,CA-2014-166730,20141230,DD-13570,OFF-ST-10002554,LOC00032,First Class,39.128,1,0.2,-8.8038
8970,CA-2017-157469,20171202,ES-14080,OFF-AR-10001662,LOC00347,Standard Class,19.728,9,0.2,1.7262
8971,CA-2017-157469,20171202,ES-14080,TEC-PH-10004531,LOC00347,Standard Class,151.188,2,0.4,-25.198
8972,CA-2017-122308,20170324,MV-17485,FUR-CH-10000665,LOC00165,Standard Class,271.764,2,0.1,60.392
8973,US-2014-149034,20141119,RD-19900,TEC-AC-10003023,LOC00075,First Class,47.496,1,0.2,-1.1874
8974,CA-2017-159226,20170425,RL-19615,FUR-BO-10004709,LOC00142,Second Class,344.981,7,0.15,28.4102
8975,CA-2017-156622,20171123,JP-15460,OFF-PA-10000477,LOC00078,First Class,36.288,7,0.2,12.7008
8976,CA-2017-156622,20171123,JP-15460,OFF-PA-10002923,LOC00078,First Class,78.304,2,0.2,29.364
8977,CA-2017-156622,20171123,JP-15460,FUR-TA-10003008,LOC00078,First Class,127.785,1,0.3,-31.0335
8978,CA-2017-156622,20171123,JP-15460,OFF-BI-10003707,LOC00078,First Class,6.104,2,0.8,-9.156
8979,CA-2014-119529,20141103,DM-13345,OFF-BI-10000546,LOC00417,Second Class,5.76,2,0.0,2.8224
8980,CA-2015-150413,20151019,CS-11860,OFF-BI-10000404,LOC00078,Second Class,1.72,1,0.8,-2.838
8981,CA-2014-108182,20140206,DL-13315,OFF-BI-10001196,LOC00614,Second Class,8.952,2,0.8,-14.7708
8982,CA-2016-110898,20160306,LC-16870,OFF-AP-10001626,LOC00037,Standard Class,2.334,3,0.8,-6.3018
8983,CA-2016-110898,20160306,LC-16870,OFF-BI-10004656,LOC00037,Standard Class,1.728,4,0.8,-2.7648
8984,CA-2016-110898,20160306,LC-16870,FUR-FU-10003773,LOC00037,Standard Class,159.04,5,0.6,-194.824
8985,CA-2016-110898,20160306,LC-16870,FUR-TA-10000849,LOC00037,Standard Class,145.98,2,0.5,-99.2664
8986,CA-2015-123092,20151203,JG-15115,FUR-FU-10000222,LOC00223,Standard Class,77.952,3,0.2,12.6672
8987,CA-2015-123092,20151203,JG-15115,OFF-BI-10001718,LOC00223,Standard Class,95.97,5,0.7,-73.577
8988,CA-2015-123092,20151203,JG-15115,TEC-PH-10001700,LOC00223,Standard Class,105.584,2,0.2,9.2386
8989,CA-2015-123092,20151203,JG-15115,OFF-AR-10004078,LOC00223,Standard Class,9.344,2,0.2,1.168
8990,US-2015-128587,20151224,HM-14860,FUR-FU-10003026,LOC00335,Standard Class,9.68,2,0.0,3.7752
8991,US-2015-128587,20151224,HM-14860,TEC-CO-10003763,LOC00335,Standard Class,4899.93,7,0.0,2302.9671
8992,US-2017-139577,20171001,TN-21040,TEC-AC-10004708,LOC00095,Standard Class,104.75,5,0.0,21.9975
8993,CA-2017-159100,20171016,VP-21760,TEC-AC-10003499,LOC00085,Standard Class,18.528,2,0.2,4.4004
8994,CA-2017-159100,20171016,VP-21760,FUR-TA-10001950,LOC00085,Standard Class,1875.258,7,0.4,-968.8833
8995,CA-2014-109043,20140815,CS-12355,OFF-PA-10000312,LOC00476,First Class,91.36,5,0.2,29.692
8996,CA-2014-109043,20140815,CS-12355,OFF-AP-10004708,LOC00476,First Class,152.24,5,0.2,17.127
8997,US-2017-116491,20171111,PG-18820,TEC-PH-10004531,LOC00177,First Class,35.184,2,0.2,12.3144
8998,CA-2017-122763,20170320,HG-14845,OFF-PA-10000474,LOC00017,Same Day,56.704,2,0.2,19.1376
8999,CA-2017-122763,20170320,HG-14845,OFF-PA-10002377,LOC00017,Same Day,274.064,7,0.2,102.774
9000,CA-2017-137785,20170513,MH-18115,FUR-CH-10001482,LOC00012,Standard Class,458.43,5,0.3,-124.431
9001,CA-2014-133389,20140622,TB-21280,OFF-BI-10001553,LOC00052,Same Day,8.226,3,0.7,-6.0324
9002,CA-2014-103807,20141202,EM-13825,TEC-AC-10000199,LOC00495,Standard Class,5.95,1,0.0,0.833
9003,CA-2014-103807,20141202,EM-13825,OFF-PA-10002195,LOC00495,Standard Class,15.24,3,0.0,7.1628
9004,CA-2015-102855,20150405,JF-15415,TEC-AC-10001767,LOC00322,Same Day,239.94,6,0.0,26.3934
9005,CA-2015-102855,20150405,JF-15415,OFF-AR-10002467,LOC00322,Same Day,23.84,8,0.0,6.4368
9006,CA-2017-107825,20171118,NB-18655,OFF-ST-10001321,LOC00202,Same Day,92.52,6,0.0,24.9804
9007,CA-2017-107825,20171118,NB-18655,OFF-ST-10000777,LOC00202,Same Day,37.76,1,0.0,10.5728
9008,CA-2017-107825,20171118,NB-18655,OFF-LA-10003720,LOC00202,Same Day,7.38,2,0.0,3.4686
9009,CA-2017-107825,20171118,NB-18655,FUR-FU-10000206,LOC00202,Same Day,5.82,2,0.0,2.7354
9010,CA-2017-106047,20170712,CS-11860,OFF-PA-10000791,LOC00324,Standard Class,3.816,1,0.2,1.1925
9011,CA-2017-127803,20170519,ND-18460,OFF-BI-10001787,LOC00365,Standard Class,26.16,4,0.0,12.8184
9012,CA-2015-137071,20151220,ED-13885,TEC-AC-10004353,LOC00067,First Class,100.8,2,0.2,21.42
9013,CA-2016-121447,20160221,EA-14035,FUR-FU-10001861,LOC00165,First Class,135.8,7,0.0,66.542
9014,CA-2017-143084,20170318,BP-11050,OFF-AR-10002766,LOC00142,Standard Class,13.9,5,0.0,3.753
9015,CA-2017-143084,20170318,BP-11050,OFF-EN-10003072,LOC00142,Standard Class,19.4,5,0.0,9.312
9016,CA-2016-131639,20161217,NS-18640,OFF-BI-10001636,LOC00065,Standard Class,13.488,2,0.2,4.3836
9017,CA-2016-131639,20161217,NS-18640,OFF-BI-10000948,LOC00065,Standard Class,11.416,1,0.2,3.8529
9018,CA-2016-161361,20160326,MV-17485,OFF-PA-10001838,LOC00544,Second Class,17.64,3,0.0,8.6436
9019,CA-2016-161361,20160326,MV-17485,OFF-BI-10002215,LOC00544,Second Class,17.04,3,0.2,5.538
9020,CA-2014-100706,20141216,LE-16810,TEC-AC-10001314,LOC00029,Second Class,99.98,2,0.0,7.9984
9021,CA-2014-100706,20141216,LE-16810,FUR-FU-10002268,LOC00029,Second Class,29.46,6,0.0,9.7218
9022,CA-2015-129525,20151115,VP-21760,OFF-BI-10002133,LOC00214,Standard Class,166.92,13,0.7,-116.844
9023,US-2016-141880,20160822,TC-21475,FUR-FU-10001979,LOC00377,First Class,98.328,3,0.2,9.8328
9024,CA-2015-165799,20150629,SG-20470,FUR-CH-10001482,LOC00024,First Class,117.882,1,0.1,1.3098
9025,CA-2016-102127,20160626,VP-21760,TEC-AC-10002018,LOC00046,Standard Class,20.97,3,0.0,9.0171
9026,CA-2016-102127,20160626,VP-21760,TEC-AC-10000397,LOC00046,Standard Class,139.96,4,0.0,9.7972
9027,CA-2016-102127,20160626,VP-21760,FUR-FU-10003976,LOC00046,Standard Class,37.74,3,0.0,12.8316
9028,US-2016-152415,20160917,PO-18865,FUR-FU-10002597,LOC00615,Standard Class,14.82,3,0.0,6.2244
9029,US-2016-152415,20160917,PO-18865,FUR-FU-10004864,LOC00615,Standard Class,191.82,3,0.0,61.3824
9030,CA-2014-138198,20140718,JL-15130,OFF-BI-10002103,LOC00132,Standard Class,13.904,2,0.2,4.5188
9031,CA-2017-128041,20170901,RW-19540,OFF-AP-10001005,LOC00006,Same Day,314.6,4,0.0,103.818
9032,CA-2017-128041,20170901,RW-19540,FUR-TA-10002607,LOC00006,Same Day,283.56,4,0.0,45.3696
9033,CA-2017-105823,20170622,RB-19465,FUR-CH-10000454,LOC00084,Standard Class,487.96,2,0.0,146.388
9034,CA-2014-152268,20140902,SC-20095,OFF-BI-10001359,LOC00146,Standard Class,1793.98,2,0.0,843.1706
9035,CA-2015-148873,20151001,EM-13960,OFF-BI-10003196,LOC00117,Standard Class,2.992,4,0.8,-4.488
9036,CA-2015-148873,20151001,EM-13960,TEC-AC-10003657,LOC00117,Standard Class,108.768,4,0.2,2.7192
9037,CA-2015-166492,20150407,RP-19390,OFF-PA-10002262,LOC00046,First Class,25.92,4,0.0,12.4416
9038,CA-2015-166492,20150407,RP-19390,OFF-ST-10002214,LOC00046,First Class,22.58,2,0.0,5.8708
9039,CA-2017-157420,20171121,HZ-14950,TEC-PH-10003555,LOC00015,Same Day,55.176,3,0.2,-12.4146
9040,CA-2016-117121,20161217,AB-10105,OFF-BI-10000545,LOC00186,Standard Class,9892.74,13,0.0,4946.37
9041,CA-2014-138177,20140919,ND-18460,FUR-TA-10004607,LOC00524,Standard Class,73.915,1,0.5,-45.8273
9042,CA-2014-114335,20140928,XP-21865,FUR-FU-10000277,LOC00476,Standard Class,337.088,4,0.2,16.8544
9043,CA-2015-168760,20150922,MM-18280,OFF-AP-10004532,LOC00014,Second Class,61.44,3,0.0,16.5888
9044,CA-2016-168830,20161107,ML-17395,TEC-AC-10003911,LOC00035,Standard Class,479.97,3,0.0,163.1898
9045,CA-2017-137463,20171216,KM-16225,OFF-BI-10003196,LOC00355,Second Class,5.984,2,0.2,2.244
9046,CA-2017-137463,20171216,KM-16225,TEC-AC-10000358,LOC00355,Second Class,189.95,5,0.0,45.588
9047,CA-2017-137463,20171216,KM-16225,TEC-AC-10000057,LOC00355,Second Class,149.95,5,0.0,31.4895
9048,CA-2017-137463,20171216,KM-16225,OFF-AR-10001988,LOC00355,Second Class,29.95,5,0.0,8.6855
9049,CA-2017-137463,20171216,KM-16225,OFF-LA-10003498,LOC00355,Second Class,44.4,3,0.0,22.2
9050,CA-2014-124513,20140921,SL-20155,OFF-AR-10002956,LOC00165,Standard Class,66.03,3,0.0,17.1678
9051,CA-2015-165554,20150518,AJ-10780,OFF-PA-10003724,LOC00026,Standard Class,10.86,2,0.0,5.3214
9052,CA-2014-141838,20140326,DK-12835,OFF-AR-10004272,LOC00035,Second Class,3.36,2,0.0,0.84
9053,CA-2014-141838,20140326,DK-12835,OFF-BI-10003291,LOC00035,Second Class,27.936,4,0.2,9.4284
9054,CA-2014-141838,20140326,DK-12835,TEC-PH-10004100,LOC00035,Second Class,28.784,2,0.2,2.8784
9055,CA-2017-117009,20170922,BK-11260,OFF-SU-10001218,LOC00201,Standard Class,21.96,2,0.0,6.1488
9056,CA-2015-128993,20150912,CC-12670,TEC-AC-10004209,LOC00006,Second Class,21.98,2,0.0,8.5722
9057,CA-2015-160227,20151102,ED-13885,FUR-CH-10002073,LOC00165,First Class,2621.322,11,0.1,553.3902
9058,CA-2015-149097,20151020,SV-20785,FUR-FU-10003424,LOC00063,Standard Class,74.76,7,0.0,23.9232
9059,CA-2015-149097,20151020,SV-20785,FUR-TA-10001086,LOC00063,Standard Class,364.776,3,0.2,27.3582
9060,CA-2016-132304,20160614,AR-10825,FUR-TA-10004619,LOC00006,Standard Class,1115.17,7,0.0,334.551
9061,CA-2015-136420,20151120,CS-12250,OFF-BI-10002854,LOC00143,First Class,89.696,4,0.2,33.636
9062,CA-2015-136420,20151120,CS-12250,OFF-LA-10002762,LOC00143,First Class,50.12,4,0.0,23.5564
9063,CA-2016-101623,20160228,RR-19525,OFF-FA-10003495,LOC00046,Standard Class,36.48,6,0.0,18.24
9064,US-2014-151015,20141014,BD-11500,OFF-PA-10002581,LOC00156,Standard Class,322.192,13,0.2,100.685
9065,US-2014-151015,20141014,BD-11500,OFF-BI-10000343,LOC00156,Standard Class,2.946,3,0.8,-4.8609
9066,US-2014-151015,20141014,BD-11500,OFF-PA-10001184,LOC00156,Standard Class,19.136,4,0.2,6.9368
9067,CA-2017-152968,20170526,BM-11785,TEC-AC-10000521,LOC00246,Standard Class,23.08,2,0.0,6.924
9068,CA-2016-150077,20160204,MS-17365,TEC-PH-10002890,LOC00249,Standard Class,90.48,2,0.0,23.5248
9069,CA-2016-106278,20160902,BM-11140,FUR-CH-10003061,LOC00120,Second Class,215.976,3,0.2,-2.6997
9070,CA-2016-106278,20160902,BM-11140,OFF-EN-10003567,LOC00120,Second Class,65.94,3,0.0,30.9918
9071,CA-2017-147550,20171204,KE-16420,FUR-FU-10001918,LOC00064,First Class,11.352,3,0.2,2.6961
9072,CA-2015-136105,20150612,SZ-20035,OFF-ST-10002444,LOC00135,Standard Class,24.56,2,0.0,6.8768
9073,CA-2016-142524,20160904,MB-18085,OFF-EN-10003286,LOC00335,Standard Class,16.56,2,0.0,7.7832
9074,CA-2016-142524,20160904,MB-18085,TEC-AC-10000109,LOC00335,Standard Class,279.95,5,0.0,67.188
9075,CA-2014-136336,20140421,DB-13555,OFF-ST-10002574,LOC00001,Standard Class,828.84,6,0.0,0.0
9076,US-2015-136259,20151105,CB-12415,OFF-BI-10000773,LOC00347,First Class,7.218,3,0.7,-5.5338
9077,US-2015-136259,20151105,CB-12415,OFF-SU-10004661,LOC00347,First Class,27.2,4,0.2,2.04
9078,US-2014-124625,20141103,SP-20650,TEC-AC-10003280,LOC00199,Standard Class,89.97,3,0.0,18.8937
9079,CA-2016-108105,20160216,GW-14605,FUR-FU-10003773,LOC00001,Standard Class,318.08,4,0.0,34.9888
9080,CA-2016-108105,20160216,GW-14605,OFF-BI-10002412,LOC00001,Standard Class,5.8,1,0.0,2.61
9081,CA-2017-166898,20170911,KH-16630,TEC-PH-10002564,LOC00201,Second Class,143.952,6,0.2,17.994
9082,CA-2017-166898,20170911,KH-16630,OFF-PA-10002262,LOC00201,Second Class,19.44,3,0.0,9.3312
9083,CA-2017-169005,20171102,BG-11035,OFF-AR-10000246,LOC00029,Standard Class,5.56,2,0.0,1.4456
9084,CA-2015-104038,20150206,LO-17170,OFF-ST-10002554,LOC00304,First Class,146.73,3,0.0,2.9346
9085,CA-2015-104038,20150206,LO-17170,OFF-PA-10002751,LOC00304,First Class,29.9,5,0.0,13.455
9086,CA-2016-126102,20160910,DV-13465,OFF-BI-10004318,LOC00014,Second Class,276.784,2,0.2,89.9548
9087,CA-2016-143406,20160926,LR-17035,OFF-AP-10001564,LOC00017,Standard Class,93.032,2,0.8,-251.1864
9088,CA-2016-143406,20160926,LR-17035,FUR-CH-10000513,LOC00017,Standard Class,454.965,5,0.3,-136.4895
9089,CA-2015-150308,20151215,RR-19525,TEC-PH-10001433,LOC00183,Standard Class,246.168,3,0.2,21.5397
9090,CA-2016-131093,20160917,TS-21610,OFF-ST-10002790,LOC00158,Second Class,295.4,5,0.2,-62.7725
9091,US-2017-148831,20171013,AH-10210,OFF-ST-10002974,LOC00176,First Class,348.56,8,0.0,104.568
9092,CA-2015-162950,20150628,DW-13585,OFF-PA-10003177,LOC00413,Second Class,15.552,3,0.2,5.4432
9093,CA-2015-162950,20150628,DW-13585,FUR-BO-10001918,LOC00413,Second Class,482.94,6,0.5,-376.6932
9094,US-2015-132836,20150601,AJ-10945,TEC-PH-10001299,LOC00084,Standard Class,299.98,2,0.0,83.9944
9095,US-2015-132836,20150601,AJ-10945,OFF-BI-10004224,LOC00084,Standard Class,403.68,6,0.0,181.656
9096,US-2015-132836,20150601,AJ-10945,TEC-PH-10001300,LOC00084,Standard Class,41.9,2,0.0,11.732
9097,US-2015-132836,20150601,AJ-10945,OFF-LA-10004178,LOC00084,Standard Class,28.91,7,0.0,13.2986
9098,US-2014-158365,20140412,SV-20785,OFF-PA-10000289,LOC00464,Standard Class,32.4,5,0.0,15.552
9099,CA-2017-152933,20171012,MG-17650,TEC-PH-10002085,LOC00177,Standard Class,369.544,7,0.2,27.7158
9100,CA-2017-152933,20171012,MG-17650,OFF-PA-10001934,LOC00177,Standard Class,10.368,2,0.2,3.7584
9101,CA-2017-152933,20171012,MG-17650,TEC-AC-10003033,LOC00177,Standard Class,791.88,3,0.2,128.6805
9102,CA-2015-163181,20151107,AB-10105,OFF-AR-10001683,LOC00017,Standard Class,23.64,3,0.2,5.319
9103,CA-2015-163181,20151107,AB-10105,OFF-ST-10001713,LOC00017,Standard Class,84.784,2,0.2,-16.9568
9104,CA-2015-163181,20151107,AB-10105,FUR-FU-10000193,LOC00017,Standard Class,64.96,5,0.6,-84.448
9105,CA-2015-163181,20151107,AB-10105,OFF-BI-10000474,LOC00017,Standard Class,32.06,10,0.8,-51.296
9106,CA-2015-163181,20151107,AB-10105,OFF-ST-10000129,LOC00017,Standard Class,177.648,2,0.2,-28.8678
9107,CA-2015-163181,20151107,AB-10105,TEC-MA-10001016,LOC00017,Standard Class,287.91,3,0.4,33.5895
9108,CA-2015-132941,20150525,MM-18280,OFF-SU-10002557,LOC00399,First Class,22.368,2,0.2,1.6776
9109,CA-2015-132941,20150525,MM-18280,OFF-PA-10002160,LOC00399,First Class,32.368,7,0.2,11.7334
9110,CA-2015-132941,20150525,MM-18280,TEC-AC-10003095,LOC00399,First Class,207.984,2,0.2,36.3972
9111,CA-2014-132010,20141013,MA-17995,OFF-EN-10003160,LOC00196,First Class,36.4,5,0.0,17.472
9112,CA-2014-132010,20141013,MA-17995,TEC-AC-10001542,LOC00196,First Class,22.96,2,0.0,4.3624
9113,CA-2014-132010,20141013,MA-17995,OFF-ST-10003641,LOC00196,First Class,315.2,4,0.0,6.304
9114,CA-2014-132010,20141013,MA-17995,OFF-BI-10002432,LOC00196,First Class,15.18,3,0.0,7.1346
9115,CA-2016-135461,20160207,EB-13975,TEC-PH-10004094,LOC00014,Second Class,623.96,5,0.2,38.9975
9116,CA-2017-153045,20170119,NS-18505,TEC-PH-10001817,LOC00012,Second Class,429.6,2,0.4,-93.08
9117,CA-2017-153045,20170119,NS-18505,FUR-FU-10002759,LOC00012,Second Class,31.968,2,0.2,6.3936
9118,CA-2017-153045,20170119,NS-18505,FUR-CH-10000309,LOC00012,Second Class,887.271,3,0.3,-63.3765
9119,CA-2017-153045,20170119,NS-18505,OFF-PA-10003673,LOC00012,Second Class,21.696,4,0.2,7.0512
9120,US-2016-155971,20160606,RB-19795,OFF-LA-10000452,LOC00002,Standard Class,22.05,7,0.0,10.584
9121,US-2016-155971,20160606,RB-19795,OFF-PA-10000210,LOC00002,Standard Class,99.9,5,0.0,46.953
9122,CA-2017-122007,20170318,JK-15325,OFF-AP-10000358,LOC00004,Second Class,90.86,7,0.0,26.3494
9123,CA-2017-162250,20171124,PR-18880,OFF-PA-10002137,LOC00010,Same Day,7.78,1,0.0,3.501
9124,US-2016-158288,20161126,EH-13945,OFF-BI-10003364,LOC00075,Second Class,78.759,9,0.7,-57.7566
9125,CA-2016-128916,20160818,MA-17560,FUR-FU-10001940,LOC00033,Second Class,9.552,3,0.6,-3.8208
9126,CA-2016-128916,20160818,MA-17560,FUR-FU-10000320,LOC00033,Second Class,5.344,4,0.6,-2.1376
9127,CA-2015-157028,20151128,MA-17995,OFF-AR-10004441,LOC00405,Standard Class,8.28,2,0.0,3.4776
9128,CA-2017-112473,20170525,JL-15505,OFF-ST-10002182,LOC00033,Standard Class,50.136,3,0.2,-11.2806
9129,US-2017-147655,20170904,AS-10045,OFF-BI-10002931,LOC00314,First Class,88.074,7,0.7,-58.716
9130,CA-2016-130911,20160324,DC-12850,FUR-BO-10004357,LOC00178,Second Class,301.47,3,0.5,-241.176
9131,CA-2016-130911,20160324,DC-12850,OFF-AR-10000475,LOC00178,Second Class,18.656,2,0.2,1.6324
9132,CA-2017-100055,20170528,MD-17860,FUR-FU-10001473,LOC00616,Standard Class,27.46,2,0.0,9.8856
9133,CA-2017-100055,20170528,MD-17860,OFF-AP-10001469,LOC00616,Standard Class,125.13,3,0.0,36.2877
9134,CA-2015-157805,20150831,RH-19510,TEC-PH-10004447,LOC00089,Standard Class,555.96,5,0.2,41.697
9135,CA-2016-124254,20160412,TB-21175,OFF-ST-10001469,LOC00576,Standard Class,129.552,3,0.2,-22.6716
9136,CA-2016-124254,20160412,TB-21175,OFF-ST-10000060,LOC00576,Standard Class,51.984,1,0.2,-5.1984
9137,CA-2016-124254,20160412,TB-21175,OFF-PA-10000807,LOC00576,Standard Class,10.272,3,0.2,3.4668
9138,CA-2014-123400,20140202,EB-13930,OFF-BI-10000666,LOC00105,Standard Class,18.336,2,0.7,-12.224
9139,CA-2014-123400,20140202,EB-13930,TEC-PH-10002890,LOC00105,Standard Class,180.96,5,0.2,13.572
9140,CA-2014-106971,20140902,BM-11785,TEC-AC-10000844,LOC00547,Standard Class,475.944,7,0.2,95.1888
9141,CA-2017-123029,20170930,BT-11530,TEC-AC-10002402,LOC00014,Second Class,159.98,2,0.0,47.994
9142,CA-2016-139409,20160905,FW-14395,TEC-PH-10003988,LOC00165,First Class,43.6,4,0.0,12.208
9143,US-2017-166688,20170520,RD-19480,OFF-BI-10004040,LOC00122,Standard Class,8.288,2,0.2,3.0044
9144,US-2017-166688,20170520,RD-19480,TEC-PH-10004094,LOC00122,Standard Class,1123.128,9,0.2,70.1955
9145,US-2017-166688,20170520,RD-19480,OFF-AP-10000358,LOC00122,Standard Class,64.9,5,0.0,18.821
9146,CA-2015-126970,20150920,TP-21130,OFF-BI-10000138,LOC00018,Standard Class,2.808,3,0.8,-4.4928
9147,US-2016-165505,20160123,CB-12535,TEC-AC-10002926,LOC00371,Standard Class,99.98,2,0.0,42.9914
9148,US-2016-165505,20160123,CB-12535,OFF-AR-10003477,LOC00371,Standard Class,8.04,6,0.0,2.7336
9149,US-2016-165505,20160123,CB-12535,OFF-ST-10001526,LOC00371,Standard Class,1564.29,13,0.0,406.7154
9150,US-2014-157070,20140601,QJ-19255,OFF-BI-10001765,LOC00152,Standard Class,138.56,4,0.0,66.5088
9151,US-2014-157070,20140601,QJ-19255,OFF-AP-10004859,LOC00152,Standard Class,65.52,5,0.1,12.376
9152,US-2015-106873,20150924,KM-16720,OFF-AR-10003179,LOC00510,Second Class,14.576,2,0.2,2.3686
9153,US-2015-106873,20150924,KM-16720,TEC-AC-10002345,LOC00510,Second Class,23.2,2,0.2,1.45
9154,US-2015-106873,20150924,KM-16720,OFF-AR-10001246,LOC00510,Second Class,16.464,7,0.2,1.8522
9155,CA-2016-132990,20160801,KM-16660,FUR-FU-10004864,LOC00012,Second Class,19.312,2,0.2,3.1382
9156,CA-2014-102645,20140123,IM-15055,OFF-PA-10001804,LOC00122,Standard Class,40.08,6,0.0,19.2384
9157,CA-2014-134215,20140804,ML-17395,OFF-AP-10001271,LOC00372,Standard Class,101.96,2,0.0,27.5292
9158,CA-2014-134215,20140804,ML-17395,OFF-PA-10004353,LOC00372,Standard Class,259.74,13,0.0,124.6752
9159,CA-2014-134215,20140804,ML-17395,TEC-AC-10002473,LOC00372,Standard Class,255.42,9,0.0,104.7222
9160,CA-2016-118934,20160809,GH-14410,OFF-BI-10003314,LOC00564,Standard Class,4.338,3,0.7,-3.0366
9161,CA-2016-118934,20160809,GH-14410,OFF-BI-10004465,LOC00564,Standard Class,11.88,5,0.7,-7.92
9162,CA-2016-160108,20161208,AG-10900,FUR-BO-10003450,LOC00425,Standard Class,405.86,7,0.0,32.4688
9163,CA-2016-160108,20161208,AG-10900,FUR-CH-10002335,LOC00425,Standard Class,680.01,3,0.0,176.8026
9164,CA-2015-164007,20150608,MG-17695,TEC-AC-10003433,LOC00027,Standard Class,2.376,3,0.2,0.7425
9165,CA-2015-164007,20150608,MG-17695,OFF-AP-10003849,LOC00027,Standard Class,143.128,2,0.8,-393.602
9166,CA-2016-100300,20160624,MJ-17740,TEC-MA-10000984,LOC00089,Second Class,4476.8,4,0.2,503.64
9167,CA-2016-100300,20160624,MJ-17740,OFF-PA-10000418,LOC00089,Second Class,104.85,1,0.0,50.328
9168,CA-2016-100300,20160624,MJ-17740,OFF-AP-10001242,LOC00089,Second Class,241.44,3,0.0,72.432
9169,CA-2016-140571,20160315,SJ-20125,OFF-PA-10001954,LOC00130,Standard Class,319.76,14,0.0,147.0896
9170,CA-2016-140571,20160315,SJ-20125,OFF-PA-10001954,LOC00130,Standard Class,45.68,2,0.0,21.0128
9171,US-2016-155768,20161201,LB-16795,FUR-FU-10000448,LOC00570,Same Day,31.96,2,0.0,1.598
9172,US-2016-155768,20161201,LB-16795,OFF-PA-10001357,LOC00570,Same Day,47.9,1,0.0,22.992
9173,US-2016-155768,20161201,LB-16795,OFF-ST-10002292,LOC00570,Same Day,1112.94,3,0.0,222.588
9174,US-2016-155768,20161201,LB-16795,OFF-EN-10001219,LOC00570,Same Day,22.92,3,0.0,11.2308
9175,CA-2017-119424,20170612,SB-20185,TEC-PH-10002564,LOC00299,Second Class,71.976,3,0.2,8.997
9176,CA-2017-119424,20170612,SB-20185,OFF-PA-10001639,LOC00299,Second Class,19.44,3,0.0,9.3312
9177,CA-2016-118178,20160319,CC-12610,OFF-BI-10001153,LOC00396,Standard Class,31.086,3,0.7,-20.724
9178,CA-2016-166618,20161114,DP-13000,TEC-PH-10003356,LOC00046,Standard Class,13.98,2,0.0,3.9144
9179,CA-2016-166618,20161114,DP-13000,OFF-AR-10001725,LOC00046,Standard Class,23.65,1,0.0,6.149
9180,CA-2017-156776,20170807,JL-15505,TEC-PH-10002415,LOC00280,Standard Class,707.88,3,0.2,44.2425
9181,CA-2017-156776,20170807,JL-15505,OFF-BI-10003355,LOC00280,Standard Class,11.952,3,0.2,4.1832
9182,CA-2017-156776,20170807,JL-15505,OFF-BI-10000216,LOC00280,Standard Class,31.128,3,0.2,11.673
9183,CA-2017-156776,20170807,JL-15505,TEC-AC-10004803,LOC00280,Standard Class,55.76,4,0.0,7.8064
9184,CA-2017-156776,20170807,JL-15505,OFF-PA-10001970,LOC00280,Standard Class,24.56,2,0.0,11.5432
9185,CA-2017-156776,20170807,JL-15505,FUR-FU-10004848,LOC00280,Standard Class,51.75,1,0.0,15.525
9186,CA-2017-156776,20170807,JL-15505,FUR-CH-10002317,LOC00280,Standard Class,207.184,1,0.2,25.898
9187,CA-2017-156776,20170807,JL-15505,OFF-AP-10002534,LOC00280,Standard Class,1473.1,5,0.0,412.468
9188,US-2015-130512,20150821,SM-20320,OFF-SU-10001935,LOC00285,Standard Class,3.488,2,0.2,-0.6976
9189,US-2015-130512,20150821,SM-20320,TEC-AC-10000290,LOC00285,Standard Class,21.728,4,0.2,3.8024
9190,US-2015-130512,20150821,SM-20320,OFF-ST-10002574,LOC00285,Standard Class,663.072,6,0.2,-165.768
9191,US-2015-130512,20150821,SM-20320,OFF-BI-10004519,LOC00285,Standard Class,99.588,2,0.7,-82.99
9192,US-2015-130512,20150821,SM-20320,OFF-PA-10003625,LOC00285,Standard Class,49.568,2,0.2,15.49
9193,CA-2015-141810,20151102,BB-10990,OFF-BI-10001524,LOC00066,Standard Class,29.372,7,0.8,-46.9952
9194,CA-2015-141810,20151102,BB-10990,TEC-PH-10002200,LOC00066,Standard Class,344.704,2,0.2,38.7792
9195,CA-2014-146843,20141130,PB-19150,OFF-SU-10001664,LOC00510,Standard Class,47.992,7,0.2,3.5994
9196,CA-2014-146843,20141130,PB-19150,TEC-AC-10002550,LOC00510,Standard Class,102.24,4,0.2,-16.614
9197,CA-2014-103310,20140510,GM-14680,OFF-PA-10004353,LOC00059,Standard Class,39.96,2,0.0,19.1808
9198,CA-2014-103310,20140510,GM-14680,TEC-PH-10001817,LOC00059,Standard Class,1432.0,5,0.2,125.3
9199,CA-2014-103310,20140510,GM-14680,OFF-SU-10004737,LOC00059,Standard Class,41.04,6,0.0,11.0808
9200,CA-2014-103310,20140510,GM-14680,FUR-CH-10002320,LOC00059,Standard Class,256.784,1,0.2,32.098
9201,CA-2016-152688,20161017,NR-18550,FUR-BO-10001337,LOC00348,First Class,120.98,1,0.0,12.098
9202,CA-2016-152688,20161017,NR-18550,OFF-BI-10004584,LOC00348,First Class,315.98,1,0.0,148.5106
9203,CA-2016-153836,20161030,EH-13765,OFF-BI-10004817,LOC00165,Standard Class,28.752,3,0.2,10.0632
9204,CA-2016-153836,20161030,EH-13765,OFF-AR-10004602,LOC00165,Standard Class,114.95,5,0.0,32.186
9205,CA-2016-104689,20161201,FH-14365,OFF-AR-10001149,LOC00026,Standard Class,23.04,8,0.0,6.912
9206,CA-2016-146423,20160421,BT-11680,OFF-AR-10004817,LOC00546,Same Day,15.48,3,0.0,4.4892
9207,CA-2016-146423,20160421,BT-11680,OFF-PA-10003797,LOC00546,Same Day,51.84,8,0.0,24.8832
9208,CA-2017-140781,20170803,AB-10105,TEC-AC-10000682,LOC00051,Standard Class,39.816,3,0.2,7.4655
9209,CA-2017-141747,20170803,SC-20230,OFF-ST-10003996,LOC00060,Second Class,16.06,1,0.0,4.1756
9210,CA-2017-142776,20171211,RS-19870,OFF-EN-10003160,LOC00224,Second Class,7.28,1,0.0,3.4944
9211,CA-2017-142776,20171211,RS-19870,OFF-BI-10002012,LOC00224,Second Class,5.4,3,0.0,2.592
9212,CA-2015-167479,20150314,AI-10855,OFF-PA-10002105,LOC00053,Standard Class,19.44,3,0.0,9.3312
9213,CA-2014-144071,20141208,DJ-13420,FUR-FU-10000397,LOC00095,Standard Class,39.88,2,0.0,11.1664
9214,CA-2014-144071,20141208,DJ-13420,FUR-FU-10000758,LOC00095,Standard Class,79.44,3,0.0,28.5984
9215,US-2017-120908,20170930,BF-10975,OFF-LA-10004677,LOC00075,First Class,20.664,7,0.2,6.9741
9216,CA-2016-152646,20161121,TH-21235,OFF-PA-10004451,LOC00014,Standard Class,32.4,5,0.0,15.552
9217,CA-2017-103765,20171124,JG-15310,OFF-AP-10002311,LOC00457,Standard Class,13.762,1,0.8,-24.7716
9218,US-2017-118157,20171114,AW-10930,OFF-EN-10004459,LOC00040,First Class,15.28,2,0.0,7.4872
9219,US-2015-164238,20150816,JW-15955,OFF-ST-10002352,LOC00075,Standard Class,44.688,7,0.2,3.3516
9220,US-2015-164238,20150816,JW-15955,FUR-BO-10000780,LOC00075,Standard Class,301.47,3,0.5,-204.9996
9221,CA-2017-103212,20171013,MH-18025,OFF-LA-10000248,LOC00300,First Class,11.07,3,0.0,5.2029
9222,CA-2017-103212,20171013,MH-18025,FUR-TA-10003473,LOC00300,First Class,1504.52,4,0.0,346.0396
9223,CA-2017-103212,20171013,MH-18025,OFF-PA-10004355,LOC00300,First Class,25.92,4,0.0,12.4416
9224,CA-2017-121160,20171104,FM-14290,OFF-BI-10001308,LOC00617,Same Day,7.536,6,0.8,-13.188
9225,CA-2017-121160,20171104,FM-14290,OFF-BI-10003094,LOC00617,Same Day,1.408,2,0.8,-2.3232
9226,CA-2017-121160,20171104,FM-14290,OFF-BI-10004040,LOC00617,Same Day,4.144,4,0.8,-6.4232
9227,CA-2017-121160,20171104,FM-14290,OFF-ST-10002485,LOC00617,Same Day,52.752,3,0.2,-12.5286
9228,CA-2017-140515,20170319,GZ-14545,OFF-AP-10001205,LOC00142,Standard Class,381.36,7,0.0,106.7808
9229,CA-2014-153619,20141103,TC-21535,OFF-AR-10001868,LOC00014,Same Day,6.72,4,0.0,3.36
9230,CA-2017-133718,20170723,TB-21520,OFF-BI-10003429,LOC00063,First Class,15.192,3,0.2,5.5071
9231,CA-2017-133718,20170723,TB-21520,OFF-PA-10002689,LOC00063,First Class,58.32,9,0.0,27.9936
9232,CA-2014-148383,20141227,RP-19390,OFF-BI-10003650,LOC00052,Standard Class,946.764,6,0.7,-694.2936
9233,CA-2016-126732,20160902,LR-16915,FUR-FU-10001889,LOC00002,Standard Class,94.68,9,0.0,31.2444
9234,CA-2016-126732,20160902,LR-16915,OFF-ST-10000321,LOC00002,Standard Class,23.67,3,0.0,0.9468
9235,CA-2016-126732,20160902,LR-16915,TEC-PH-10001530,LOC00002,Standard Class,1091.168,4,0.2,68.198
9236,CA-2016-126732,20160902,LR-16915,OFF-AR-10004752,LOC00002,Standard Class,18.69,7,0.0,5.2332
9237,CA-2016-126732,20160902,LR-16915,FUR-TA-10001539,LOC00002,Standard Class,568.728,3,0.2,28.4364
9238,CA-2016-126732,20160902,LR-16915,OFF-BI-10001553,LOC00002,Standard Class,7.312,1,0.2,2.5592
9239,CA-2017-138156,20170211,MM-17260,FUR-FU-10003601,LOC00048,First Class,147.568,2,0.2,-3.6892
9240,CA-2017-110310,20171027,NB-18655,OFF-PA-10001685,LOC00395,Standard Class,56.784,7,0.2,20.5842
9241,CA-2017-110310,20171027,NB-18655,OFF-BI-10001097,LOC00395,Standard Class,5.607,3,0.7,-3.9249
9242,CA-2017-110310,20171027,NB-18655,OFF-AR-10001662,LOC00395,Standard Class,6.576,3,0.2,0.5754
9243,CA-2014-113271,20140709,DS-13030,OFF-BI-10002609,LOC00035,Standard Class,14.304,6,0.2,4.6488
9244,CA-2014-113271,20140709,DS-13030,FUR-BO-10004218,LOC00035,Standard Class,119.833,1,0.15,7.049
9245,CA-2014-113271,20140709,DS-13030,OFF-AR-10003251,LOC00035,Standard Class,5.56,2,0.0,2.224
9246,CA-2014-113271,20140709,DS-13030,OFF-PA-10002365,LOC00035,Standard Class,32.4,5,0.0,15.552
9247,CA-2017-130106,20170522,VF-21715,OFF-AR-10003651,LOC00010,Standard Class,9.84,3,0.0,2.8536
9248,CA-2017-130106,20170522,VF-21715,OFF-AR-10003732,LOC00010,Standard Class,2.78,1,0.0,0.7228
9249,CA-2016-127761,20161110,SW-20275,OFF-BI-10002557,LOC00030,Standard Class,3.64,1,0.2,1.365
9250,CA-2016-127761,20161110,SW-20275,TEC-PH-10003691,LOC00030,Standard Class,881.93,7,0.0,220.4825
9251,CA-2016-105354,20161202,PW-19030,OFF-BI-10001107,LOC00606,Standard Class,115.84,8,0.0,54.4448
9252,CA-2017-155712,20170302,KD-16615,OFF-BI-10004224,LOC00142,Standard Class,107.648,2,0.2,33.64
9253,CA-2017-102309,20170923,DO-13645,TEC-AC-10001114,LOC00618,Second Class,199.95,5,0.0,63.984
9254,CA-2017-102309,20170923,DO-13645,OFF-PA-10002005,LOC00618,Second Class,12.96,2,0.0,6.2208
9255,CA-2014-168368,20140211,GA-14725,FUR-CH-10001146,LOC00340,Second Class,60.89,1,0.0,15.2225
9256,CA-2014-168368,20140211,GA-14725,OFF-LA-10004853,LOC00340,Second Class,14.94,3,0.0,6.8724
9257,CA-2014-168368,20140211,GA-14725,OFF-BI-10004728,LOC00340,Second Class,9.64,2,0.0,4.4344
9258,CA-2014-168368,20140211,GA-14725,FUR-FU-10002298,LOC00340,Second Class,332.94,3,0.0,53.2704
9259,CA-2014-168368,20140211,GA-14725,OFF-BI-10004654,LOC00340,Second Class,51.9,3,0.0,24.393
9260,CA-2014-168368,20140211,GA-14725,OFF-ST-10002583,LOC00340,Second Class,64.96,2,0.0,2.5984
9261,CA-2017-167976,20171111,JL-15505,OFF-SU-10004661,LOC00619,Second Class,25.5,3,0.0,6.63
9262,CA-2017-111388,20170902,SU-20665,FUR-CH-10003061,LOC00006,Same Day,215.976,3,0.2,-2.6997
9263,CA-2015-124499,20151009,FM-14380,FUR-CH-10000513,LOC00084,Standard Class,389.97,3,0.0,35.0973
9264,CA-2015-124499,20151009,FM-14380,OFF-AP-10002191,LOC00084,Standard Class,269.91,5,0.1,53.982
9265,US-2017-128118,20171124,MY-17380,OFF-BI-10000216,LOC00032,Standard Class,11.673,3,0.7,-7.782
9266,US-2017-128118,20171124,MY-17380,OFF-EN-10003448,LOC00032,Standard Class,64.848,7,0.2,24.318
9267,CA-2014-125759,20140208,NM-18445,FUR-FU-10002111,LOC00284,First Class,14.56,2,0.0,5.5328
9268,CA-2015-151869,20150925,CS-11950,FUR-CH-10001545,LOC00266,Same Day,102.582,1,0.1,6.8388
9269,CA-2015-151869,20150925,CS-11950,OFF-PA-10002947,LOC00266,Same Day,20.04,3,0.0,9.6192
9270,US-2017-102183,20170821,PK-19075,OFF-BI-10003476,LOC00046,Standard Class,32.088,7,0.2,11.2308
9271,US-2017-102183,20170821,PK-19075,OFF-BI-10001359,LOC00046,Standard Class,4305.552,6,0.2,1453.1238
9272,CA-2016-100510,20160512,HM-14860,FUR-FU-10000320,LOC00024,Standard Class,10.02,3,0.0,4.4088
9273,CA-2016-100510,20160512,HM-14860,TEC-PH-10001835,LOC00024,Standard Class,631.96,4,0.0,303.3408
9274,CA-2017-146983,20170902,AH-10210,OFF-BI-10003650,LOC00001,Standard Class,1577.94,3,0.0,757.4112
9275,US-2014-134054,20141010,FC-14335,OFF-AR-10000937,LOC00384,Same Day,255.85,7,0.0,112.574
9276,CA-2016-113236,20160526,CP-12085,OFF-ST-10000532,LOC00573,Second Class,184.704,6,0.2,13.8528
9277,CA-2016-113236,20160526,CP-12085,TEC-AC-10001267,LOC00573,Second Class,47.92,2,0.2,11.98
9278,CA-2017-122539,20171201,SC-20305,OFF-LA-10004853,LOC00012,Standard Class,15.936,4,0.2,5.1792
9279,CA-2017-122539,20171201,SC-20305,OFF-BI-10001759,LOC00012,Standard Class,8.001,7,0.7,-5.6007
9280,CA-2017-122539,20171201,SC-20305,FUR-CH-10003379,LOC00012,Standard Class,398.972,2,0.3,-28.498
9281,CA-2016-166772,20160920,HJ-14875,FUR-BO-10002853,LOC00060,Standard Class,163.88,2,0.0,40.97
9282,US-2017-152898,20170911,CB-12025,OFF-AP-10000027,LOC00196,Standard Class,67.9,5,0.0,20.37
9283,CA-2016-160486,20161230,EH-14185,OFF-PA-10002421,LOC00583,Standard Class,72.224,4,0.2,25.2784
9284,CA-2017-102218,20170902,LW-17215,OFF-LA-10002475,LOC00377,Second Class,11.696,2,0.2,3.9474
9285,CA-2014-161032,20141118,MK-17905,FUR-CH-10001482,LOC00057,Standard Class,392.94,3,0.0,43.2234
9286,CA-2015-102778,20151121,JH-15820,FUR-FU-10000087,LOC00234,First Class,18.176,1,0.2,4.7712
9287,CA-2017-154011,20170619,DB-13270,OFF-BI-10003166,LOC00177,Standard Class,6.888,3,0.8,-11.0208
9288,CA-2017-154011,20170619,DB-13270,FUR-TA-10000688,LOC00177,Standard Class,457.485,3,0.3,-84.9615
9289,US-2017-165456,20171130,TB-21625,FUR-CH-10003981,LOC00064,First Class,1079.316,6,0.3,-15.4188
9290,CA-2014-111857,20140423,NM-18445,OFF-PA-10001878,LOC00010,Second Class,48.91,1,0.0,22.9877
9291,CA-2014-163650,20140923,TT-21220,OFF-AR-10002375,LOC00022,First Class,9.84,3,0.0,2.8536
9292,CA-2014-163650,20140923,TT-21220,OFF-BI-10004965,LOC00022,First Class,34.5,3,0.0,15.525
9293,CA-2017-124114,20170302,RS-19765,OFF-BI-10004022,LOC00527,Same Day,0.556,1,0.8,-0.9452
9294,US-2017-116505,20171117,TB-21625,OFF-BI-10000050,LOC00620,Second Class,43.8,6,0.0,20.586
9295,CA-2017-161340,20170528,AM-10360,OFF-PA-10002464,LOC00178,Standard Class,13.872,3,0.2,5.0286
9296,CA-2017-161340,20170528,AM-10360,FUR-BO-10004709,LOC00178,Standard Class,115.96,4,0.5,-64.9376
9297,US-2015-163433,20150418,MP-17965,TEC-AC-10003590,LOC00479,Second Class,41.424,2,0.2,8.2848
9298,US-2015-163433,20150418,MP-17965,TEC-PH-10003357,LOC00479,Second Class,244.768,4,0.2,24.4768
9299,US-2015-163433,20150418,MP-17965,OFF-AR-10003373,LOC00479,Second Class,74.352,3,0.2,6.5058
9300,US-2015-163433,20150418,MP-17965,OFF-BI-10003676,LOC00479,Second Class,4.312,2,0.8,-6.8992
9301,US-2015-163433,20150418,MP-17965,FUR-CH-10000225,LOC00479,Second Class,56.686,1,0.3,-20.245
9302,US-2015-163433,20150418,MP-17965,TEC-PH-10001870,LOC00479,Second Class,97.968,2,0.2,6.123
9303,US-2015-163433,20150418,MP-17965,OFF-AR-10003481,LOC00479,Second Class,7.872,3,0.2,0.8856
9304,US-2015-163433,20150418,MP-17965,OFF-PA-10003936,LOC00479,Second Class,15.552,3,0.2,5.4432
9305,US-2015-163433,20150418,MP-17965,OFF-BI-10000320,LOC00479,Second Class,1.476,1,0.8,-2.2878
9306,CA-2015-137603,20150919,MH-17290,OFF-AR-10001972,LOC00448,Standard Class,8.4,5,0.0,2.184
9307,CA-2014-128237,20140325,CA-12265,OFF-AR-10003829,LOC00095,Standard Class,6.56,2,0.0,1.9024
9308,CA-2014-128237,20140325,CA-12265,OFF-AR-10003338,LOC00095,Standard Class,14.88,2,0.0,3.72
9309,CA-2014-128237,20140325,CA-12265,TEC-AC-10002558,LOC00095,Standard Class,45.48,4,0.0,15.918
9310,CA-2014-128237,20140325,CA-12265,OFF-AR-10000034,LOC00095,Standard Class,25.44,6,0.0,9.9216
9311,US-2016-102141,20160826,KD-16615,OFF-BI-10001510,LOC00024,Standard Class,146.688,8,0.2,45.84
9312,CA-2017-148642,20170306,DW-13540,OFF-LA-10000134,LOC00078,Standard Class,4.928,2,0.2,1.7248
9313,CA-2017-148642,20170306,DW-13540,OFF-AR-10000588,LOC00078,Standard Class,63.488,4,0.2,4.7616
9314,CA-2015-111948,20151111,AG-10495,OFF-ST-10003282,LOC00152,Same Day,418.32,7,0.0,117.1296
9315,CA-2015-111948,20151111,AG-10495,OFF-AP-10002311,LOC00152,Same Day,123.858,2,0.1,46.7908
9316,CA-2016-161907,20160405,JH-16180,TEC-PH-10000141,LOC00012,Standard Class,118.782,3,0.4,-27.7158
9317,CA-2016-161907,20160405,JH-16180,OFF-SU-10000646,LOC00012,Standard Class,769.184,4,0.2,-163.4516
9318,CA-2017-124940,20170221,DK-13090,TEC-AC-10002076,LOC00297,Standard Class,47.904,1,0.2,-2.994
9319,US-2017-108343,20170720,AR-10825,OFF-PA-10000743,LOC00030,Standard Class,13.36,2,0.0,6.4128
9320,US-2017-108343,20170720,AR-10825,FUR-CH-10002780,LOC00030,Standard Class,163.764,2,0.1,25.4744
9321,US-2017-108343,20170720,AR-10825,FUR-FU-10000747,LOC00030,Standard Class,183.92,4,0.0,31.2664
9322,US-2016-111563,20161104,SM-20005,FUR-FU-10002445,LOC00017,Standard Class,11.376,3,0.6,-5.688
9323,US-2016-111563,20161104,SM-20005,FUR-FU-10000723,LOC00017,Standard Class,66.112,4,0.6,-84.2928
9324,CA-2017-121853,20170923,DB-13660,OFF-PA-10003641,LOC00002,Standard Class,211.04,8,0.0,97.0784
9325,CA-2017-121853,20170923,DB-13660,FUR-CH-10003973,LOC00002,Standard Class,594.816,2,0.2,59.4816
9326,CA-2017-121853,20170923,DB-13660,OFF-BI-10000977,LOC00002,Standard Class,72.96,3,0.2,23.712
9327,US-2017-130687,20170907,PF-19225,FUR-FU-10004053,LOC00200,First Class,80.96,4,0.0,34.8128
9328,US-2017-130687,20170907,PF-19225,TEC-PH-10002033,LOC00200,First Class,455.712,2,0.2,34.1784
9329,US-2017-130687,20170907,PF-19225,OFF-AR-10004260,LOC00200,First Class,25.98,1,0.0,7.2744
9330,CA-2015-164497,20151128,AJ-10945,OFF-AP-10004655,LOC00095,First Class,45.28,4,0.0,15.3952
9331,US-2015-153283,20151112,EB-14110,OFF-EN-10001539,LOC00046,Standard Class,15.56,2,0.0,7.3132
9332,CA-2016-108056,20160929,ES-14080,TEC-PH-10001817,LOC00331,Standard Class,859.2,3,0.2,75.18
9333,CA-2017-127726,20170911,SS-20410,OFF-AP-10002578,LOC00522,Second Class,195.68,4,0.0,50.8768
9334,CA-2017-127726,20170911,SS-20410,OFF-FA-10000992,LOC00522,Second Class,14.2,4,0.0,6.674
9335,CA-2017-110198,20170501,AG-10900,FUR-BO-10001798,LOC00250,First Class,314.352,3,0.2,-15.7176
9336,CA-2017-110198,20170501,AG-10900,OFF-LA-10004409,LOC00250,First Class,4.608,2,0.2,1.4976
9337,CA-2017-130715,20170916,CY-12745,OFF-FA-10000621,LOC00095,Standard Class,17.9,5,0.0,8.771
9338,CA-2014-155264,20141019,RP-19270,OFF-BI-10003196,LOC00095,Second Class,2.992,1,0.2,1.122
9339,CA-2014-155264,20141019,RP-19270,OFF-BI-10003727,LOC00095,Second Class,20.064,6,0.2,7.0224
9340,CA-2014-155264,20141019,RP-19270,OFF-PA-10003228,LOC00095,Second Class,146.73,3,0.0,68.9631
9341,CA-2014-155264,20141019,RP-19270,OFF-LA-10002787,LOC00095,Second Class,18.75,5,0.0,9.0
9342,CA-2014-155264,20141019,RP-19270,TEC-PH-10001305,LOC00095,Second Class,117.576,3,0.2,11.7576
9343,CA-2016-119123,20160313,DB-13360,OFF-BI-10001036,LOC00216,Standard Class,51.184,7,0.2,19.194
9344,CA-2017-109085,20170217,CK-12325,FUR-TA-10001086,LOC00413,First Class,455.97,5,0.4,-106.393
9345,CA-2017-109085,20170217,CK-12325,OFF-BI-10001525,LOC00413,First Class,5.715,5,0.7,-4.7625
9346,CA-2017-109085,20170217,CK-12325,TEC-PH-10000526,LOC00413,First Class,57.594,1,0.4,-11.5188
9347,CA-2017-109085,20170217,CK-12325,FUR-FU-10004973,LOC00413,First Class,30.144,2,0.2,8.2896
9348,CA-2017-109085,20170217,CK-12325,FUR-CH-10003981,LOC00413,First Class,899.43,5,0.3,-12.849
9349,CA-2016-114860,20161222,DN-13690,FUR-FU-10000277,LOC00521,Standard Class,842.72,8,0.0,202.2528
9350,CA-2016-114860,20161222,DN-13690,FUR-FU-10001934,LOC00521,Standard Class,41.96,2,0.0,10.9096
9351,CA-2016-159009,20160923,DP-13105,OFF-BI-10004970,LOC00061,Standard Class,13.216,4,0.2,4.4604
9352,CA-2016-159009,20160923,DP-13105,FUR-CH-10003396,LOC00061,Standard Class,184.752,3,0.2,-20.7846
9353,CA-2017-148411,20170924,RO-19780,FUR-CH-10003973,LOC00037,First Class,520.464,2,0.3,-14.8704
9354,CA-2017-148411,20170924,RO-19780,OFF-PA-10002109,LOC00037,First Class,11.424,3,0.2,3.7128
9355,CA-2015-110324,20151201,MA-17560,OFF-PA-10001826,LOC00031,Standard Class,19.44,3,0.0,9.3312
9356,CA-2015-110324,20151201,MA-17560,OFF-AR-10000823,LOC00031,Standard Class,3.64,2,0.0,1.0192
9357,CA-2015-110324,20151201,MA-17560,OFF-PA-10001776,LOC00031,Standard Class,18.54,2,0.0,8.7138
9358,CA-2016-168046,20160125,JD-15895,OFF-BI-10003676,LOC00024,Second Class,43.12,5,0.2,15.092
9359,CA-2016-168046,20160125,JD-15895,FUR-TA-10001095,LOC00024,Second Class,313.722,3,0.4,-99.3453
9360,CA-2016-168046,20160125,JD-15895,FUR-FU-10000747,LOC00024,Second Class,45.98,1,0.0,7.8166
9361,CA-2016-168046,20160125,JD-15895,OFF-ST-10004337,LOC00024,Second Class,428.68,7,0.0,0.0
9362,CA-2017-111591,20170321,PS-18970,OFF-BI-10004410,LOC00060,Standard Class,30.576,6,0.2,10.3194
9363,CA-2017-111591,20170321,PS-18970,OFF-FA-10004838,LOC00060,Standard Class,13.02,7,0.0,0.3906
9364,CA-2017-111591,20170321,PS-18970,FUR-FU-10002364,LOC00060,Standard Class,22.14,3,0.0,6.4206
9365,CA-2017-111591,20170321,PS-18970,OFF-ST-10001809,LOC00060,Standard Class,359.32,4,0.0,7.1864
9366,US-2014-166828,20140822,JF-15415,OFF-PA-10001846,LOC00586,First Class,11.56,2,0.0,5.6644
9367,CA-2014-108147,20140608,RD-19480,OFF-BI-10003876,LOC00256,Standard Class,68.48,2,0.2,25.68
9368,CA-2014-108147,20140608,RD-19480,OFF-ST-10003470,LOC00256,Standard Class,1676.88,6,0.0,83.844
9369,CA-2016-154998,20160407,ES-14080,OFF-PA-10004243,LOC00101,First Class,37.94,2,0.0,18.2112
9370,CA-2017-113460,20171107,KN-16390,FUR-CH-10000422,LOC00235,Second Class,272.97,3,0.0,43.6752
9371,CA-2015-111339,20150529,VP-21760,FUR-FU-10002506,LOC00048,First Class,41.568,4,0.2,-4.1568
9372,CA-2015-111339,20150529,VP-21760,FUR-CH-10000863,LOC00048,First Class,317.058,3,0.3,-86.0586
9373,CA-2015-111339,20150529,VP-21760,OFF-FA-10002988,LOC00048,First Class,8.04,5,0.2,2.9145
9374,CA-2017-102820,20170507,CS-11950,TEC-PH-10003437,LOC00055,Standard Class,419.944,7,0.2,52.493
9375,CA-2016-149671,20160605,KB-16600,OFF-SU-10002537,LOC00060,Standard Class,61.38,6,0.0,15.9588
9376,CA-2015-126347,20151214,AJ-10945,TEC-AC-10003063,LOC00063,Second Class,50.0,2,0.0,10.5
9377,CA-2017-108756,20171225,PO-18865,TEC-AC-10003237,LOC00621,Standard Class,31.8,3,0.0,13.674
9378,CA-2017-155362,20171217,DP-13105,OFF-ST-10001031,LOC00425,Standard Class,32.56,2,0.0,8.4656
9379,CA-2016-117625,20160510,GM-14500,OFF-EN-10001535,LOC00027,Standard Class,7.072,2,0.2,2.3868
9380,CA-2014-154158,20141223,CC-12670,OFF-PA-10001295,LOC00086,Second Class,45.528,3,0.2,15.9348
9381,CA-2014-154158,20141223,CC-12670,FUR-CH-10004698,LOC00086,Second Class,64.784,1,0.2,6.4784
9382,CA-2014-154158,20141223,CC-12670,OFF-ST-10000078,LOC00086,Second Class,424.272,2,0.2,-10.6068
9383,CA-2014-154158,20141223,CC-12670,OFF-AR-10001868,LOC00086,Second Class,1.344,1,0.2,0.504
9384,CA-2014-154158,20141223,CC-12670,OFF-ST-10004950,LOC00086,Second Class,83.92,5,0.2,-1.049
9385,CA-2017-100433,20170811,SJ-20125,OFF-PA-10003441,LOC00030,Standard Class,25.92,4,0.0,12.4416
9386,CA-2017-163097,20170827,SF-20200,FUR-FU-10004973,LOC00155,Standard Class,120.576,8,0.2,33.1584
9387,US-2017-127292,20170119,RM-19375,OFF-PA-10000157,LOC00371,Standard Class,79.92,4,0.0,37.5624
9388,US-2017-127292,20170119,RM-19375,OFF-PA-10001970,LOC00371,Standard Class,12.28,1,0.0,5.7716
9389,US-2017-127292,20170119,RM-19375,OFF-AP-10000828,LOC00371,Standard Class,542.94,3,0.0,152.0232
9390,US-2017-127292,20170119,RM-19375,OFF-EN-10001509,LOC00371,Standard Class,2.04,1,0.0,0.9588
9391,CA-2015-163734,20150619,KM-16375,OFF-ST-10003692,LOC00033,Standard Class,228.92,5,0.2,14.3075
9392,CA-2017-162474,20170313,FH-14275,TEC-PH-10004700,LOC00174,First Class,7.992,1,0.2,2.5974
9393,CA-2015-130848,20151025,DG-13300,FUR-CH-10000422,LOC00077,Same Day,582.336,8,0.2,-29.1168
9394,CA-2014-125997,20140920,MW-18220,TEC-PH-10003484,LOC00165,First Class,629.95,5,0.0,157.4875
9395,CA-2014-125997,20140920,MW-18220,FUR-CH-10001394,LOC00165,First Class,631.782,2,0.1,140.396
9396,CA-2014-125997,20140920,MW-18220,FUR-BO-10002213,LOC00165,First Class,801.568,2,0.2,-10.0196
9397,CA-2014-125997,20140920,MW-18220,OFF-LA-10002762,LOC00165,First Class,75.18,6,0.0,35.3346
9398,CA-2014-125997,20140920,MW-18220,OFF-AP-10003842,LOC00165,First Class,30.98,1,0.0,8.0548
9399,CA-2014-125997,20140920,MW-18220,TEC-PH-10003072,LOC00165,First Class,1349.91,9,0.0,661.4559
9400,CA-2016-103128,20161111,SC-20845,OFF-AR-10003394,LOC00622,Standard Class,14.112,6,0.2,1.2348
9401,CA-2015-167696,20150916,BD-11500,OFF-EN-10001539,LOC00390,Standard Class,31.12,4,0.0,14.6264
9402,CA-2014-159814,20140624,LP-17080,FUR-FU-10001731,LOC00116,Standard Class,4.272,2,0.2,0.9612
9403,CA-2016-105459,20160812,NP-18700,FUR-TA-10001095,LOC00024,Second Class,209.148,2,0.4,-66.2302
9404,CA-2016-105459,20160812,NP-18700,OFF-ST-10000078,LOC00024,Second Class,1591.02,6,0.0,286.3836
9405,CA-2017-141663,20170413,DP-13105,OFF-FA-10004076,LOC00064,Standard Class,7.92,5,0.2,1.683
9406,CA-2014-152618,20140314,RB-19465,TEC-MA-10003626,LOC00156,First Class,574.91,2,0.3,156.047
9407,CA-2014-152618,20140314,RB-19465,OFF-PA-10001215,LOC00156,First Class,8.448,2,0.2,2.64
9408,CA-2017-162789,20170922,LC-17140,TEC-AC-10002842,LOC00046,Second Class,1071.0,9,0.0,171.36
9409,CA-2017-162789,20170922,LC-17140,FUR-FU-10004864,LOC00046,Second Class,12.07,1,0.0,3.9831
9410,US-2017-110149,20171210,WB-21850,OFF-BI-10000014,LOC00106,First Class,3.273,1,0.7,-2.5093
9411,US-2017-110149,20171210,WB-21850,FUR-FU-10001475,LOC00106,First Class,87.92,5,0.2,15.386
9412,CA-2016-108959,20160310,MH-17785,OFF-ST-10001272,LOC00277,Second Class,104.696,1,0.2,6.5435
9413,CA-2015-164777,20150127,SC-20305,FUR-CH-10002024,LOC00002,First Class,2803.92,5,0.2,0.0
9414,CA-2016-132017,20160926,MH-17620,OFF-BI-10004001,LOC00017,First Class,6.816,2,0.8,-11.5872
9415,CA-2015-127824,20151018,JC-15775,TEC-PH-10004094,LOC00061,Standard Class,249.584,2,0.2,15.599
9416,CA-2015-127824,20151018,JC-15775,OFF-PA-10001184,LOC00061,Standard Class,17.94,3,0.0,8.7906
9417,CA-2015-127824,20151018,JC-15775,FUR-FU-10002505,LOC00061,Standard Class,10.11,3,0.0,3.2352
9418,CA-2014-148285,20141027,RD-19810,OFF-PA-10001166,LOC00307,Standard Class,10.368,2,0.2,3.6288
9419,CA-2014-148285,20141027,RD-19810,OFF-PA-10000349,LOC00307,Standard Class,11.952,3,0.2,4.0338
9420,CA-2017-152926,20171002,SC-20695,OFF-AP-10004708,LOC00017,Second Class,15.224,2,0.8,-38.8212
9421,CA-2017-152926,20171002,SC-20695,OFF-AP-10001947,LOC00017,Second Class,21.984,6,0.8,-56.0592
9422,CA-2014-145254,20140723,NC-18535,TEC-PH-10000441,LOC00035,Standard Class,604.752,6,0.2,60.4752
9423,CA-2014-145254,20140723,NC-18535,OFF-SU-10004664,LOC00035,Standard Class,40.7,5,0.0,11.803
9424,CA-2014-145254,20140723,NC-18535,TEC-PH-10004531,LOC00035,Standard Class,302.376,3,0.2,37.797
9425,CA-2014-145254,20140723,NC-18535,TEC-AC-10002167,LOC00035,Standard Class,45.0,3,0.0,4.95
9426,CA-2014-116246,20140912,LW-17215,FUR-CH-10002024,LOC00046,Second Class,3785.292,6,0.1,420.588
9427,CA-2016-160479,20160915,AH-10585,OFF-AR-10002445,LOC00060,Standard Class,35.4,5,0.0,13.452
9428,CA-2014-167486,20141127,JO-15145,FUR-FU-10003268,LOC00251,Standard Class,199.9,5,0.0,39.98
9429,CA-2014-152100,20140511,VW-21775,FUR-CH-10000015,LOC00144,Standard Class,1212.96,8,0.3,-69.312
9430,CA-2015-166219,20150828,BP-11185,TEC-PH-10004165,LOC00177,Standard Class,1099.96,5,0.2,82.497
9431,CA-2015-166219,20150828,BP-11185,FUR-TA-10004607,LOC00177,Standard Class,103.481,1,0.3,-16.2613
9432,CA-2015-111864,20150619,PP-18955,OFF-LA-10004677,LOC00064,Same Day,5.904,2,0.2,1.9926
9433,CA-2015-119627,20150817,SC-20725,TEC-AC-10002217,LOC00346,Standard Class,30.08,2,0.2,-5.264
9434,CA-2015-119627,20150817,SC-20725,OFF-PA-10001937,LOC00346,Standard Class,36.288,7,0.2,12.7008
9435,CA-2015-119627,20150817,SC-20725,OFF-AR-10000203,LOC00346,Standard Class,10.272,3,0.2,1.1556
9436,CA-2015-119627,20150817,SC-20725,TEC-AC-10001142,LOC00346,Standard Class,252.8,4,0.2,-31.6
9437,CA-2015-160787,20150925,BM-11785,OFF-BI-10003712,LOC00106,Same Day,2.946,2,0.7,-2.0622
9438,CA-2017-107853,20170526,CD-11920,OFF-PA-10000520,LOC00219,Standard Class,12.96,2,0.0,6.2208
9439,CA-2017-126144,20170731,GM-14680,TEC-PH-10001079,LOC00064,Standard Class,285.576,4,0.4,-57.1152
9440,US-2014-154655,20141012,BP-11050,OFF-SU-10000898,LOC00037,Standard Class,22.24,2,0.2,2.502
9441,CA-2014-100391,20140525,BW-11065,OFF-PA-10001471,LOC00046,Standard Class,14.62,2,0.0,6.7252
9442,CA-2014-165477,20141229,RE-19405,OFF-AP-10003281,LOC00362,Second Class,48.36,5,0.2,6.045
9443,CA-2017-165904,20170407,HR-14770,OFF-AR-10003156,LOC00134,Standard Class,16.256,2,0.2,1.2192
9444,CA-2017-165904,20170407,HR-14770,TEC-PH-10000576,LOC00134,Standard Class,219.184,2,0.2,19.1786
9445,CA-2015-104052,20150301,TP-21565,TEC-PH-10003215,LOC00282,First Class,95.84,4,0.2,34.742
9446,CA-2015-168277,20150529,KB-16315,OFF-LA-10004484,LOC00305,Standard Class,12.39,3,0.0,5.6994
9447,CA-2016-158617,20160922,AC-10660,OFF-PA-10002245,LOC00453,Standard Class,35.88,6,0.0,16.146
9448,CA-2017-136882,20170527,DN-13690,FUR-FU-10003664,LOC00313,Standard Class,477.3,5,0.0,138.417
9449,US-2016-148957,20160917,CC-12430,OFF-LA-10002195,LOC00487,Standard Class,12.32,4,0.0,5.9136
9450,CA-2014-140032,20140908,TS-21340,OFF-BI-10000822,LOC00010,Standard Class,8.608,2,0.2,3.0128
9451,CA-2017-145506,20170603,MO-17800,OFF-ST-10004963,LOC00322,Standard Class,136.26,9,0.0,5.4504
9452,CA-2015-129546,20150928,RP-19855,OFF-AP-10002495,LOC00004,Standard Class,186.15,3,0.0,55.845
9453,CA-2015-129546,20150928,RP-19855,OFF-BI-10004001,LOC00004,Standard Class,81.792,6,0.2,26.5824
9454,CA-2015-129546,20150928,RP-19855,OFF-SU-10004884,LOC00004,Standard Class,47.19,3,0.0,13.6851
9455,CA-2015-129546,20150928,RP-19855,TEC-PH-10003555,LOC00004,Standard Class,36.784,2,0.2,-8.2764
9456,CA-2016-140977,20160616,JL-15175,TEC-MA-10003493,LOC00429,Second Class,91.475,1,0.5,-1.8295
9457,CA-2017-151855,20170527,BW-11110,TEC-AC-10002380,LOC00308,Standard Class,27.192,3,0.2,0.3399
9458,CA-2017-151855,20170527,BW-11110,OFF-BI-10004209,LOC00308,Standard Class,12.06,5,0.7,-10.05
9459,CA-2014-138240,20141009,SJ-20500,OFF-AR-10002135,LOC00035,Standard Class,144.6,3,0.0,41.934
9460,CA-2014-138240,20141009,SJ-20500,TEC-PH-10002583,LOC00035,Standard Class,15.992,1,0.2,-2.9985
9461,CA-2014-101833,20141117,FG-14260,OFF-PA-10003591,LOC00024,Second Class,34.44,3,0.0,17.22
9462,CA-2014-100867,20141019,EH-14125,TEC-PH-10004922,LOC00469,Standard Class,321.552,6,0.2,20.097
9463,US-2017-109610,20171125,BS-11590,FUR-CH-10001854,LOC00176,Second Class,701.96,2,0.0,168.4704
9464,CA-2014-156545,20140227,JS-16030,OFF-AR-10003560,LOC00048,First Class,19.456,4,0.2,3.4048
9465,CA-2014-109127,20141221,JC-15775,OFF-LA-10004409,LOC00286,Standard Class,17.28,6,0.0,7.9488
9466,CA-2016-126858,20161119,JM-15265,FUR-FU-10000448,LOC00061,Standard Class,31.96,2,0.0,1.598
9467,CA-2017-102925,20171105,CD-12280,OFF-BI-10002735,LOC00024,Second Class,164.688,6,0.2,55.5822
9468,CA-2017-102925,20171105,CD-12280,FUR-TA-10003469,LOC00024,Second Class,166.5,2,0.4,-66.6
9469,CA-2017-102925,20171105,CD-12280,OFF-PA-10001870,LOC00024,Second Class,12.96,2,0.0,6.2208
9470,CA-2017-102925,20171105,CD-12280,OFF-PA-10004071,LOC00024,Second Class,110.96,2,0.0,53.2608
9471,CA-2017-102925,20171105,CD-12280,TEC-PH-10001448,LOC00024,Second Class,99.98,2,0.0,3.9992
9472,CA-2017-102925,20171105,CD-12280,OFF-BI-10002706,LOC00024,Second Class,11.424,1,0.2,3.7128
9473,CA-2017-102925,20171105,CD-12280,FUR-CH-10004875,LOC00024,Second Class,128.124,2,0.1,24.2012
9474,CA-2017-102925,20171105,CD-12280,FUR-FU-10004245,LOC00024,Second Class,101.4,5,0.0,38.532
9475,CA-2015-100818,20150531,JM-15265,OFF-LA-10000443,LOC00156,Second Class,5.904,2,0.2,1.9926
9476,CA-2015-100818,20150531,JM-15265,OFF-PA-10001125,LOC00156,Second Class,173.488,7,0.2,54.215
9477,CA-2015-100818,20150531,JM-15265,FUR-FU-10002703,LOC00156,Second Class,51.56,2,0.6,-61.872
9478,CA-2015-100818,20150531,JM-15265,OFF-BI-10004364,LOC00156,Second Class,3.564,3,0.8,-6.237
9479,CA-2014-126193,20140907,SS-20410,OFF-FA-10000936,LOC00623,Standard Class,13.16,5,0.2,4.1125
9480,CA-2014-126193,20140907,SS-20410,OFF-BI-10001249,LOC00623,Standard Class,3.828,3,0.8,-6.5076
9481,CA-2014-126193,20140907,SS-20410,OFF-BI-10004632,LOC00623,Standard Class,304.99,5,0.8,-533.7325
9482,CA-2017-150504,20171106,HG-14845,OFF-ST-10000615,LOC00078,Standard Class,18.16,2,0.2,1.816
9483,CA-2015-158351,20150620,BC-11125,TEC-AC-10001838,LOC00064,Second Class,319.984,2,0.2,91.9954
9484,CA-2014-122679,20140722,AB-10255,OFF-AR-10004757,LOC00142,Standard Class,19.68,6,0.0,6.4944
9485,CA-2016-164770,20161202,MY-18295,FUR-BO-10003893,LOC00067,Second Class,781.864,10,0.32,-137.976
9486,CA-2016-164770,20161202,MY-18295,OFF-PA-10003893,LOC00067,Second Class,30.816,9,0.2,9.63
9487,CA-2017-130505,20171012,NF-18385,FUR-TA-10001932,LOC00596,Same Day,673.344,3,0.3,-76.9536
9488,US-2017-125213,20171211,NB-18655,OFF-FA-10001561,LOC00336,First Class,6.54,3,0.0,2.1582
9489,CA-2015-156566,20151001,EM-13960,TEC-PH-10001817,LOC00041,First Class,572.8,2,0.2,50.12
9490,US-2016-102232,20160805,MF-17665,OFF-AR-10000538,LOC00365,Standard Class,197.05,7,0.0,59.115
9491,CA-2017-111738,20170103,CM-12385,OFF-BI-10004584,LOC00095,Standard Class,2022.272,8,0.2,682.5168
9492,CA-2017-111738,20170103,CM-12385,OFF-AR-10000817,LOC00095,Standard Class,9.12,3,0.0,3.1008
9493,CA-2017-163188,20171107,EC-14050,OFF-BI-10000756,LOC00337,Same Day,38.16,9,0.0,19.08
9494,CA-2016-105207,20160103,BO-11350,FUR-TA-10000617,LOC00474,Standard Class,1592.85,7,0.0,350.427
9495,CA-2016-105207,20160103,BO-11350,OFF-BI-10004364,LOC00474,Standard Class,11.88,2,0.0,5.346
9496,US-2016-123610,20160512,VM-21835,TEC-AC-10004518,LOC00169,Standard Class,120.0,6,0.0,46.8
9497,US-2016-123610,20160512,VM-21835,OFF-AP-10002222,LOC00169,Standard Class,8.67,1,0.0,2.3409
9498,CA-2017-118213,20171105,AB-10060,OFF-PA-10002615,LOC00468,First Class,4.41,1,0.0,2.0286
9499,CA-2017-118213,20171105,AB-10060,OFF-PA-10000565,LOC00468,First Class,167.94,3,0.0,82.2906
9500,CA-2017-118213,20171105,AB-10060,OFF-PA-10003673,LOC00468,First Class,67.8,10,0.0,31.188
9501,CA-2016-149237,20160526,CM-12235,FUR-FU-10002088,LOC00202,Standard Class,26.94,3,0.0,11.3148
9502,US-2015-158589,20151120,KW-16570,FUR-FU-10001546,LOC00010,Standard Class,32.04,3,0.0,8.01
9503,CA-2016-101329,20160422,MM-17920,OFF-AR-10000614,LOC00499,Standard Class,32.13,9,0.0,8.3538
9504,CA-2016-101329,20160422,MM-17920,OFF-AR-10003190,LOC00499,Standard Class,2.88,1,0.0,0.8064
9505,CA-2016-113607,20161014,PW-19030,TEC-PH-10004094,LOC00030,Standard Class,1091.93,7,0.0,272.9825
9506,CA-2016-113607,20161014,PW-19030,OFF-PA-10001970,LOC00030,Standard Class,111.96,2,0.0,54.8604
9507,CA-2014-149104,20140405,RD-19900,OFF-AR-10002952,LOC00447,Second Class,26.7,2,0.0,7.476
9508,CA-2014-149104,20140405,RD-19900,OFF-BI-10004209,LOC00447,Second Class,40.2,5,0.0,18.09
9509,CA-2014-149104,20140405,RD-19900,OFF-AR-10004685,LOC00447,Second Class,13.89,3,0.0,4.5837
9510,CA-2014-149104,20140405,RD-19900,OFF-ST-10000991,LOC00447,Second Class,689.82,6,0.0,20.6946
9511,CA-2016-105263,20160806,LM-17065,OFF-AR-10002399,LOC00024,Standard Class,38.34,9,0.0,15.7194
9512,CA-2014-130575,20141214,CS-11845,OFF-BI-10002353,LOC00037,First Class,9.264,3,0.8,-13.896
9513,CA-2017-142461,20170530,KT-16480,FUR-BO-10001811,LOC00163,Second Class,204.6664,1,0.32,-6.0196
9514,CA-2016-125220,20161014,BE-11410,TEC-AC-10003033,LOC00292,Standard Class,1649.75,5,0.0,544.4175
9515,CA-2014-100293,20140314,NF-18475,OFF-PA-10000176,LOC00134,Standard Class,91.056,6,0.2,31.8696
9516,CA-2014-154165,20140217,DL-13315,OFF-AR-10003631,LOC00156,Standard Class,54.208,14,0.2,8.8088
9517,CA-2015-123939,20150824,MS-17710,TEC-PH-10000923,LOC00393,Second Class,26.982,3,0.4,4.0473
9518,CA-2015-123939,20150824,MS-17710,OFF-LA-10003190,LOC00393,Second Class,6.912,3,0.2,2.5056
9519,CA-2015-123939,20150824,MS-17710,OFF-ST-10003208,LOC00393,Second Class,435.504,3,0.2,48.9942
9520,US-2017-104451,20170508,MM-18055,OFF-AP-10000692,LOC00095,Second Class,81.08,4,0.0,22.7024
9521,CA-2016-101189,20160204,JB-15400,OFF-ST-10004180,LOC00014,Standard Class,93.02,2,0.0,3.7208
9522,CA-2014-169446,20141219,SG-20605,TEC-PH-10002817,LOC00037,Standard Class,323.976,3,0.2,36.4473
9523,CA-2014-169446,20141219,SG-20605,OFF-PA-10000295,LOC00037,Standard Class,15.552,3,0.2,5.4432
9524,CA-2014-169446,20141219,SG-20605,OFF-ST-10000419,LOC00037,Standard Class,32.592,3,0.2,-7.7406
9525,CA-2017-156958,20171205,PB-18805,OFF-BI-10001524,LOC00061,First Class,83.92,5,0.2,29.372
9526,CA-2017-156958,20171205,PB-18805,FUR-FU-10003268,LOC00061,First Class,199.9,5,0.0,39.98
9527,CA-2017-156958,20171205,PB-18805,TEC-PH-10000148,LOC00061,First Class,31.176,3,0.2,-7.0146
9528,CA-2017-156958,20171205,PB-18805,OFF-BI-10001543,LOC00061,First Class,172.752,6,0.2,60.4632
9529,CA-2017-156958,20171205,PB-18805,OFF-BI-10002071,LOC00061,First Class,9.296,2,0.2,3.0212
9530,CA-2017-101637,20170324,AC-10615,OFF-ST-10002352,LOC00582,Same Day,12.768,2,0.2,0.9576
9531,CA-2017-111759,20170708,MR-17545,OFF-PA-10003127,LOC00006,Standard Class,52.76,2,0.0,24.2696
9532,CA-2017-102729,20171026,BF-11215,OFF-ST-10000464,LOC00163,Standard Class,55.616,2,0.2,5.5616
9533,CA-2016-116596,20161027,BW-11200,FUR-CH-10000553,LOC00165,Standard Class,427.644,14,0.1,80.7772
9534,CA-2016-116596,20161027,BW-11200,OFF-FA-10000134,LOC00165,Standard Class,40.67,7,0.0,12.6077
9535,CA-2016-116596,20161027,BW-11200,OFF-ST-10000636,LOC00165,Standard Class,33.48,2,0.0,1.3392
9536,CA-2016-116596,20161027,BW-11200,OFF-BI-10002949,LOC00165,Standard Class,9.728,2,0.2,3.2832
9537,CA-2017-124191,20170612,TS-21610,FUR-FU-10002364,LOC00027,Second Class,8.856,3,0.6,-6.8634
9538,CA-2016-148747,20160925,AS-10045,FUR-BO-10002613,LOC00095,First Class,477.666,2,0.15,84.294
9539,US-2017-169488,20170907,AA-10375,OFF-PA-10002659,LOC00260,First Class,16.9,5,0.0,7.774
9540,US-2017-169488,20170907,AA-10375,OFF-PA-10000157,LOC00260,First Class,39.96,2,0.0,18.7812
9541,CA-2015-135727,20150511,PS-18970,FUR-CH-10004540,LOC00052,Second Class,191.968,7,0.2,16.7972
9542,CA-2015-135251,20150806,RP-19270,OFF-LA-10004544,LOC00015,Standard Class,35.52,3,0.2,13.32
9543,CA-2015-135251,20150806,RP-19270,OFF-BI-10001097,LOC00015,Standard Class,6.23,5,0.8,-9.6565
9544,CA-2015-135251,20150806,RP-19270,OFF-PA-10003302,LOC00015,Standard Class,56.704,2,0.2,19.1376
9545,CA-2015-135251,20150806,RP-19270,FUR-BO-10003965,LOC00015,Standard Class,369.1992,3,0.32,-114.0174
9546,CA-2014-166590,20141029,NC-18625,TEC-AC-10003433,LOC00135,Standard Class,1.98,2,0.0,0.891
9547,CA-2014-166590,20141029,NC-18625,OFF-PA-10000482,LOC00135,Standard Class,75.88,2,0.0,35.6636
9548,CA-2016-131744,20160618,SC-20770,OFF-PA-10004610,LOC00064,Second Class,6.848,2,0.2,2.14
9549,CA-2016-131744,20160618,SC-20770,OFF-BI-10003910,LOC00064,Second Class,4.626,2,0.7,-3.855
9550,CA-2016-131744,20160618,SC-20770,OFF-AP-10001394,LOC00064,Second Class,453.6,3,0.2,90.72
9551,CA-2015-160864,20150503,NF-18595,OFF-BI-10004654,LOC00059,First Class,13.848,3,0.2,5.193
9552,CA-2015-147690,20151110,SC-20020,OFF-ST-10001526,LOC00012,Standard Class,577.584,6,0.2,43.3188
9553,CA-2015-163923,20150530,BD-11560,TEC-AC-10000358,LOC00029,Standard Class,151.96,4,0.0,36.4704
9554,CA-2016-125724,20160922,SM-20950,FUR-FU-10000246,LOC00334,Standard Class,68.432,7,0.2,8.554
9555,CA-2015-111612,20151128,EB-14110,FUR-FU-10003799,LOC00048,Standard Class,71.12,5,0.2,9.779
9556,CA-2015-111612,20151128,EB-14110,OFF-FA-10003021,LOC00048,Standard Class,3.008,2,0.2,0.564
9557,CA-2015-156853,20151203,HP-14815,OFF-PA-10003656,LOC00209,Second Class,184.66,7,0.0,84.9436
9558,CA-2014-103086,20141017,EB-14170,FUR-FU-10004586,LOC00015,Second Class,5.312,2,0.6,-1.5936
9559,CA-2016-129280,20160503,SM-20905,TEC-AC-10003832,LOC00056,First Class,132.52,5,0.2,34.7865
9560,CA-2016-129280,20160503,SM-20905,OFF-ST-10002554,LOC00056,First Class,195.64,5,0.2,-44.019
9561,CA-2016-129280,20160503,SM-20905,FUR-FU-10001876,LOC00056,First Class,51.968,2,0.2,10.3936
9562,CA-2016-129280,20160503,SM-20905,TEC-AC-10002637,LOC00056,First Class,431.976,3,0.2,-75.5958
9563,CA-2016-129280,20160503,SM-20905,TEC-MA-10003589,LOC00056,First Class,224.937,3,0.7,-164.9538
9564,CA-2016-129280,20160503,SM-20905,OFF-LA-10000081,LOC00056,First Class,6.0,2,0.2,2.1
9565,CA-2015-161242,20150601,CG-12040,OFF-PA-10001838,LOC00063,Standard Class,11.76,2,0.0,5.7624
9566,CA-2014-130428,20140331,TG-21640,FUR-CH-10002965,LOC00086,Same Day,1125.488,7,0.2,98.4802
9567,CA-2014-130428,20140331,TG-21640,OFF-BI-10001636,LOC00086,Same Day,12.645,5,0.7,-10.116
9568,CA-2014-130428,20140331,TG-21640,OFF-AR-10004027,LOC00086,Same Day,4.032,2,0.2,1.0584
9569,CA-2017-104388,20170705,DK-12835,TEC-PH-10002293,LOC00011,First Class,79.96,4,0.0,22.3888
9570,CA-2015-113131,20150924,MB-17305,OFF-BI-10003196,LOC00048,Same Day,6.732,6,0.7,-4.488
9571,CA-2015-113131,20150924,MB-17305,OFF-ST-10001172,LOC00048,Same Day,33.568,2,0.2,1.6784
9572,CA-2015-113131,20150924,MB-17305,OFF-EN-10003068,LOC00048,Same Day,15.84,2,0.2,5.544
9573,CA-2015-113131,20150924,MB-17305,OFF-LA-10003510,LOC00048,Same Day,24.424,1,0.2,7.9378
9574,CA-2015-113131,20150924,MB-17305,OFF-AR-10003504,LOC00048,Same Day,17.12,5,0.2,1.926
9575,CA-2015-148495,20150813,SF-20065,FUR-FU-10001889,LOC00283,Same Day,31.56,3,0.0,10.4148
9576,CA-2015-143147,20150526,PS-18760,FUR-CH-10000863,LOC00066,Second Class,105.686,1,0.3,-28.6862
9577,CA-2015-143147,20150526,PS-18760,TEC-MA-10004679,LOC00066,Second Class,399.54,2,0.4,-79.908
9578,CA-2015-143147,20150526,PS-18760,FUR-CH-10004754,LOC00066,Second Class,104.93,5,0.3,-4.497
9579,CA-2017-152975,20170914,RB-19705,TEC-PH-10004586,LOC00046,First Class,1079.85,3,0.0,323.955
9580,CA-2017-152975,20170914,RB-19705,OFF-ST-10001370,LOC00046,First Class,70.98,1,0.0,3.549
9581,CA-2017-152975,20170914,RB-19705,OFF-AR-10001988,LOC00046,First Class,29.95,5,0.0,8.6855
9582,CA-2017-152975,20170914,RB-19705,FUR-CH-10003298,LOC00046,First Class,589.41,5,0.1,-6.549
9583,CA-2016-107475,20160607,RS-19870,OFF-FA-10002988,LOC00075,Standard Class,9.648,6,0.2,3.4974
9584,CA-2017-116127,20170625,SB-20185,FUR-BO-10002213,LOC00024,Second Class,400.784,1,0.2,-5.0098
9585,CA-2017-132584,20170826,HJ-14875,OFF-ST-10000344,LOC00152,First Class,53.72,4,0.0,13.9672
9586,CA-2016-160598,20160826,SV-20815,OFF-PA-10002319,LOC00230,First Class,31.008,1,0.2,11.2404
9587,CA-2016-108630,20161118,BE-11410,OFF-BI-10002437,LOC00138,Same Day,61.12,5,0.2,22.156
9588,US-2017-129203,20170417,BM-11575,OFF-ST-10001418,LOC00156,Standard Class,195.136,4,0.2,-43.9056
9589,CA-2017-110940,20170723,AZ-10750,OFF-AR-10000380,LOC00400,Standard Class,121.536,4,0.2,15.192
9590,CA-2014-119172,20140511,HD-14785,OFF-PA-10003036,LOC00027,Standard Class,17.472,3,0.2,5.6784
9591,CA-2014-119172,20140511,HD-14785,OFF-BI-10002026,LOC00027,Standard Class,104.58,9,0.8,-172.557
9592,US-2016-105452,20160728,BF-11005,FUR-FU-10003691,LOC00090,Standard Class,24.7,5,0.6,-9.88
9593,US-2016-105452,20160728,BF-11005,FUR-FU-10003806,LOC00090,Standard Class,302.72,5,0.6,-378.4
9594,CA-2017-108931,20170914,HZ-14950,OFF-PA-10002741,LOC00024,Standard Class,8.56,2,0.0,3.852
9595,CA-2017-108931,20170914,HZ-14950,OFF-PA-10003845,LOC00024,Standard Class,11.56,2,0.0,5.6644
9596,CA-2017-104619,20170124,KD-16495,OFF-AP-10001492,LOC00059,Standard Class,25.86,3,0.0,6.7236
9597,CA-2017-104619,20170124,KD-16495,OFF-BI-10004318,LOC00059,Standard Class,276.784,2,0.2,89.9548
9598,CA-2017-104619,20170124,KD-16495,TEC-PH-10000193,LOC00059,Standard Class,110.352,3,0.2,8.2764
9599,CA-2015-149517,20150919,FC-14245,FUR-FU-10003464,LOC00380,Standard Class,60.84,3,0.0,19.4688
9600,CA-2015-116841,20150414,TP-21130,OFF-AP-10002403,LOC00331,Standard Class,35.208,1,0.2,2.6406
9601,CA-2017-107797,20170508,EB-13705,OFF-PA-10003848,LOC00610,Second Class,41.472,8,0.2,14.5152
9602,CA-2016-117604,20160904,JP-15520,OFF-PA-10001357,LOC00238,Standard Class,239.5,5,0.0,114.96
9603,CA-2014-130155,20140519,TD-20995,OFF-SU-10004737,LOC00221,First Class,34.2,5,0.0,9.234
9604,CA-2016-129861,20160617,DM-13345,FUR-TA-10003715,LOC00145,Standard Class,376.866,3,0.4,-213.5574
9605,CA-2015-138625,20151102,EG-13900,OFF-AP-10003099,LOC00338,First Class,197.72,4,0.0,55.3616
9606,US-2017-122672,20171104,HG-14965,TEC-AC-10002323,LOC00404,Standard Class,70.72,4,0.2,-6.188
9607,US-2017-122672,20171104,HG-14965,OFF-ST-10002344,LOC00404,Standard Class,194.352,3,0.2,-43.7292
9608,CA-2017-117128,20171205,BF-11080,OFF-PA-10000007,LOC00024,Second Class,21.6,6,0.0,9.936
9609,CA-2017-117128,20171205,BF-11080,OFF-LA-10000248,LOC00024,Second Class,11.07,3,0.0,5.2029
9610,CA-2016-130638,20160516,SC-20095,FUR-FU-10002116,LOC00063,Second Class,282.84,4,0.0,19.7988
9611,CA-2016-130638,20160516,SC-20095,OFF-LA-10002195,LOC00063,Second Class,27.72,9,0.0,13.3056
9612,CA-2017-144365,20171024,CS-11950,OFF-FA-10000735,LOC00130,Standard Class,11.68,4,0.0,5.256
9613,CA-2016-110086,20160918,BD-11320,TEC-PH-10001299,LOC00434,Standard Class,239.984,2,0.2,23.9984
9614,CA-2014-128524,20141111,MZ-17515,OFF-AP-10002892,LOC00061,First Class,22.98,1,0.0,6.894
9615,CA-2014-128524,20141111,MZ-17515,TEC-AC-10002718,LOC00061,First Class,102.13,7,0.0,15.3195
9616,CA-2014-128524,20141111,MZ-17515,OFF-BI-10003527,LOC00061,First Class,2033.584,2,0.2,762.594
9617,CA-2016-140256,20160822,PW-19030,OFF-AR-10002255,LOC00014,Standard Class,5.76,2,0.0,1.6704
9618,CA-2017-160633,20171116,BS-11380,TEC-CO-10002095,LOC00393,Standard Class,899.982,3,0.4,74.9985
9619,CA-2017-160633,20171116,BS-11380,OFF-AR-10004022,LOC00393,Standard Class,86.352,3,0.2,5.397
9620,CA-2017-160633,20171116,BS-11380,TEC-AC-10002335,LOC00393,Standard Class,139.96,5,0.2,-1.7495
9621,CA-2014-115133,20140926,DA-13450,OFF-AP-10001634,LOC00404,Standard Class,16.704,6,0.2,1.2528
9622,CA-2014-115133,20140926,DA-13450,TEC-AC-10002370,LOC00404,Standard Class,3.152,2,0.2,0.4728
9623,CA-2014-115133,20140926,DA-13450,OFF-PA-10000174,LOC00404,Standard Class,32.896,4,0.2,11.1024
9624,CA-2017-137449,20170629,ME-17725,OFF-AP-10000240,LOC00078,First Class,21.392,2,0.8,-54.5496
9625,CA-2017-137449,20170629,ME-17725,FUR-TA-10002855,LOC00078,First Class,307.314,3,0.3,-39.5118
9626,CA-2017-137449,20170629,ME-17725,FUR-BO-10000780,LOC00078,First Class,409.9992,3,0.32,-96.4704
9627,CA-2017-103520,20170923,MH-17785,OFF-PA-10001846,LOC00339,First Class,9.248,2,0.2,3.3524
9628,CA-2014-139283,20141123,BT-11440,OFF-BI-10002049,LOC00084,Standard Class,14.67,3,0.0,6.7482
9629,CA-2014-118192,20140113,MM-17920,OFF-PA-10002947,LOC00056,Standard Class,37.408,7,0.2,13.0928
9630,CA-2014-118192,20140113,MM-17920,OFF-BI-10003476,LOC00056,Standard Class,3.438,2,0.7,-2.5212
9631,CA-2016-168844,20160531,NM-18520,OFF-BI-10002609,LOC00165,Standard Class,7.152,3,0.2,2.3244
9632,CA-2016-168844,20160531,NM-18520,TEC-PH-10003215,LOC00165,Standard Class,179.7,6,0.0,88.053
9633,CA-2017-154809,20170213,MH-17455,OFF-AP-10004785,LOC00040,Standard Class,90.64,8,0.0,38.9752
9634,CA-2014-151330,20141014,TC-21295,TEC-AC-10000865,LOC00290,First Class,177.0,3,0.0,30.09
9635,CA-2014-151330,20141014,TC-21295,OFF-ST-10000615,LOC00290,First Class,79.45,7,0.0,22.246
9636,CA-2014-151330,20141014,TC-21295,FUR-CH-10000749,LOC00290,First Class,1628.82,9,0.0,260.6112
9637,CA-2014-124702,20141118,MH-17785,FUR-FU-10003553,LOC00060,Standard Class,137.54,2,0.0,55.016
9638,CA-2014-124702,20141118,MH-17785,FUR-TA-10003008,LOC00060,Standard Class,730.2,4,0.0,94.926
9639,US-2017-125808,20171112,EP-13915,OFF-PA-10001846,LOC00004,Second Class,11.56,2,0.0,5.6644
9640,CA-2015-116638,20150128,JH-15985,FUR-TA-10000198,LOC00005,Second Class,4297.644,13,0.4,-1862.3124
9641,CA-2014-104563,20140307,CM-12715,OFF-AR-10000390,LOC00006,Standard Class,20.65,5,0.0,9.499
9642,CA-2014-104563,20140307,CM-12715,OFF-ST-10000934,LOC00006,Standard Class,204.9,5,0.0,0.0
9643,CA-2014-104563,20140307,CM-12715,FUR-CH-10002780,LOC00006,Standard Class,436.704,6,0.2,21.8352
9644,CA-2014-104563,20140307,CM-12715,FUR-CH-10004495,LOC00006,Standard Class,481.568,2,0.2,54.1764
9645,US-2017-107979,20170608,FO-14305,TEC-AC-10002006,LOC00277,Standard Class,89.544,7,0.2,12.3123
9646,US-2017-107979,20170608,FO-14305,OFF-ST-10002485,LOC00277,Standard Class,35.168,2,0.2,-8.3524
9647,US-2017-107979,20170608,FO-14305,OFF-BI-10000778,LOC00277,Standard Class,72.588,2,0.7,-48.392
9648,CA-2014-150518,20141119,MW-18220,OFF-ST-10000877,LOC00624,Standard Class,221.16,4,0.0,57.5016
9649,CA-2014-150518,20141119,MW-18220,TEC-PH-10002103,LOC00624,Standard Class,281.97,3,0.0,78.9516
9650,CA-2016-107104,20161126,MS-17365,FUR-BO-10002213,LOC00063,Standard Class,3406.664,8,0.15,160.3136
9651,CA-2016-107104,20161126,MS-17365,OFF-AR-10004269,LOC00063,Standard Class,37.17,9,0.0,10.4076
9652,CA-2016-107104,20161126,MS-17365,OFF-AP-10000055,LOC00063,Standard Class,64.96,2,0.0,19.488
9653,CA-2016-107104,20161126,MS-17365,FUR-FU-10002937,LOC00063,Standard Class,595.38,6,0.0,297.69
9654,CA-2017-161893,20170123,HP-14815,TEC-AC-10001874,LOC00116,Standard Class,95.984,2,0.2,11.998
9655,CA-2017-161893,20170123,HP-14815,OFF-BI-10004506,LOC00116,Standard Class,4.938,2,0.7,-3.6212
9656,CA-2014-156160,20140922,AS-10090,FUR-FU-10001876,LOC00046,Standard Class,97.44,3,0.0,35.0784
9657,CA-2014-156160,20140922,AS-10090,OFF-BI-10003355,LOC00046,Standard Class,3.984,1,0.2,1.3944
9658,CA-2014-156160,20140922,AS-10090,OFF-AR-10003876,LOC00046,Standard Class,13.04,4,0.0,5.7376
9659,CA-2014-156160,20140922,AS-10090,FUR-CH-10004983,LOC00046,Standard Class,579.528,4,0.1,83.7096
9660,CA-2014-100860,20140326,CS-12505,OFF-LA-10001982,LOC00283,Second Class,18.75,5,0.0,9.0
9661,CA-2016-160717,20160606,ME-17320,TEC-PH-10001459,LOC00538,Standard Class,3023.928,9,0.2,226.7946
9662,CA-2016-160717,20160606,ME-17320,TEC-AC-10002134,LOC00538,Standard Class,26.96,2,0.0,3.7744
9663,CA-2016-160717,20160606,ME-17320,TEC-PH-10001760,LOC00538,Standard Class,477.6,3,0.2,161.19
9664,CA-2017-132619,20170831,MS-17770,OFF-ST-10001511,LOC00010,Standard Class,193.95,3,0.0,9.6975
9665,US-2015-120957,20151207,KH-16690,OFF-PA-10003953,LOC00216,Same Day,12.96,2,0.0,6.2208
9666,CA-2017-157448,20171116,LC-16885,FUR-FU-10003268,LOC00014,Standard Class,119.94,3,0.0,23.988
9667,CA-2017-157448,20171116,LC-16885,FUR-FU-10001847,LOC00014,Standard Class,12.42,3,0.0,4.4712
9668,CA-2016-126270,20160423,AF-10870,OFF-BI-10002764,LOC00625,Standard Class,18.088,7,0.2,6.5569
9669,CA-2016-126270,20160423,AF-10870,OFF-EN-10004386,LOC00625,Standard Class,71.97,3,0.0,35.985
9670,CA-2017-145275,20170402,AH-10465,OFF-LA-10001569,LOC00034,Standard Class,14.94,3,0.0,6.8724
9671,CA-2015-133396,20150813,GK-14620,OFF-AR-10001446,LOC00308,First Class,64.68,7,0.2,8.085
9672,US-2017-140312,20171113,KL-16645,TEC-PH-10003442,LOC00626,Standard Class,22.0,5,0.2,1.375
9673,CA-2016-114867,20161223,FM-14290,OFF-PA-10000477,LOC00106,Standard Class,7.968,2,0.2,2.6892
9674,CA-2016-114867,20161223,FM-14290,TEC-PH-10002645,LOC00106,Standard Class,1499.97,5,0.4,-374.9925
9675,US-2014-164644,20140722,JL-15850,OFF-ST-10003123,LOC00015,Second Class,26.632,1,0.2,1.3316
9676,CA-2016-137393,20160506,GM-14500,FUR-FU-10001617,LOC00411,Standard Class,41.6,4,0.0,14.144
9677,US-2014-120175,20141128,MC-17635,OFF-EN-10003862,LOC00239,Standard Class,64.02,6,0.0,29.4492
9678,CA-2016-144785,20160418,CS-12490,OFF-AR-10001573,LOC00030,Standard Class,6.99,3,0.0,2.0271
9679,CA-2016-144785,20160418,CS-12490,OFF-SU-10004290,LOC00030,Standard Class,6.84,1,0.0,1.8468
9680,CA-2015-130113,20151227,AH-10030,OFF-ST-10000046,LOC00035,Standard Class,323.1,2,0.0,61.389
9681,CA-2015-130113,20151227,AH-10030,TEC-PH-10003505,LOC00035,Standard Class,668.16,9,0.2,75.168
9682,CA-2017-122770,20171213,EP-13915,OFF-LA-10004559,LOC00035,Standard Class,8.64,3,0.0,4.2336
9683,CA-2017-122770,20171213,EP-13915,OFF-PA-10003172,LOC00035,Standard Class,38.88,6,0.0,18.6624
9684,CA-2017-122770,20171213,EP-13915,FUR-FU-10001473,LOC00035,Standard Class,201.04,8,0.0,54.2808
9685,CA-2017-122770,20171213,EP-13915,OFF-PA-10000232,LOC00035,Standard Class,12.96,2,0.0,6.3504
9686,CA-2017-118668,20170102,FW-14395,TEC-AC-10000682,LOC00004,Second Class,16.59,1,0.0,5.8065
9687,CA-2017-116498,20170530,KA-16525,OFF-AR-10003405,LOC00089,Standard Class,35.1,6,0.0,10.179
9688,US-2017-130603,20170930,SC-20050,OFF-BI-10000301,LOC00175,Standard Class,11.646,9,0.8,-17.469
9689,US-2017-135986,20170620,PG-18895,OFF-PA-10001534,LOC00196,Standard Class,32.4,5,0.0,15.552
9690,US-2017-135986,20170620,PG-18895,TEC-PH-10003691,LOC00196,Standard Class,503.96,4,0.0,125.99
9691,CA-2017-140536,20170404,TA-21385,OFF-AR-10001545,LOC00046,First Class,7.04,4,0.0,2.0416
9692,CA-2015-130183,20151113,PO-18850,FUR-BO-10001811,LOC00017,Standard Class,613.9992,3,0.32,-18.0588
9693,CA-2015-107902,20150828,SM-20950,OFF-ST-10001837,LOC00070,Standard Class,470.36,11,0.0,122.2936
9694,CA-2017-130148,20170924,NK-18490,OFF-PA-10000551,LOC00095,Second Class,31.08,6,0.0,15.2292
9695,CA-2017-130148,20170924,NK-18490,OFF-SU-10001574,LOC00095,Second Class,7.3,2,0.0,2.19
9696,US-2016-151260,20161211,SC-20695,OFF-AP-10002892,LOC00158,First Class,73.536,4,0.2,9.192
9697,CA-2014-144281,20140610,HK-14890,OFF-LA-10003930,LOC00152,Second Class,491.55,5,0.0,240.8595
9698,CA-2016-122511,20160311,BT-11485,FUR-FU-10001037,LOC00012,Same Day,30.336,4,0.2,9.48
9699,CA-2017-154116,20171215,KM-16660,OFF-PA-10004569,LOC00096,Standard Class,22.83,3,0.0,10.7301
9700,CA-2017-154116,20171215,KM-16660,OFF-AP-10000027,LOC00096,Standard Class,54.32,4,0.0,16.296
9701,CA-2017-154116,20171215,KM-16660,TEC-PH-10000675,LOC00096,Standard Class,196.776,3,0.2,14.7582
9702,CA-2016-105291,20161030,SP-20920,OFF-FA-10003059,LOC00627,Standard Class,3.62,2,0.0,1.1946
9703,CA-2017-147032,20170731,LB-16795,OFF-PA-10003256,LOC00050,Standard Class,11.54,1,0.0,5.5392
9704,CA-2017-147032,20170731,LB-16795,OFF-BI-10003656,LOC00050,Standard Class,849.95,5,0.0,390.977
9705,CA-2017-147032,20170731,LB-16795,OFF-BI-10002897,LOC00050,Standard Class,11.01,3,0.0,5.3949
9706,CA-2017-125990,20171019,JS-16030,OFF-BI-10004826,LOC00035,Standard Class,39.624,3,0.2,13.8684
9707,CA-2016-161746,20161021,CS-11950,FUR-CH-10004626,LOC00063,Standard Class,242.136,3,0.2,12.1068
9708,CA-2016-161746,20161021,CS-11950,OFF-AR-10000390,LOC00063,Standard Class,12.39,3,0.0,5.6994
9709,CA-2016-161746,20161021,CS-11950,FUR-FU-10003731,LOC00063,Standard Class,19.96,2,0.0,5.5888
9710,CA-2016-161746,20161021,CS-11950,OFF-ST-10002743,LOC00063,Standard Class,340.92,3,0.0,3.4092
9711,CA-2014-114251,20141105,MD-17350,FUR-FU-10001468,LOC00106,Standard Class,273.568,2,0.2,-34.196
9712,CA-2014-114251,20141105,MD-17350,OFF-BI-10003684,LOC00106,Standard Class,13.194,2,0.7,-8.796
9713,CA-2014-114251,20141105,MD-17350,OFF-ST-10003716,LOC00106,Standard Class,1080.096,6,0.2,-94.5084
9714,CA-2014-114251,20141105,MD-17350,TEC-AC-10001101,LOC00106,Standard Class,51.56,5,0.2,-6.445
9715,CA-2014-114251,20141105,MD-17350,TEC-AC-10004864,LOC00106,Standard Class,58.416,2,0.2,16.7946
9716,CA-2016-116379,20161107,LD-17005,OFF-BI-10001543,LOC00035,Standard Class,57.584,2,0.2,20.1544
9717,US-2016-144477,20160812,DB-13270,OFF-AR-10000914,LOC00064,Second Class,37.312,4,0.2,2.7984
9718,CA-2016-108210,20160530,AT-10735,TEC-PH-10002293,LOC00017,Same Day,79.96,5,0.2,7.996
9719,CA-2016-108210,20160530,AT-10735,TEC-AC-10000109,LOC00017,Same Day,223.96,5,0.2,11.198
9720,CA-2017-166835,20171112,DK-13375,OFF-ST-10002574,LOC00208,Second Class,221.024,2,0.2,-55.256
9721,CA-2016-119641,20160922,CS-12250,FUR-FU-10002445,LOC00157,Standard Class,18.96,2,0.0,7.584
9722,CA-2016-105781,20160216,JF-15565,FUR-CH-10001802,LOC00024,Standard Class,326.646,3,0.1,39.9234
9723,CA-2016-105781,20160216,JF-15565,TEC-AC-10003628,LOC00024,Standard Class,89.97,3,0.0,39.5868
9724,CA-2014-101364,20141222,TW-21025,OFF-BI-10003984,LOC00165,Standard Class,296.712,13,0.2,100.1403
9725,CA-2015-117898,20151205,TB-21250,OFF-EN-10004459,LOC00051,Standard Class,12.224,2,0.2,4.4312
9726,CA-2017-142293,20170917,SC-20380,TEC-AC-10001109,LOC00481,First Class,89.97,3,0.0,37.7874
9727,CA-2017-167395,20171202,KM-16720,OFF-AP-10001293,LOC00112,First Class,286.86,7,0.0,80.3208
9728,CA-2017-167395,20171202,KM-16720,TEC-PH-10004977,LOC00112,First Class,979.95,5,0.0,284.1855
9729,CA-2017-167395,20171202,KM-16720,OFF-SU-10001935,LOC00112,First Class,4.36,2,0.0,0.1744
9730,CA-2014-111962,20140929,EB-14170,OFF-BI-10001308,LOC00061,Standard Class,10.048,2,0.2,3.14
9731,CA-2014-111962,20140929,EB-14170,OFF-ST-10000046,LOC00061,Standard Class,807.75,5,0.0,153.4725
9732,CA-2017-124261,20171114,JE-15715,OFF-AR-10003504,LOC00014,Standard Class,34.24,8,0.0,9.9296
9733,CA-2014-114321,20140820,NC-18535,FUR-CH-10001797,LOC00498,Standard Class,500.24,13,0.0,145.0696
9734,CA-2014-114321,20140820,NC-18535,OFF-PA-10000246,LOC00498,Standard Class,20.12,2,0.0,9.2552
9735,CA-2014-114321,20140820,NC-18535,OFF-BI-10001359,LOC00498,Standard Class,896.99,1,0.0,421.5853
9736,CA-2014-128062,20141119,AD-10180,OFF-PA-10001583,LOC00064,Second Class,5.88,1,0.2,1.9845
9737,US-2015-100069,20150629,NF-18475,TEC-PH-10004667,LOC00199,Standard Class,269.98,2,0.0,72.8946
9738,CA-2017-129294,20170316,KD-16615,OFF-ST-10002615,LOC00004,Standard Class,310.12,2,0.0,80.6312
9739,CA-2017-129294,20170316,KD-16615,OFF-BI-10004236,LOC00004,Standard Class,70.464,6,0.2,22.9008
9740,CA-2017-129294,20170316,KD-16615,OFF-BI-10001757,LOC00004,Standard Class,19.68,5,0.2,6.888
9741,CA-2017-129294,20170316,KD-16615,OFF-AP-10001154,LOC00004,Standard Class,140.67,3,0.0,54.8613
9742,CA-2015-117086,20151108,QJ-19255,FUR-BO-10004834,LOC00371,Standard Class,4404.9,5,0.0,1013.127
9743,CA-2017-131303,20171128,EP-13915,OFF-LA-10001074,LOC00089,Standard Class,62.65,5,0.0,29.4455
9744,CA-2016-137127,20160616,JJ-15445,OFF-LA-10001641,LOC00286,Standard Class,9.45,3,0.0,4.536
9745,CA-2017-141782,20170121,BE-11410,OFF-EN-10002230,LOC00174,Standard Class,268.576,4,0.2,90.6444
9746,CA-2017-137505,20171124,BP-11290,FUR-TA-10000617,LOC00142,Same Day,364.08,2,0.2,9.102
9747,CA-2017-137505,20171124,BP-11290,FUR-TA-10001676,LOC00142,Same Day,71.088,2,0.2,-1.7772
9748,US-2014-140914,20141111,BH-11710,FUR-FU-10000175,LOC00156,Standard Class,10.984,2,0.6,-7.9634
9749,US-2014-140914,20141111,BH-11710,FUR-CH-10003379,LOC00156,Standard Class,797.944,4,0.3,-56.996
9750,CA-2016-158358,20160304,EM-13810,TEC-AC-10002567,LOC00356,Standard Class,159.98,2,0.0,57.5928
9751,CA-2016-113390,20161011,EP-13915,OFF-AR-10003183,LOC00027,Standard Class,5.344,2,0.2,0.668
9752,CA-2016-113390,20161011,EP-13915,OFF-AR-10001446,LOC00027,Standard Class,27.72,3,0.2,3.465
9753,US-2016-158680,20160701,NZ-18565,OFF-BI-10000145,LOC00061,First Class,2.496,1,0.2,0.9048
9754,CA-2017-113705,20170327,LC-16870,OFF-LA-10000476,LOC00196,Second Class,8.26,2,0.0,3.7996
9755,CA-2017-113705,20170327,LC-16870,OFF-BI-10001679,LOC00196,Second Class,17.76,2,0.0,8.88
9756,CA-2017-113705,20170327,LC-16870,OFF-ST-10001128,LOC00196,Second Class,332.94,3,0.0,9.9882
9757,CA-2017-113705,20170327,LC-16870,FUR-TA-10002533,LOC00196,Second Class,292.1,2,0.0,58.42
9758,CA-2017-113705,20170327,LC-16870,TEC-PH-10004006,LOC00196,Second Class,206.1,5,0.0,55.647
9759,CA-2017-113705,20170327,LC-16870,OFF-PA-10002615,LOC00196,Second Class,17.64,4,0.0,8.1144
9760,CA-2016-146913,20161031,SF-20965,FUR-CH-10001854,LOC00010,Standard Class,1403.92,5,0.2,70.196
9761,CA-2017-159135,20171104,KM-16375,OFF-AR-10000657,LOC00628,Standard Class,4.3,2,0.0,1.419
9762,CA-2014-121762,20140214,ML-17395,TEC-AC-10000736,LOC00006,Standard Class,239.97,3,0.0,86.3892
9763,CA-2014-121762,20140214,ML-17395,OFF-AP-10001293,LOC00006,Standard Class,81.96,2,0.0,22.9488
9764,CA-2014-121762,20140214,ML-17395,OFF-SU-10000157,LOC00006,Standard Class,238.62,2,0.0,4.7724
9765,CA-2014-123855,20140618,MC-18100,TEC-PH-10000215,LOC00002,Standard Class,139.8,5,0.2,12.2325
9766,CA-2017-101959,20170228,DB-13660,OFF-BI-10001757,LOC00265,Standard Class,9.84,2,0.0,4.7232
9767,CA-2017-101959,20170228,DB-13660,OFF-PA-10002137,LOC00265,Standard Class,7.78,1,0.0,3.501
9768,CA-2017-102659,20171209,LW-17215,OFF-BI-10000088,LOC00438,Standard Class,54.9,5,0.0,26.901
9769,CA-2017-142328,20171207,TC-21535,OFF-PA-10000380,LOC00035,Standard Class,50.04,6,0.0,25.02
9770,CA-2016-123533,20161124,SC-20050,FUR-BO-10001619,LOC00187,Standard Class,339.92,5,0.2,8.498
9771,CA-2016-123533,20161124,SC-20050,OFF-PA-10001609,LOC00187,Standard Class,10.528,4,0.2,3.4216
9772,CA-2016-123533,20161124,SC-20050,OFF-AP-10002765,LOC00187,Standard Class,42.384,2,0.2,4.2384
9773,CA-2016-104983,20160703,FM-14215,OFF-PA-10000167,LOC00106,Same Day,123.92,5,0.2,38.725
9774,CA-2016-160234,20160626,PF-19225,TEC-PH-10004434,LOC00149,Standard Class,135.95,1,0.0,39.4255
9775,CA-2014-169019,20140726,LF-17185,OFF-BI-10004995,LOC00066,Standard Class,2177.584,8,0.8,-3701.8928
9776,CA-2014-169019,20140726,LF-17185,FUR-FU-10004666,LOC00066,Standard Class,17.496,3,0.6,-10.0602
9777,CA-2014-169019,20140726,LF-17185,OFF-BI-10001524,LOC00066,Standard Class,16.784,4,0.8,-26.8544
9778,CA-2014-169019,20140726,LF-17185,TEC-AC-10002076,LOC00066,Standard Class,431.136,9,0.2,-26.946
9779,CA-2014-169019,20140726,LF-17185,OFF-BI-10001679,LOC00066,Standard Class,8.88,5,0.8,-13.32
9780,CA-2014-169019,20140726,LF-17185,OFF-AP-10003281,LOC00066,Standard Class,4.836,2,0.8,-12.09
9781,CA-2016-153178,20160914,CL-12565,TEC-PH-10001944,LOC00256,Standard Class,437.85,3,0.0,131.355
9782,CA-2016-153178,20160914,CL-12565,OFF-BI-10004390,LOC00256,Standard Class,673.568,2,0.2,252.588
9783,CA-2015-149748,20150531,EM-13825,OFF-PA-10002120,LOC00336,Second Class,274.8,5,0.0,134.652
9784,CA-2015-149748,20150531,EM-13825,OFF-ST-10004340,LOC00336,Second Class,62.18,1,0.0,16.7886
9785,CA-2015-149748,20150531,EM-13825,FUR-FU-10001847,LOC00336,Second Class,8.28,2,0.0,2.9808
9786,CA-2015-155635,20150509,ME-17725,OFF-BI-10000962,LOC00176,Standard Class,48.81,3,0.0,23.9169
9787,US-2014-114377,20141105,BG-11035,FUR-CH-10004754,LOC00498,Same Day,149.9,5,0.0,40.473
9788,CA-2017-144491,20170327,CJ-12010,FUR-BO-10001811,LOC00033,Standard Class,1023.332,5,0.32,-30.098
9789,CA-2017-144491,20170327,CJ-12010,FUR-CH-10004063,LOC00033,Standard Class,600.558,3,0.3,-8.5794
9790,CA-2017-144491,20170327,CJ-12010,TEC-AC-10004901,LOC00033,Standard Class,39.992,1,0.2,6.9986
9791,CA-2017-144491,20170327,CJ-12010,FUR-CH-10001714,LOC00033,Standard Class,211.246,2,0.3,-66.3916
9792,CA-2014-127166,20140521,KH-16360,OFF-EN-10003134,LOC00033,Second Class,56.064,6,0.2,21.024
9793,CA-2014-127166,20140521,KH-16360,FUR-CH-10003396,LOC00033,Second Class,107.772,2,0.3,-29.2524
9794,CA-2014-127166,20140521,KH-16360,OFF-PA-10001560,LOC00033,Second Class,4.832,1,0.2,1.6308
9795,CA-2014-127166,20140521,KH-16360,OFF-BI-10000977,LOC00033,Second Class,18.24,3,0.8,-31.008
9796,CA-2016-125920,20160521,SH-19975,OFF-BI-10003429,LOC00027,Standard Class,3.798,3,0.8,-5.8869
9797,CA-2015-128608,20150112,CS-12490,OFF-AR-10001374,LOC00214,Standard Class,10.368,2,0.2,1.5552
9798,CA-2015-128608,20150112,CS-12490,TEC-PH-10004977,LOC00214,Standard Class,235.188,2,0.4,-43.1178
9799,CA-2015-128608,20150112,CS-12490,TEC-PH-10000912,LOC00214,Standard Class,26.376,4,0.4,2.6376
9800,CA-2015-128608,20150112,CS-12490,TEC-AC-10000487,LOC00214,Standard Class,10.384,2,0.2,2.2066
9801,CA-2015-128608,20150112,CS-12490,TEC-PH-10002262,LOC00214,Standard Class,107.118,3,0.4,-21.4236
9802,CA-2017-137918,20170929,JK-15730,OFF-SU-10000898,LOC00629,Standard Class,97.3,7,0.0,28.217
9803,CA-2015-122973,20150718,PJ-19015,OFF-BI-10004182,LOC00024,Second Class,3.328,2,0.2,1.2064
9804,CA-2015-122973,20150718,PJ-19015,TEC-PH-10002468,LOC00024,Second Class,135.99,1,0.0,36.7173
9805,CA-2015-122973,20150718,PJ-19015,FUR-FU-10002364,LOC00024,Second Class,7.38,1,0.0,2.1402
9806,CA-2016-136322,20161021,AP-10720,FUR-FU-10002878,LOC00003,Standard Class,45.568,2,0.2,9.6832
9807,CA-2016-136322,20161021,AP-10720,OFF-BI-10004817,LOC00003,Standard Class,28.752,8,0.7,-21.0848
9808,CA-2017-107209,20170727,JW-15955,FUR-CH-10001146,LOC00315,Second Class,194.848,4,0.2,12.178
9809,CA-2017-145093,20170721,PT-19090,OFF-BI-10001116,LOC00037,Standard Class,2.112,2,0.8,-3.3792
9810,US-2014-139640,20141107,TB-21595,OFF-PA-10000304,LOC00041,Second Class,25.92,5,0.2,9.072
9811,US-2014-139640,20141107,TB-21595,OFF-AR-10002240,LOC00041,Second Class,120.768,4,0.2,9.0576
9812,CA-2016-117583,20161127,CB-12025,OFF-PA-10001246,LOC00621,First Class,25.92,4,0.0,12.4416
9813,CA-2016-117583,20161127,CB-12025,OFF-AR-10000658,LOC00621,First Class,34.65,3,0.0,9.702
9814,CA-2016-117583,20161127,CB-12025,OFF-PA-10000100,LOC00621,First Class,204.95,5,0.0,100.4255
9815,CA-2016-117583,20161127,CB-12025,OFF-BI-10004233,LOC00621,First Class,79.95,5,0.0,38.376
9816,CA-2015-162201,20150608,AG-10495,OFF-PA-10002581,LOC00105,Standard Class,173.488,7,0.2,54.215
9817,CA-2015-162201,20150608,AG-10495,OFF-ST-10000046,LOC00105,Standard Class,516.96,4,0.2,-6.462
9818,CA-2015-162201,20150608,AG-10495,FUR-FU-10001185,LOC00105,Standard Class,173.208,7,0.2,45.4671
9819,CA-2015-162201,20150608,AG-10495,OFF-AR-10003856,LOC00105,Standard Class,4.448,2,0.2,0.3336
9820,CA-2015-162201,20150608,AG-10495,OFF-LA-10001982,LOC00105,Standard Class,9.0,3,0.2,3.15
9821,CA-2015-162201,20150608,AG-10495,OFF-PA-10001215,LOC00105,Standard Class,42.24,10,0.2,13.2
9822,CA-2015-162201,20150608,AG-10495,OFF-BI-10002429,LOC00105,Standard Class,18.264,2,0.7,-13.3936
9823,US-2014-164406,20140815,BD-11605,OFF-AP-10003287,LOC00035,Standard Class,152.91,3,0.0,42.8148
9824,US-2014-164406,20140815,BD-11605,OFF-PA-10000167,LOC00035,Standard Class,92.94,3,0.0,41.823
9825,US-2014-164406,20140815,BD-11605,OFF-BI-10002309,LOC00035,Standard Class,17.856,4,0.2,6.2496
9826,US-2014-164406,20140815,BD-11605,OFF-BI-10003638,LOC00035,Standard Class,46.44,3,0.2,15.093
9827,US-2014-164406,20140815,BD-11605,FUR-CH-10003833,LOC00035,Standard Class,195.136,4,0.2,-12.196
9828,CA-2017-169999,20170619,JS-15685,OFF-ST-10001511,LOC00046,Standard Class,129.3,2,0.0,6.465
9829,CA-2017-169999,20170619,JS-15685,OFF-BI-10004728,LOC00046,Standard Class,11.568,3,0.2,3.7596
9830,US-2017-152842,20170716,NF-18385,FUR-CH-10004218,LOC00044,Standard Class,242.352,3,0.2,15.147
9831,CA-2014-113257,20141216,SC-20305,TEC-AC-10004171,LOC00582,Second Class,319.968,4,0.2,95.9904
9832,CA-2014-113257,20141216,SC-20305,FUR-FU-10001706,LOC00582,Second Class,8.624,7,0.6,-2.5872
9833,CA-2014-133963,20140518,GA-14515,OFF-PA-10001526,LOC00078,Second Class,3.984,1,0.2,1.4442
9834,CA-2017-130302,20170914,CY-12745,TEC-AC-10002001,LOC00158,Standard Class,895.944,7,0.2,190.3881
9835,CA-2016-126627,20161010,WB-21850,FUR-FU-10004963,LOC00630,First Class,14.0,4,0.6,-6.3
9836,CA-2016-126627,20161010,WB-21850,OFF-BI-10001597,LOC00630,First Class,16.392,2,0.8,-26.2272
9837,US-2016-125402,20160925,DL-12865,OFF-PA-10000141,LOC00107,Standard Class,10.9,5,0.0,5.123
9838,US-2016-125402,20160925,DL-12865,OFF-LA-10003923,LOC00107,Standard Class,29.6,2,0.0,14.8
9839,US-2016-125402,20160925,DL-12865,OFF-LA-10001771,LOC00107,Standard Class,4.98,1,0.0,2.2908
9840,US-2016-125402,20160925,DL-12865,TEC-CO-10001943,LOC00107,Standard Class,479.976,3,0.2,161.9919
9841,US-2016-125402,20160925,DL-12865,TEC-PH-10003356,LOC00107,Standard Class,44.736,8,0.2,4.4736
9842,US-2016-125402,20160925,DL-12865,OFF-AR-10002255,LOC00107,Standard Class,5.76,2,0.0,1.6704
9843,US-2016-125402,20160925,DL-12865,FUR-CH-10000665,LOC00107,Standard Class,483.136,4,0.2,60.392
9844,CA-2014-163867,20140603,RE-19450,OFF-LA-10001771,LOC00068,First Class,15.936,4,0.2,5.1792
9845,CA-2014-163867,20140603,RE-19450,FUR-FU-10001475,LOC00068,First Class,61.544,7,0.6,-40.0036
9846,CA-2014-163867,20140603,RE-19450,OFF-ST-10000877,LOC00068,First Class,132.696,3,0.2,9.9522
9847,CA-2017-169327,20170902,MH-17290,OFF-AP-10001492,LOC00142,Second Class,43.1,5,0.0,11.206
9848,CA-2017-169327,20170902,MH-17290,FUR-FU-10004188,LOC00142,Second Class,511.5,5,0.0,132.99
9849,CA-2017-169327,20170902,MH-17290,OFF-BI-10004330,LOC00142,Second Class,147.92,5,0.2,46.225
9850,CA-2014-142979,20140412,EH-13765,OFF-AR-10002987,LOC00629,Standard Class,39.68,2,0.0,16.2688
9851,CA-2016-158155,20160502,EH-13765,FUR-FU-10000732,LOC00030,Standard Class,12.56,2,0.0,4.0192
9852,CA-2016-158155,20160502,EH-13765,OFF-BI-10001670,LOC00030,Standard Class,90.48,3,0.2,33.93
9853,CA-2016-158155,20160502,EH-13765,OFF-PA-10000533,LOC00030,Standard Class,13.08,2,0.0,6.0168
9854,CA-2016-158155,20160502,EH-13765,FUR-FU-10002253,LOC00030,Standard Class,214.7,5,0.0,83.733
9855,CA-2017-138870,20170619,GA-14515,FUR-FU-10002396,LOC00010,Standard Class,50.32,4,0.0,21.1344
9856,CA-2017-138870,20170619,GA-14515,OFF-PA-10004438,LOC00010,Standard Class,24.56,2,0.0,11.5432
9857,CA-2014-120950,20141106,GA-14515,OFF-PA-10000587,LOC00113,Standard Class,43.68,6,0.0,20.9664
9858,CA-2015-164301,20150326,EB-13840,FUR-TA-10001889,LOC00006,Standard Class,3393.68,8,0.0,610.8624
9859,CA-2017-113278,20170114,HR-14770,OFF-ST-10001590,LOC00239,Standard Class,67.4,5,0.0,17.524
9860,CA-2017-113278,20170114,HR-14770,OFF-FA-10003472,LOC00239,Standard Class,2.52,2,0.0,0.1008
9861,CA-2017-113278,20170114,HR-14770,TEC-PH-10000169,LOC00239,Standard Class,67.8,4,0.0,1.356
9862,CA-2017-113278,20170114,HR-14770,OFF-ST-10002562,LOC00239,Standard Class,18.76,2,0.0,5.2528
9863,CA-2017-113278,20170114,HR-14770,TEC-AC-10001445,LOC00239,Standard Class,12.12,4,0.0,2.5452
9864,CA-2017-113278,20170114,HR-14770,OFF-PA-10004156,LOC00239,Standard Class,11.34,1,0.0,5.5566
9865,CA-2017-113278,20170114,HR-14770,TEC-AC-10004469,LOC00239,Standard Class,159.8,4,0.0,70.312
9866,CA-2017-113278,20170114,HR-14770,FUR-FU-10001037,LOC00239,Standard Class,18.96,2,0.0,8.532
9867,US-2015-116981,20150326,SM-20950,OFF-ST-10002615,LOC00030,Second Class,1085.42,7,0.0,282.2092
9868,US-2015-116981,20150326,SM-20950,OFF-AP-10000595,LOC00030,Second Class,13.11,3,0.0,3.4086
9869,CA-2014-114195,20141101,EA-14035,FUR-FU-10002253,LOC00631,First Class,68.704,2,0.2,16.3172
9870,CA-2014-114195,20141101,EA-14035,OFF-BI-10000494,LOC00631,First Class,3.132,2,0.7,-2.61
9871,CA-2014-114195,20141101,EA-14035,OFF-BI-10001658,LOC00631,First Class,22.428,3,0.7,-17.9424
9872,CA-2017-146269,20171006,MH-17455,OFF-ST-10003208,LOC00037,Same Day,290.336,2,0.2,32.6628
9873,CA-2017-146269,20171006,MH-17455,OFF-AR-10004790,LOC00037,Same Day,19.152,2,0.2,1.197
9874,CA-2016-100587,20161210,SL-20155,OFF-PA-10004609,LOC00024,Standard Class,6.48,1,0.0,3.1104
9875,CA-2016-166653,20160922,NP-18685,OFF-EN-10003055,LOC00272,Second Class,63.968,2,0.2,19.99
9876,CA-2015-130855,20151229,RF-19840,OFF-SU-10003936,LOC00046,Standard Class,6.36,2,0.0,0.0636
9877,US-2017-166324,20170420,BE-11455,OFF-ST-10000078,LOC00178,First Class,848.544,4,0.2,-21.2136
9878,US-2017-166324,20170420,BE-11455,OFF-BI-10000174,LOC00178,First Class,8.7,5,0.7,-6.38
9879,US-2017-166324,20170420,BE-11455,TEC-PH-10004080,LOC00178,First Class,122.382,3,0.4,-24.4764
9880,CA-2016-122581,20160821,JK-15370,FUR-CH-10002961,LOC00046,Standard Class,573.174,7,0.1,63.686
9881,CA-2015-104297,20150529,CC-12100,OFF-PA-10000474,LOC00178,First Class,85.056,3,0.2,28.7064
9882,CA-2014-153927,20140812,LL-16840,OFF-BI-10000138,LOC00632,First Class,14.04,3,0.0,6.7392
9883,CA-2014-153927,20140812,LL-16840,TEC-AC-10000023,LOC00632,First Class,272.61,13,0.0,98.1396
9884,CA-2014-112291,20140403,KE-16420,OFF-EN-10001415,LOC00142,Standard Class,11.16,2,0.0,5.58
9885,CA-2014-112291,20140403,KE-16420,TEC-AC-10001284,LOC00142,Standard Class,62.31,3,0.0,22.4316
9886,CA-2014-112291,20140403,KE-16420,TEC-AC-10000736,LOC00142,Standard Class,159.98,2,0.0,57.5928
9887,CA-2014-146997,20140123,SG-20605,OFF-FA-10003467,LOC00378,Standard Class,5.94,3,0.0,0.0
9888,CA-2017-169607,20171012,CA-12265,OFF-PA-10000477,LOC00024,First Class,9.96,2,0.0,4.6812
9889,CA-2015-127544,20150808,RD-19585,TEC-AC-10000736,LOC00551,Standard Class,79.99,1,0.0,28.7964
9890,CA-2017-166499,20170319,VG-21805,OFF-AR-10002467,LOC00101,First Class,8.94,3,0.0,2.4138
9891,US-2016-115441,20160725,SH-19975,OFF-PA-10004996,LOC00202,Second Class,20.62,2,0.0,9.6914
9892,US-2016-115441,20160725,SH-19975,TEC-AC-10003116,LOC00202,Second Class,124.25,7,0.0,48.4575
9893,US-2016-115441,20160725,SH-19975,TEC-PH-10002262,LOC00202,Second Class,297.55,5,0.0,83.314
9894,US-2016-115441,20160725,SH-19975,FUR-CH-10004626,LOC00202,Second Class,403.56,4,0.0,96.8544
9895,US-2016-115441,20160725,SH-19975,FUR-FU-10001756,LOC00202,Second Class,95.2,5,0.0,27.608
9896,CA-2014-115049,20140926,MM-17920,TEC-AC-10004859,LOC00037,Standard Class,153.824,11,0.2,38.456
9897,CA-2014-156342,20140617,JF-15415,OFF-PA-10001725,LOC00156,Second Class,62.016,2,0.2,22.4808
9898,CA-2016-112830,20160606,LP-17095,FUR-FU-10004306,LOC00324,Standard Class,466.32,3,0.2,34.974
9899,CA-2016-112830,20160606,LP-17095,FUR-FU-10004845,LOC00324,Standard Class,82.64,2,0.2,0.0
9900,US-2014-117380,20140328,MP-18175,FUR-TA-10000198,LOC00158,Standard Class,330.588,1,0.4,-143.2548
9901,CA-2017-117646,20170821,SC-20845,OFF-ST-10000036,LOC00128,Standard Class,237.096,3,0.2,20.7459
9902,CA-2017-117646,20170821,SC-20845,FUR-FU-10001037,LOC00128,Standard Class,22.752,3,0.2,7.11
9903,CA-2017-117646,20170821,SC-20845,OFF-PA-10001950,LOC00128,Standard Class,6.672,1,0.2,2.085
9904,CA-2014-122609,20141112,DP-13000,FUR-FU-10004587,LOC00297,Standard Class,25.128,3,0.6,-6.9102
9905,CA-2014-122609,20141112,DP-13000,TEC-AC-10002567,LOC00297,Standard Class,127.984,2,0.2,25.5968
9906,US-2015-129007,20150913,KD-16615,FUR-FU-10004973,LOC00159,First Class,131.88,7,0.0,55.3896
9907,US-2015-129007,20150913,KD-16615,OFF-BI-10001628,LOC00159,First Class,25.032,3,0.2,7.8225
9908,US-2015-129007,20150913,KD-16615,FUR-CH-10000155,LOC00159,First Class,717.72,3,0.2,71.772
9909,US-2015-129007,20150913,KD-16615,FUR-FU-10002379,LOC00159,First Class,207.35,5,0.0,24.882
9910,US-2015-129007,20150913,KD-16615,FUR-FU-10004018,LOC00159,First Class,44.67,3,0.0,12.0609
9911,US-2015-129007,20150913,KD-16615,OFF-PA-10000994,LOC00159,First Class,209.7,2,0.0,100.656
9912,US-2014-157231,20140405,RP-19855,OFF-BI-10002852,LOC00127,Standard Class,115.36,7,0.0,56.5264
9913,CA-2015-132388,20151010,KN-16390,FUR-CH-10001714,LOC00538,First Class,362.136,3,0.2,-54.3204
9914,CA-2015-132388,20151010,KN-16390,OFF-LA-10000414,LOC00538,First Class,31.05,3,0.0,14.904
9915,CA-2017-160927,20170129,TM-21010,OFF-PA-10003848,LOC00606,Second Class,12.96,2,0.0,6.2208
9916,CA-2017-160927,20170129,TM-21010,OFF-PA-10000176,LOC00606,Second Class,94.85,5,0.0,45.528
9917,CA-2017-160927,20170129,TM-21010,OFF-ST-10001590,LOC00606,Second Class,13.48,1,0.0,3.5048
9918,CA-2017-160927,20170129,TM-21010,FUR-FU-10000010,LOC00606,Second Class,14.91,3,0.0,4.6221
9919,CA-2015-105508,20150924,JF-15190,OFF-EN-10003055,LOC00046,Standard Class,39.98,1,0.0,17.991
9920,CA-2016-149272,20160315,MY-18295,FUR-CH-10000863,LOC00617,Standard Class,528.43,5,0.3,-143.431
9921,CA-2016-149272,20160315,MY-18295,OFF-BI-10004233,LOC00617,Standard Class,22.386,7,0.8,-35.8176
9922,CA-2014-111360,20141124,AT-10435,OFF-BI-10003350,LOC00076,Standard Class,5.742,3,0.7,-4.5936
9923,US-2017-162124,20170506,JF-15490,TEC-AC-10001990,LOC00156,Standard Class,191.968,4,0.2,28.7952
9924,CA-2015-159534,20150320,DH-13075,OFF-BI-10003982,LOC00046,First Class,49.848,3,0.2,16.8237
9925,CA-2015-159534,20150320,DH-13075,OFF-EN-10004386,LOC00046,First Class,23.99,1,0.0,11.995
9926,CA-2015-159534,20150320,DH-13075,OFF-BI-10003656,LOC00046,First Class,1087.936,8,0.2,353.5792
9927,CA-2015-159534,20150320,DH-13075,TEC-PH-10002310,LOC00046,First Class,199.98,2,0.0,53.9946
9928,CA-2015-159534,20150320,DH-13075,OFF-ST-10001172,LOC00046,First Class,83.92,4,0.0,20.1408
9929,CA-2016-129630,20160904,IM-15055,FUR-FU-10000260,LOC00035,Same Day,24.27,3,0.0,8.7372
9930,CA-2016-129630,20160904,IM-15055,TEC-CO-10003763,LOC00035,Same Day,2799.96,5,0.2,944.9865
9931,CA-2015-104948,20151113,KH-16510,OFF-BI-10001267,LOC00343,Standard Class,9.872,2,0.2,3.4552
9932,CA-2015-104948,20151113,KH-16510,FUR-BO-10004357,LOC00343,Standard Class,683.332,4,0.15,-40.196
9933,CA-2015-104948,20151113,KH-16510,OFF-PA-10004610,LOC00343,Standard Class,29.96,7,0.0,13.482
9934,CA-2014-166555,20140711,JK-15205,TEC-PH-10004912,LOC00278,First Class,164.85,3,0.0,47.8065
9935,CA-2016-114405,20160407,AS-10240,OFF-AP-10003278,LOC00075,Standard Class,33.528,3,0.2,2.5146
9936,CA-2016-114405,20160407,AS-10240,OFF-ST-10001627,LOC00075,Standard Class,36.744,3,0.2,3.6744
9937,CA-2017-132955,20170624,SC-20575,OFF-BI-10002735,LOC00482,Standard Class,102.93,3,0.0,48.3771
9938,CA-2016-164889,20160603,CP-12340,FUR-TA-10001676,LOC00014,Second Class,71.088,2,0.2,-1.7772
9939,CA-2016-169824,20161212,NS-18640,FUR-FU-10004864,LOC00030,Standard Class,60.35,5,0.0,19.9155
9940,CA-2016-169824,20161212,NS-18640,OFF-SU-10000952,LOC00030,Standard Class,35.52,4,0.0,9.9456
9941,CA-2016-169824,20161212,NS-18640,OFF-AR-10000462,LOC00030,Standard Class,11.2,7,0.0,4.816
9942,CA-2017-164028,20171124,JL-15835,TEC-AC-10001772,LOC00035,Standard Class,223.58,14,0.0,87.1962
9943,CA-2014-143371,20141228,MD-17350,OFF-ST-10001128,LOC00159,Standard Class,998.82,9,0.0,29.9646
9944,CA-2014-143371,20141228,MD-17350,OFF-SU-10002537,LOC00159,Standard Class,51.15,5,0.0,13.299
9945,CA-2015-145415,20150412,RD-19660,OFF-ST-10000419,LOC00006,Second Class,40.74,3,0.0,0.4074
9946,CA-2014-111157,20140302,NH-18610,OFF-PA-10000327,LOC00075,Standard Class,3.424,1,0.2,1.07
9947,CA-2014-111157,20140302,NH-18610,TEC-AC-10004353,LOC00075,Standard Class,151.2,3,0.2,32.13
9948,CA-2017-121559,20170601,HW-14935,FUR-CH-10003746,LOC00305,Second Class,1925.88,6,0.0,539.2464
9949,CA-2017-121559,20170601,HW-14935,OFF-AP-10002945,LOC00305,Second Class,2405.2,8,0.0,793.716
9950,CA-2017-121559,20170601,HW-14935,TEC-AC-10004568,LOC00305,Second Class,83.97,3,0.0,15.9543
9951,CA-2017-121559,20170601,HW-14935,TEC-AC-10001714,LOC00305,Second Class,39.89,1,0.0,14.7593
9952,CA-2017-121559,20170601,HW-14935,OFF-BI-10002072,LOC00305,Second Class,17.38,2,0.0,8.69
9953,CA-2015-141593,20151214,DB-12970,OFF-BI-10001153,LOC00063,Second Class,55.264,2,0.2,20.724
9954,CA-2015-141593,20151214,DB-12970,OFF-PA-10004983,LOC00063,Second Class,6.48,1,0.0,3.1104
9955,CA-2015-141593,20151214,DB-12970,OFF-BI-10000948,LOC00063,Second Class,34.248,3,0.2,11.5587
9956,CA-2015-141593,20151214,DB-12970,FUR-TA-10002622,LOC00063,Second Class,273.568,2,0.2,10.2588
9957,US-2014-143287,20141111,KN-16705,OFF-PA-10001776,LOC00132,Standard Class,46.35,5,0.0,21.7845
9958,US-2014-143287,20141111,KN-16705,OFF-PA-10004039,LOC00132,Standard Class,223.92,4,0.0,109.7208
9959,US-2014-143287,20141111,KN-16705,OFF-SU-10001574,LOC00132,Standard Class,7.3,2,0.0,2.19
9960,CA-2017-137421,20171006,AJ-10945,OFF-AR-10001761,LOC00524,Standard Class,9.344,2,0.2,1.8688
9961,CA-2017-141446,20170916,CL-12700,TEC-AC-10002305,LOC00203,Second Class,18.0,1,0.0,3.24
9962,CA-2015-168088,20150319,CM-12655,OFF-PA-10000675,LOC00017,First Class,65.584,2,0.2,23.7742
9963,CA-2015-168088,20150319,CM-12655,FUR-BO-10004218,LOC00017,First Class,383.4656,4,0.32,-67.6704
9964,CA-2015-143700,20150726,AS-10240,OFF-PA-10003072,LOC00012,Same Day,10.368,2,0.2,3.6288
9965,CA-2016-146374,20161205,HE-14800,FUR-FU-10002671,LOC00286,Second Class,13.4,1,0.0,6.432
9966,CA-2016-146374,20161205,HE-14800,OFF-PA-10000349,LOC00286,Second Class,4.98,1,0.0,2.3406
9967,CA-2016-146374,20161205,HE-14800,OFF-EN-10004483,LOC00286,Second Class,109.69,7,0.0,51.5543
9968,CA-2017-153871,20171211,RB-19435,OFF-BI-10004209,LOC00171,Standard Class,40.2,5,0.0,18.09
9969,CA-2017-153871,20171211,RB-19435,OFF-BI-10004600,LOC00171,Standard Class,735.98,2,0.0,331.191
9970,CA-2017-153871,20171211,RB-19435,OFF-AP-10003622,LOC00171,Standard Class,22.75,7,0.0,6.5975
9971,CA-2015-103772,20150628,MP-17470,OFF-BI-10002867,LOC00270,Standard Class,119.56,2,0.0,54.9976
9972,CA-2015-103772,20150628,MP-17470,OFF-AR-10000538,LOC00270,Standard Class,140.75,5,0.0,42.225
9973,CA-2016-130225,20160911,RC-19960,OFF-EN-10000056,LOC00017,Standard Class,99.568,2,0.2,33.6042
9974,US-2016-103674,20161206,AP-10720,TEC-PH-10004080,LOC00004,Standard Class,271.96,5,0.2,27.196
9975,US-2016-103674,20161206,AP-10720,OFF-AR-10004752,LOC00004,Standard Class,18.69,7,0.0,5.2332
9976,US-2016-103674,20161206,AP-10720,OFF-PA-10000743,LOC00004,Standard Class,13.36,2,0.0,6.4128
9977,US-2016-103674,20161206,AP-10720,TEC-PH-10002496,LOC00004,Standard Class,249.584,2,0.2,31.198
9978,US-2016-103674,20161206,AP-10720,OFF-FA-10003467,LOC00004,Standard Class,13.86,7,0.0,0.0
9979,US-2016-103674,20161206,AP-10720,OFF-BI-10003727,LOC00004,Standard Class,13.376,4,0.2,4.6816
9980,US-2016-103674,20161206,AP-10720,OFF-BI-10002026,LOC00004,Standard Class,437.472,14,0.2,153.1152
9981,US-2015-151435,20150906,SW-20455,FUR-TA-10001039,LOC00300,Second Class,85.98,1,0.0,22.3548
9982,CA-2017-163566,20170803,TB-21055,OFF-LA-10004484,LOC00324,First Class,16.52,5,0.2,5.369
9983,US-2016-157728,20160922,RC-19960,OFF-PA-10002195,LOC00438,Standard Class,35.56,7,0.0,16.7132
9984,US-2016-157728,20160922,RC-19960,TEC-PH-10001305,LOC00438,Standard Class,97.98,2,0.0,27.4344
9985,CA-2015-100251,20150517,DV-13465,OFF-LA-10003766,LOC00256,Standard Class,31.5,10,0.0,15.12
9986,CA-2015-100251,20150517,DV-13465,OFF-SU-10000898,LOC00256,Standard Class,55.6,4,0.0,16.124
9987,CA-2016-125794,20160929,ML-17410,TEC-AC-10003399,LOC00142,Standard Class,36.24,1,0.0,15.2208
9988,CA-2017-163629,20171117,RA-19885,TEC-AC-10001539,LOC00507,Standard Class,79.99,1,0.0,28.7964
9989,CA-2017-163629,20171117,RA-19885,TEC-PH-10004006,LOC00507,Standard Class,206.1,5,0.0,55.647
9990,CA-2014-110422,20140121,TB-21400,FUR-FU-10001889,LOC00124,Second Class,25.248,3,0.2,4.1028
9991,CA-2017-121258,20170226,DB-13060,FUR-FU-10000747,LOC00147,Standard Class,91.96,2,0.0,15.6332
9992,CA-2017-121258,20170226,DB-13060,TEC-PH-10003645,LOC00147,Standard Class,258.576,2,0.2,19.3932
9993,CA-2017-121258,20170226,DB-13060,OFF-PA-10004041,LOC00147,Standard Class,29.6,4,0.0,13.32
9994,CA-2017-119914,20170504,CC-12220,OFF-AP-10002684,LOC00280,Second Class,243.16,2,0.0,72.948
